sample-id,station_norm,depth,year,month,ds2,match_method,n_candidate_casts,cruise,cast_datetime,ctd_temperature,ctd_salinity,ctd_oxygen,ctd_fluorescence,dcm_pressure_db,delta_depth_from_dcm_m,ctd_interp_ok,season,station,season_norm,chem_match,chem_depth_diff_m,chem_no3_no2_umol_kg,chem_po4_umol_kg,chem_silicate_umol_kg,chem_chlorophyll_ug_L,chem_oxygen_winkler_umol_kg,chem_pH_total_25C,chem_alkalinity_umol_kg
aP1,H15,1,2019,march,A_surface,year_month_station,1,HaiSec_41,2019-03-26 10:24:00,17.8854,38.7353,231.735,0.44994,,,True,A_Winter,A_H15,a_winter,False,,,,,,,,
aP10,H02,70,2019,march,B_nearsurface,year_month_station,1,HaiSec_41,2019-03-26 12:30:00,16.9164,38.8838,219.064,0.21154,62.0,8.0,True,A_Winter,D_H02,a_winter,False,,,,,,,,
aP11,H02,130,2019,march,C_DCM,year_month_station,1,HaiSec_41,2019-03-26 12:30:00,17.2614,39.2344,214.612,0.14541,62.0,68.0,True,A_Winter,D_H02,a_winter,False,,,,,,,,
aP12,H02,180,2019,march,D_below_DCM,year_month_station,1,HaiSec_41,2019-03-26 12:30:00,17.2687,39.2391,213.87801,0.15496,62.0,118.0,True,A_Winter,D_H02,a_winter,False,,,,,,,,
aP13,H02,357,2019,march,F_300-600,year_month_station,1,HaiSec_41,2019-03-26 12:30:00,15.1226,39.0075,178.08299,0.08243,62.0,295.0,True,A_Winter,D_H02,a_winter,False,,,,,,,,
aP15,H06,70,2019,march,B_nearsurface,year_month_station,1,HaiSec_41,2019-03-27 04:09:00,16.9519,39.2641,211.3,0.3349,54.0,16.0,True,A_Winter,H_H06,a_winter,False,,,,,,,,
aP16,H06,110,2019,march,C_DCM,year_month_station,1,HaiSec_41,2019-03-27 04:09:00,16.4879,39.1974,200.737,0.11191,54.0,56.0,True,A_Winter,H_H06,a_winter,False,,,,,,,,
aP17,H06,240,2019,march,D_below_DCM,year_month_station,1,HaiSec_41,2019-03-27 04:09:00,15.2008,39.0332,181.414,0.07985,54.0,186.0,True,A_Winter,H_H06,a_winter,False,,,,,,,,
aP18,H06,500,2019,march,F_300-600,year_month_station,1,HaiSec_41,2019-03-27 04:09:00,13.9911,38.825,164.95,0.08016,54.0,446.0,True,A_Winter,H_H06,a_winter,False,,,,,,,,
aP19,H06,1743,2019,march,H_near_bottom,year_month_station,1,HaiSec_41,2019-03-27 04:09:00,13.8658,38.7714,174.561,0.0802,54.0,1689.0,True,A_Winter,H_H06,a_winter,False,,,,,,,,
aP2,H15,16,2019,march,B_nearsurface,year_month_station,1,HaiSec_41,2019-03-26 10:24:00,17.5331,38.8494,220.18201,1.2325,,,True,A_Winter,A_H15,a_winter,False,,,,,,,,
aP21,H06,1500,2019,march,G_below_600,year_month_station,1,HaiSec_41,2019-03-27 04:09:00,13.8259,38.7694,174.716,0.07991,54.0,1446.0,True,A_Winter,H_H06,a_winter,False,,,,,,,,
aP22,H05,1,2019,march,A_surface,year_month_station,2,,,,,,,,,False,A_Winter,G_H05,a_winter,False,,,,,,,,
aP23,H05,70,2019,march,B_nearsurface,year_month_station,2,,,,,,,,,False,A_Winter,G_H05,a_winter,False,,,,,,,,
aP24,H05,170,2019,march,D_below_DCM,year_month_station,2,,,,,,,,,False,A_Winter,G_H05,a_winter,False,,,,,,,,
aP25,H05,250,2019,march,D_below_DCM,year_month_station,2,,,,,,,,,False,A_Winter,G_H05,a_winter,False,,,,,,,,
aP26,H05,375,2019,march,F_300-600,year_month_station,2,,,,,,,,,False,A_Winter,G_H05,a_winter,False,,,,,,,,
aP27,H05,550,2019,march,F_300-600,year_month_station,2,,,,,,,,,False,A_Winter,G_H05,a_winter,False,,,,,,,,
aP28,H05,800,2019,march,G_below_600,year_month_station,2,,,,,,,,,False,A_Winter,G_H05,a_winter,False,,,,,,,,
aP29,H05,1000,2019,march,G_below_600,year_month_station,2,,,,,,,,,False,A_Winter,G_H05,a_winter,False,,,,,,,,
aP30,H05,1250,2019,march,G_below_600,year_month_station,2,,,,,,,,,False,A_Winter,G_H05,a_winter,False,,,,,,,,
aP31,H05,1480,2019,march,H_near_bottom,year_month_station,2,,,,,,,,,False,A_Winter,G_H05,a_winter,False,,,,,,,,
aP32,H04,1,2019,march,A_surface,year_month_station,1,HaiSec_41,2019-03-27 16:59:00,17.549,39.1561,222.024,0.17623,85.0,-84.0,True,A_Winter,F_H04,a_winter,False,,,,,,,,
aP33,H04,75,2019,march,B_nearsurface,year_month_station,1,HaiSec_41,2019-03-27 16:59:00,17.05,39.1718,222.567,0.28098,85.0,-10.0,True,A_Winter,F_H04,a_winter,False,,,,,,,,
aP34,H04,130,2019,march,C_DCM,year_month_station,1,HaiSec_41,2019-03-27 16:59:00,16.9513,39.2369,205.86,0.12102,85.0,45.0,True,A_Winter,F_H04,a_winter,False,,,,,,,,
aP35,H04,250,2019,march,D_below_DCM,year_month_station,1,HaiSec_41,2019-03-27 16:59:00,15.7075,39.0876,188.351,0.07864,85.0,165.0,True,A_Winter,F_H04,a_winter,False,,,,,,,,
aP36,H04,375,2019,march,F_300-600,year_month_station,1,HaiSec_41,2019-03-27 16:59:00,14.7616,38.9631,175.507,0.0791,85.0,290.0,True,A_Winter,F_H04,a_winter,False,,,,,,,,
aP37,H04,550,2019,march,F_300-600,year_month_station,1,HaiSec_41,2019-03-27 16:59:00,14.1323,38.8508,169.311,0.07972,85.0,465.0,True,A_Winter,F_H04,a_winter,False,,,,,,,,
aP38,H04,800,2019,march,G_below_600,year_month_station,1,HaiSec_41,2019-03-27 16:59:00,13.8561,38.7877,169.28101,0.07981,85.0,715.0,True,A_Winter,F_H04,a_winter,False,,,,,,,,
aP39,H04,1150,2019,march,H_near_bottom,year_month_station,1,HaiSec_41,2019-03-27 16:59:00,13.7751,38.7669,171.86099,0.08005,85.0,1065.0,True,A_Winter,F_H04,a_winter,False,,,,,,,,
aP4,H25,24,2019,march,B_nearsurface,year_month_station,1,HaiSec_41,2019-03-26 11:04:00,17.2926,38.8288,224.44299,0.33207,,,True,A_Winter,B_H25,a_winter,False,,,,,,,,
aP40,H03,1,2019,march,A_surface,year_month_station,1,HaiSec_41,2019-03-27 18:35:00,17.4277,39.0792,223.73,0.19586,70.0,-69.0,True,A_Winter,E_H03,a_winter,False,,,,,,,,
aP41,H03,70,2019,march,B_nearsurface,year_month_station,1,HaiSec_41,2019-03-27 18:35:00,17.0738,39.1132,222.61301,0.32376,70.0,0.0,True,A_Winter,E_H03,a_winter,False,,,,,,,,
aP42,H03,170,2019,march,D_below_DCM,year_month_station,1,HaiSec_41,2019-03-27 18:35:00,17.233,39.2735,209.745,0.10544,70.0,100.0,True,A_Winter,E_H03,a_winter,False,,,,,,,,
aP43,H03,300,2019,march,F_300-600,year_month_station,1,HaiSec_41,2019-03-27 18:35:00,15.8994,39.1072,190.37399,0.08002,70.0,230.0,True,A_Winter,E_H03,a_winter,False,,,,,,,,
aP44,H03,420,2019,march,F_300-600,year_month_station,1,HaiSec_41,2019-03-27 18:35:00,14.3087,38.8831,170.8,0.07938,70.0,350.0,True,A_Winter,E_H03,a_winter,False,,,,,,,,
aP45,H03,570,2019,march,F_300-600,year_month_station,1,HaiSec_41,2019-03-27 18:35:00,14.0099,38.8259,169.76601,0.07983,70.0,500.0,True,A_Winter,E_H03,a_winter,False,,,,,,,,
aP5,H01,1,2019,march,A_surface,year_month_station,1,HaiSec_41,2019-03-26 11:42:00,17.2305,38.8344,222.248,0.20453,50.0,-49.0,True,A_Winter,C_H01,a_winter,False,,,,,,,,
aP6,H01,20,2019,march,B_nearsurface,year_month_station,1,HaiSec_41,2019-03-26 11:42:00,17.1455,38.8353,223.69299,0.1609,50.0,-30.0,True,A_Winter,C_H01,a_winter,False,,,,,,,,
aP7,H01,35,2019,march,B_nearsurface,year_month_station,1,HaiSec_41,2019-03-26 11:42:00,17.145,38.8361,223.692,0.22818,50.0,-15.0,True,A_Winter,C_H01,a_winter,False,,,,,,,,
aP8,H01,50,2019,march,B_nearsurface,year_month_station,1,HaiSec_41,2019-03-26 11:42:00,17.1171,38.8345,223.10899,0.26811,50.0,0.0,True,A_Winter,C_H01,a_winter,False,,,,,,,,
aP9,H02,1,2019,march,A_surface,year_month_station,1,HaiSec_41,2019-03-26 12:30:00,17.2559,38.8502,221.924,0.10515,62.0,-61.0,True,A_Winter,D_H02,a_winter,False,,,,,,,,
HS53_1,H15,1,2025,march,B_nearsurface,sample_cruise_id,1,HaiSec_53,2025-03-17 08:36:04,18.9393,39.3576,232.435,0.0762,,,True,A_Winter,A_H15,a_winter,False,,,,,,,,
HS53_10,H02,70,2025,march,B_nearsurface,sample_cruise_id,1,HaiSec_53,2025-03-23 09:44:35,18.4734,39.3374,223.809,0.102,127.0,-57.0,True,A_Winter,D_H02,a_winter,False,,,,,,,,
HS53_11,H02,140,2025,march,C_DCM,sample_cruise_id,1,HaiSec_53,2025-03-23 09:44:35,18.2077,39.3247,218.863,0.122,127.0,13.0,True,A_Winter,D_H02,a_winter,False,,,,,,,,
HS53_13,H02,249,2025,march,D_below_DCM,sample_cruise_id,1,HaiSec_53,2025-03-23 09:44:35,15.456,39.0674,186.409,0.0343,127.0,122.0,True,A_Winter,D_H02,a_winter,False,,,,,,,,
HS53_14,H02,325,2025,march,F_300-600,sample_cruise_id,1,HaiSec_53,2025-03-23 09:44:35,14.6148,38.9453,176.109,0.0343,127.0,198.0,True,A_Winter,D_H02,a_winter,False,,,,,,,,
HS53_15,H03,1,2025,march,A_surface,sample_cruise_id,1,HaiSec_53,2025-03-23 12:30:46,19.459,39.3824,226.367,0.0445,88.0,-87.0,True,A_Winter,E_H03,a_winter,False,,,,,,,,
HS53_16,H03,80,2025,march,B_nearsurface,sample_cruise_id,1,HaiSec_53,2025-03-23 12:30:46,18.4447,39.3589,225.087,0.105,88.0,-8.0,True,A_Winter,E_H03,a_winter,False,,,,,,,,
HS53_17,H03,180,2025,march,C_DCM,sample_cruise_id,1,HaiSec_53,2025-03-23 12:30:46,17.5909,39.283,214.188,0.0445,88.0,92.0,True,A_Winter,E_H03,a_winter,False,,,,,,,,
HS53_18,H03,240,2025,march,D_below_DCM,sample_cruise_id,1,HaiSec_53,2025-03-23 12:30:46,15.7802,39.1005,189.783,0.0329,88.0,152.0,True,A_Winter,E_H03,a_winter,False,,,,,,,,
HS53_19,H03,375,2025,march,F_300-600,sample_cruise_id,1,HaiSec_53,2025-03-23 12:30:46,14.4624,38.9157,175.022,0.0338,88.0,287.0,True,A_Winter,E_H03,a_winter,False,,,,,,,,
HS53_2,H15,15,2025,march,A_surface,sample_cruise_id,1,HaiSec_53,2025-03-17 08:36:04,18.5192,39.3606,228.356,0.0992,,,True,A_Winter,A_H15,a_winter,False,,,,,,,,
HS53_20,H03,685,2025,march,H_near_bottom,sample_cruise_id,1,HaiSec_53,2025-03-23 12:30:46,13.8273,38.7804,173.181,0.0342,88.0,597.0,True,A_Winter,E_H03,a_winter,False,,,,,,,,
HS53_21,H04,1,2025,march,A_surface,sample_cruise_id,1,HaiSec_53,2025-03-23 15:13:57,18.7383,39.3692,226.935,0.0664,91.0,-90.0,True,A_Winter,F_H04,a_winter,False,,,,,,,,
HS53_22,H04,90,2025,march,B_nearsurface,sample_cruise_id,1,HaiSec_53,2025-03-23 15:13:57,18.0284,39.3197,221.907,0.219,91.0,-1.0,True,A_Winter,F_H04,a_winter,False,,,,,,,,
HS53_23,H04,120,2025,march,C_DCM,sample_cruise_id,1,HaiSec_53,2025-03-23 15:13:57,17.8105,39.2951,215.039,0.114,91.0,29.0,True,A_Winter,F_H04,a_winter,False,,,,,,,,
HS53_24,H04,180,2025,march,D_below_DCM,sample_cruise_id,1,HaiSec_53,2025-03-23 15:13:57,16.6881,39.1621,200.023,0.0364,91.0,89.0,True,A_Winter,F_H04,a_winter,False,,,,,,,,
HS53_25,H04,240,2025,march,D_below_DCM,sample_cruise_id,1,HaiSec_53,2025-03-23 15:13:57,15.7033,39.0994,189.786,0.0321,91.0,149.0,True,A_Winter,F_H04,a_winter,False,,,,,,,,
HS53_26,H04,375,2025,march,F_300-600,sample_cruise_id,1,HaiSec_53,2025-03-23 15:13:57,14.5135,38.9247,175.244,0.0319,91.0,284.0,True,A_Winter,F_H04,a_winter,False,,,,,,,,
HS53_27,H04,550,2025,march,F_300-600,sample_cruise_id,1,HaiSec_53,2025-03-23 15:13:57,14.0001,38.8212,170.563,0.0329,91.0,459.0,True,A_Winter,F_H04,a_winter,False,,,,,,,,
HS53_28,H04,800,2025,march,G_below_600,sample_cruise_id,1,HaiSec_53,2025-03-23 15:13:57,13.8034,38.7698,172.451,0.0319,91.0,709.0,True,A_Winter,F_H04,a_winter,False,,,,,,,,
HS53_29,H04,1120,2025,march,H_near_bottom,sample_cruise_id,1,HaiSec_53,2025-03-23 15:13:57,13.7659,38.759,174.002,0.0329,91.0,1029.0,True,A_Winter,F_H04,a_winter,False,,,,,,,,
HS53_3,H25,1,2025,march,B_nearsurface,sample_cruise_id,0,,,,,,,,,False,A_Winter,B_H25,a_winter,False,,,,,,,,
HS53_30,H05,1,2025,march,A_surface,sample_cruise_id,1,HaiSec_53,2025-03-23 19:10:34,18.6257,39.3721,225.738,0.0761,88.0,-87.0,True,A_Winter,G_H05,a_winter,False,,,,,,,,
HS53_31,H05,90,2025,march,B_nearsurface,sample_cruise_id,1,HaiSec_53,2025-03-23 19:10:34,18.3417,39.352,222.089,0.143,88.0,2.0,True,A_Winter,G_H05,a_winter,False,,,,,,,,
HS53_32,H05,140,2025,march,C_DCM,sample_cruise_id,1,HaiSec_53,2025-03-23 19:10:34,18.1369,39.3308,219.136,0.071,88.0,52.0,True,A_Winter,G_H05,a_winter,False,,,,,,,,
HS53_33,H05,180,2025,march,D_below_DCM,sample_cruise_id,1,HaiSec_53,2025-03-23 19:10:34,17.8335,39.3184,217.717,0.0502,88.0,92.0,True,A_Winter,G_H05,a_winter,False,,,,,,,,
HS53_34,H05,240,2025,march,D_below_DCM,sample_cruise_id,1,HaiSec_53,2025-03-23 19:10:34,16.4508,39.1451,197.882,0.039,88.0,152.0,True,A_Winter,G_H05,a_winter,False,,,,,,,,
HS53_35,H05,375,2025,march,F_300-600,sample_cruise_id,1,HaiSec_53,2025-03-23 19:10:34,14.7448,38.9709,178.333,0.0311,88.0,287.0,True,A_Winter,G_H05,a_winter,False,,,,,,,,
HS53_36,H05,550,2025,march,F_300-600,sample_cruise_id,1,HaiSec_53,2025-03-23 19:10:34,14.0957,38.8411,169.53,0.034,88.0,462.0,True,A_Winter,G_H05,a_winter,False,,,,,,,,
HS53_37,H05,800,2025,march,G_below_600,sample_cruise_id,1,HaiSec_53,2025-03-23 19:10:34,13.8374,38.7772,170.541,0.033,88.0,712.0,True,A_Winter,G_H05,a_winter,False,,,,,,,,
HS53_38,H05,1000,2025,march,G_below_600,sample_cruise_id,1,HaiSec_53,2025-03-23 19:10:34,13.7939,38.7616,172.748,0.0325,88.0,912.0,True,A_Winter,G_H05,a_winter,False,,,,,,,,
HS53_39,H05,1250,2025,march,G_below_600,sample_cruise_id,1,HaiSec_53,2025-03-23 19:10:34,13.7924,38.7562,174.658,0.0331,88.0,1162.0,True,A_Winter,G_H05,a_winter,False,,,,,,,,
HS53_4,H25,25,2025,march,A_surface,sample_cruise_id,0,,,,,,,,,False,A_Winter,B_H25,a_winter,False,,,,,,,,
HS53_40,H05,1460,2025,march,H_near_bottom,sample_cruise_id,1,HaiSec_53,2025-03-23 19:10:34,13.8155,38.7591,174.729,0.033,88.0,1372.0,True,A_Winter,G_H05,a_winter,False,,,,,,,,
HS53_41,H06,1,2025,march,A_surface,sample_cruise_id,1,HaiSec_53,2025-03-24 01:34:20,18.3882,39.3362,225.364,0.0814,102.0,-101.0,True,A_Winter,H_H06,a_winter,False,,,,,,,,
HS53_42,H06,50,2025,march,B_nearsurface,sample_cruise_id,1,HaiSec_53,2025-03-24 01:34:20,18.4106,39.3357,225.472,0.0778,102.0,-52.0,True,A_Winter,H_H06,a_winter,False,,,,,,,,
HS53_43,H06,110,2025,march,C_DCM,sample_cruise_id,1,HaiSec_53,2025-03-24 01:34:20,18.1176,39.3208,217.943,0.0855,102.0,8.0,True,A_Winter,H_H06,a_winter,False,,,,,,,,
HS53_44,H06,180,2025,march,D_below_DCM,sample_cruise_id,1,HaiSec_53,2025-03-24 01:34:20,17.6239,39.3245,218.266,0.0414,102.0,78.0,True,A_Winter,H_H06,a_winter,False,,,,,,,,
HS53_45,H06,240,2025,march,D_below_DCM,sample_cruise_id,1,HaiSec_53,2025-03-24 01:34:20,16.2792,39.1442,195.716,0.0427,102.0,138.0,True,A_Winter,H_H06,a_winter,False,,,,,,,,
HS53_46,H06,375,2025,march,F_300-600,sample_cruise_id,1,HaiSec_53,2025-03-24 01:34:20,14.8364,38.9893,180.177,0.0308,102.0,273.0,True,A_Winter,H_H06,a_winter,False,,,,,,,,
HS53_47,H06,550,2025,march,F_300-600,sample_cruise_id,1,HaiSec_53,2025-03-24 01:34:20,14.0771,38.8368,169.208,0.0311,102.0,448.0,True,A_Winter,H_H06,a_winter,False,,,,,,,,
HS53_48,H06,800,2025,march,G_below_600,sample_cruise_id,1,HaiSec_53,2025-03-24 01:34:20,13.8528,38.7811,170.461,0.0329,102.0,698.0,True,A_Winter,H_H06,a_winter,False,,,,,,,,
HS53_49,H06,1000,2025,march,G_below_600,sample_cruise_id,1,HaiSec_53,2025-03-24 01:34:20,13.7944,38.7615,172.471,0.0305,102.0,898.0,True,A_Winter,H_H06,a_winter,False,,,,,,,,
HS53_5,H01,1,2025,march,A_surface,sample_cruise_id,1,HaiSec_53,2025-03-23 08:35:14,18.7866,39.3651,225.352,0.0497,53.0,-52.0,True,A_Winter,C_H01,a_winter,False,,,,,,,,
HS53_50,H06,1250,2025,march,G_below_600,sample_cruise_id,1,HaiSec_53,2025-03-24 01:34:20,13.7973,38.7565,174.25,0.0327,102.0,1148.0,True,A_Winter,H_H06,a_winter,False,,,,,,,,
HS53_51,H06,1500,2025,march,G_below_600,sample_cruise_id,1,HaiSec_53,2025-03-24 01:34:20,13.8246,38.7588,175.381,0.0326,102.0,1398.0,True,A_Winter,H_H06,a_winter,False,,,,,,,,
HS53_52,H06,1736,2025,march,H_near_bottom,sample_cruise_id,1,HaiSec_53,2025-03-24 01:34:20,13.8598,38.7617,174.366,0.0322,102.0,1634.0,True,A_Winter,H_H06,a_winter,False,,,,,,,,
HS53_6,H01,20,2025,march,B_nearsurface,sample_cruise_id,1,HaiSec_53,2025-03-23 08:35:14,18.6039,39.3612,225.477,0.0789,53.0,-33.0,True,A_Winter,C_H01,a_winter,False,,,,,,,,
HS53_7,H01,35,2025,march,B_nearsurface,sample_cruise_id,1,HaiSec_53,2025-03-23 08:35:14,18.6017,39.3612,225.431,0.106,53.0,-18.0,True,A_Winter,C_H01,a_winter,False,,,,,,,,
HS53_8,H01,53,2025,march,B_nearsurface,sample_cruise_id,1,HaiSec_53,2025-03-23 08:35:14,18.6044,39.3617,224.73,0.116,53.0,0.0,True,A_Winter,C_H01,a_winter,False,,,,,,,,
HS53_9,H02,1,2025,march,A_surface,sample_cruise_id,1,HaiSec_53,2025-03-23 09:44:35,18.7513,39.3556,226.303,0.0414,127.0,-126.0,True,A_Winter,D_H02,a_winter,False,,,,,,,,
HS54_1,H15,1,2025,august,B_nearsurface,sample_cruise_id,1,HaiSec_54,2025-09-07 08:32:00,29.866,39.4067,189.096,0.0995,,,True,Summer,A_H15,summer,False,,,,,,,,
HS54_10,H06,375,2025,august,F_300-600,sample_cruise_id,1,HaiSec_54,2025-09-07 15:16:00,14.601,38.9438,176.52,0.0365,108.0,267.0,True,Summer,H_H06,summer,False,,,,,,,,
HS54_11,H06,1500,2025,august,G_below_600,sample_cruise_id,1,HaiSec_54,2025-09-07 15:16:00,13.8171,38.7591,175.679,0.0355,108.0,1392.0,True,Summer,H_H06,summer,False,,,,,,,,
HS54_12,H06,1250,2025,august,G_below_600,sample_cruise_id,1,HaiSec_54,2025-09-07 15:16:00,13.7875,38.7563,175.316,0.0358,108.0,1142.0,True,Summer,H_H06,summer,False,,,,,,,,
HS54_13,H06,550,2025,august,F_300-600,sample_cruise_id,1,HaiSec_54,2025-09-07 15:16:00,14.0268,38.8284,169.658,0.0365,108.0,442.0,True,Summer,H_H06,summer,False,,,,,,,,
HS54_14,H06,1736,2025,august,H_near_bottom,sample_cruise_id,1,HaiSec_54,2025-09-07 15:16:00,13.8523,38.7608,174.721,0.0356,108.0,1628.0,True,Summer,H_H06,summer,False,,,,,,,,
HS54_15,H05,1,2025,august,A_surface,sample_cruise_id,1,HaiSec_54,2025-09-07 20:15:00,27.8556,39.5718,197.808,0.0572,120.0,-119.0,True,Summer,G_H05,summer,False,,,,,,,,
HS54_16,H05,60,2025,august,B_nearsurface,sample_cruise_id,1,HaiSec_54,2025-09-07 20:15:00,19.3533,38.7767,236.516,0.0756,120.0,-60.0,True,Summer,G_H05,summer,False,,,,,,,,
HS54_18,H05,160,2025,august,D_below_DCM,sample_cruise_id,1,HaiSec_54,2025-09-07 20:15:00,18.1159,39.2718,214.498,0.062,120.0,40.0,True,Summer,G_H05,summer,False,,,,,,,,
HS54_19,H05,240,2025,august,D_below_DCM,sample_cruise_id,1,HaiSec_54,2025-09-07 20:15:00,16.2808,39.1518,194.65,0.0398,120.0,120.0,True,Summer,G_H05,summer,False,,,,,,,,
HS54_2,H15,15,2025,august,A_surface,sample_cruise_id,1,HaiSec_54,2025-09-07 08:32:00,29.8337,39.4198,191.759,0.15,,,True,Summer,A_H15,summer,False,,,,,,,,
HS54_20,H05,375,2025,august,F_300-600,sample_cruise_id,1,HaiSec_54,2025-09-07 20:15:00,14.6803,38.9594,177.153,0.0364,120.0,255.0,True,Summer,G_H05,summer,False,,,,,,,,
HS54_21,H05,550,2025,august,F_300-600,sample_cruise_id,1,HaiSec_54,2025-09-07 20:15:00,14.0249,38.8273,169.201,0.0364,120.0,430.0,True,Summer,G_H05,summer,False,,,,,,,,
HS54_22,H05,800,2025,august,G_below_600,sample_cruise_id,1,HaiSec_54,2025-09-07 20:15:00,13.8164,38.7734,171.187,0.036,120.0,680.0,True,Summer,G_H05,summer,False,,,,,,,,
HS54_23,H05,1000,2025,august,G_below_600,sample_cruise_id,1,HaiSec_54,2025-09-07 20:15:00,13.7764,38.7587,173.407,0.0357,120.0,880.0,True,Summer,G_H05,summer,False,,,,,,,,
HS54_24,H05,1467,2025,august,H_near_bottom,sample_cruise_id,1,HaiSec_54,2025-09-07 20:15:00,13.8138,38.7597,174.608,0.0356,120.0,1347.0,True,Summer,G_H05,summer,False,,,,,,,,
HS54_25,H04,1,2025,august,A_surface,sample_cruise_id,1,HaiSec_54,2025-09-08 00:55:00,28.7617,39.3417,194.249,0.0541,114.0,-113.0,True,Summer,F_H04,summer,False,,,,,,,,
HS54_27,H04,115,2025,august,C_DCM,sample_cruise_id,1,HaiSec_54,2025-09-08 00:55:00,18.4802,39.2357,225.267,0.141,114.0,1.0,True,Summer,F_H04,summer,False,,,,,,,,
HS54_28,H04,150,2025,august,D_below_DCM,sample_cruise_id,1,HaiSec_54,2025-09-08 00:55:00,18.0746,39.2836,212.131,0.101,114.0,36.0,True,Summer,F_H04,summer,False,,,,,,,,
HS54_29,H04,240,2025,august,D_below_DCM,sample_cruise_id,1,HaiSec_54,2025-09-08 00:55:00,16.1345,39.1391,194.809,0.0472,114.0,126.0,True,Summer,F_H04,summer,False,,,,,,,,
HS54_3,H25,1,2025,august,B_nearsurface,sample_cruise_id,1,HaiSec_54,2025-09-07 09:52:00,29.9654,39.4041,190.422,0.0828,,,True,Summer,B_H25,summer,False,,,,,,,,
HS54_30,H04,375,2025,august,F_300-600,sample_cruise_id,1,HaiSec_54,2025-09-08 00:55:00,14.6811,38.959,176.472,0.0362,114.0,261.0,True,Summer,F_H04,summer,False,,,,,,,,
HS54_31,H04,550,2025,august,F_300-600,sample_cruise_id,1,HaiSec_54,2025-09-08 00:55:00,14.1073,38.8438,170.409,0.0363,114.0,436.0,True,Summer,F_H04,summer,False,,,,,,,,
HS54_32,H04,800,2025,august,G_below_600,sample_cruise_id,1,HaiSec_54,2025-09-08 00:55:00,13.8135,38.7736,172.115,0.036,114.0,686.0,True,Summer,F_H04,summer,False,,,,,,,,
HS54_33,H04,1118,2025,august,H_near_bottom,sample_cruise_id,1,HaiSec_54,2025-09-08 00:55:00,13.7665,38.7587,174.168,0.0359,114.0,1004.0,True,Summer,F_H04,summer,False,,,,,,,,
HS54_34,H03,1,2025,august,A_surface,sample_cruise_id,1,HaiSec_54,2025-09-08 04:28:00,28.8918,39.4304,192.985,0.0533,113.0,-112.0,True,Summer,E_H03,summer,False,,,,,,,,
HS54_35,H03,50,2025,august,B_nearsurface,sample_cruise_id,1,HaiSec_54,2025-09-08 04:28:00,24.1731,38.6951,223.948,0.0759,113.0,-63.0,True,Summer,E_H03,summer,False,,,,,,,,
HS54_36,H03,120,2025,august,C_DCM,sample_cruise_id,1,HaiSec_54,2025-09-08 04:28:00,18.5354,39.2172,227.022,0.113,113.0,7.0,True,Summer,E_H03,summer,False,,,,,,,,
HS54_37,H03,160,2025,august,D_below_DCM,sample_cruise_id,1,HaiSec_54,2025-09-08 04:28:00,17.9272,39.2962,211.181,0.0611,113.0,47.0,True,Summer,E_H03,summer,False,,,,,,,,
HS54_38,H03,240,2025,august,D_below_DCM,sample_cruise_id,1,HaiSec_54,2025-09-08 04:28:00,15.6086,39.0883,186.964,0.0359,113.0,127.0,True,Summer,E_H03,summer,False,,,,,,,,
HS54_39,H03,375,2025,august,F_300-600,sample_cruise_id,1,HaiSec_54,2025-09-08 04:28:00,14.5252,38.9291,174.524,0.0364,113.0,262.0,True,Summer,E_H03,summer,False,,,,,,,,
HS54_4,H25,25,2025,august,A_surface,sample_cruise_id,1,HaiSec_54,2025-09-07 09:52:00,29.3536,39.3279,187.443,0.239,,,True,Summer,B_H25,summer,False,,,,,,,,
HS54_40,H03,600,2025,august,H_near_bottom,sample_cruise_id,1,HaiSec_54,2025-09-08 04:28:00,13.9509,38.8108,171.161,0.0364,113.0,487.0,True,Summer,E_H03,summer,False,,,,,,,,
HS54_41,H02,1,2025,august,A_surface,sample_cruise_id,1,HaiSec_54,2025-09-08 06:26:00,28.875,39.4097,192.497,0.0458,94.0,-93.0,True,Summer,D_H02,summer,False,,,,,,,,
HS54_42,H02,50,2025,august,B_nearsurface,sample_cruise_id,1,HaiSec_54,2025-09-08 06:26:00,24.78,38.7708,219.985,0.0871,94.0,-44.0,True,Summer,D_H02,summer,False,,,,,,,,
HS54_43,H02,90,2025,august,C_DCM,sample_cruise_id,1,HaiSec_54,2025-09-08 06:26:00,19.5013,39.0916,233.381,0.113,94.0,-4.0,True,Summer,D_H02,summer,False,,,,,,,,
HS54_44,H02,140,2025,august,D_below_DCM,sample_cruise_id,1,HaiSec_54,2025-09-08 06:26:00,18.0801,39.2681,220.095,0.0715,94.0,46.0,True,Summer,D_H02,summer,False,,,,,,,,
HS54_45,H02,240,2025,august,D_below_DCM,sample_cruise_id,1,HaiSec_54,2025-09-08 06:26:00,15.5438,39.0753,186.139,0.0367,94.0,146.0,True,Summer,D_H02,summer,False,,,,,,,,
HS54_46,H01,50,2025,august,B_nearsurface,sample_cruise_id,1,HaiSec_54,2025-09-08 08:07:00,27.9016,39.2472,198.437,0.115,53.0,-3.0,True,Summer,C_H01,summer,False,,,,,,,,
HS54_47,H01,1,2025,august,A_surface,sample_cruise_id,1,HaiSec_54,2025-09-08 08:07:00,28.919,39.3491,193.706,0.0414,53.0,-52.0,True,Summer,C_H01,summer,False,,,,,,,,
HS54_48,H01,20,2025,august,B_nearsurface,sample_cruise_id,1,HaiSec_54,2025-09-08 08:07:00,28.8594,39.3543,194.124,0.0459,53.0,-33.0,True,Summer,C_H01,summer,False,,,,,,,,
HS54_49,H01,35,2025,august,B_nearsurface,sample_cruise_id,1,HaiSec_54,2025-09-08 08:07:00,28.7803,39.3426,194.261,0.0542,53.0,-18.0,True,Summer,C_H01,summer,False,,,,,,,,
HS54_5,H06,1,2025,august,A_surface,sample_cruise_id,1,HaiSec_54,2025-09-07 15:16:00,28.288,39.7999,196.023,0.0498,108.0,-107.0,True,Summer,H_H06,summer,False,,,,,,,,
HS54_50,H02,340,2025,august,F_300-600,sample_cruise_id,1,HaiSec_54,2025-09-08 06:26:00,14.7641,38.9691,176.789,0.0367,94.0,246.0,True,Summer,D_H02,summer,False,,,,,,,,
HS54_6,H06,50,2025,august,B_nearsurface,sample_cruise_id,1,HaiSec_54,2025-09-07 15:16:00,20.8517,39.1399,243.015,0.0621,108.0,-58.0,True,Summer,H_H06,summer,False,,,,,,,,
HS54_7,H06,110,2025,august,C_DCM,sample_cruise_id,1,HaiSec_54,2025-09-07 15:16:00,18.3543,39.255,227.301,0.136,108.0,2.0,True,Summer,H_H06,summer,False,,,,,,,,
HS54_8,H06,205,2025,august,D_below_DCM,sample_cruise_id,1,HaiSec_54,2025-09-07 15:16:00,16.7165,39.1864,200.91,0.0773,108.0,97.0,True,Summer,H_H06,summer,False,,,,,,,,
HS54_9,H06,240,2025,august,D_below_DCM,sample_cruise_id,1,HaiSec_54,2025-09-07 15:16:00,16.0413,39.1294,192.42,0.04,108.0,132.0,True,Summer,H_H06,summer,False,,,,,,,,
M1,M_G18C,1,2018,august,A_surface,year_month_station,0,,,,,,,,,False,Summer,M_g18c,summer,False,,,,,,,,
M10,K_G18,60,2018,august,B_nearsurface,year_month_station,0,,,,,,,,,False,Summer,K_g18,summer,False,,,,,,,,
M11,K_G18,120,2018,august,C_DCM,year_month_station,0,,,,,,,,,False,Summer,K_g18,summer,False,,,,,,,,
M12,K_G18,160,2018,august,D_below_DCM,year_month_station,0,,,,,,,,,False,Summer,K_g18,summer,False,,,,,,,,
M13,N_S301,1,2018,august,A_surface,year_month_station,0,,,,,,,,,False,Summer,N_s301,summer,False,,,,,,,,
M14,N_S301,50,2018,august,B_nearsurface,year_month_station,0,,,,,,,,,False,Summer,N_s301,summer,False,,,,,,,,
M15,N_S301,110,2018,august,C_DCM,year_month_station,0,,,,,,,,,False,Summer,N_s301,summer,False,,,,,,,,
M16,N_S301,200,2018,august,D_below_DCM,year_month_station,0,,,,,,,,,False,Summer,N_s301,summer,False,,,,,,,,
M17,O_S302,1,2018,august,A_surface,year_month_station,0,,,,,,,,,False,Summer,O_s302,summer,False,,,,,,,,
M18,O_S302,140,2018,august,C_DCM,year_month_station,0,,,,,,,,,False,Summer,O_s302,summer,False,,,,,,,,
M19,O_S302,250,2018,august,D_below_DCM,year_month_station,0,,,,,,,,,False,Summer,O_s302,summer,False,,,,,,,,
M2,M_G18C,140,2018,august,C_DCM,year_month_station,0,,,,,,,,,False,Summer,M_g18c,summer,False,,,,,,,,
M20,O_S302,384,2018,august,F_300-600,year_month_station,0,,,,,,,,,False,Summer,O_s302,summer,False,,,,,,,,
M21,P_S303,1,2018,august,A_surface,year_month_station,0,,,,,,,,,False,Summer,P_s303,summer,False,,,,,,,,
M22,P_S303,140,2018,august,C_DCM,year_month_station,0,,,,,,,,,False,Summer,P_s303,summer,False,,,,,,,,
M23,P_S303,230,2018,august,D_below_DCM,year_month_station,0,,,,,,,,,False,Summer,P_s303,summer,False,,,,,,,,
M24,P_S303,500,2018,august,F_300-600,year_month_station,0,,,,,,,,,False,Summer,P_s303,summer,False,,,,,,,,
M25,P_S303,679,2018,august,H_near_bottom,year_month_station,0,,,,,,,,,False,Summer,P_s303,summer,False,,,,,,,,
M26,Q_S304,1,2018,august,A_surface,year_month_station,0,,,,,,,,,False,Summer,Q_s304,summer,False,,,,,,,,
M27,Q_S304,140,2018,august,C_DCM,year_month_station,0,,,,,,,,,False,Summer,Q_s304,summer,False,,,,,,,,
M28,Q_S304,600,2018,august,G_below_600,year_month_station,0,,,,,,,,,False,Summer,Q_s304,summer,False,,,,,,,,
M29,Q_S304,1030,2018,august,H_near_bottom,year_month_station,0,,,,,,,,,False,Summer,Q_s304,summer,False,,,,,,,,
M3,M_G18C,500,2018,august,F_300-600,year_month_station,0,,,,,,,,,False,Summer,M_g18c,summer,False,,,,,,,,
M30,H05,300,2018,august,F_300-600,year_month_station,0,,,,,,,,,False,Summer,G_H05,summer,False,,,,,,,,
M31,Q_S304,1143,2018,august,H_near_bottom,year_month_station,0,,,,,,,,,False,Summer,Q_s304,summer,False,,,,,,,,
M32,R_S401,1,2018,august,A_surface,year_month_station,0,,,,,,,,,False,Summer,R_s401,summer,False,,,,,,,,
M33,R_S401,50,2018,august,B_nearsurface,year_month_station,0,,,,,,,,,False,Summer,R_s401,summer,False,,,,,,,,
M34,R_S401,110,2018,august,C_DCM,year_month_station,0,,,,,,,,,False,Summer,R_s401,summer,False,,,,,,,,
M35,R_S401,187,2018,august,D_below_DCM,year_month_station,0,,,,,,,,,False,Summer,R_s401,summer,False,,,,,,,,
M36,S_S402,1,2018,august,A_surface,year_month_station,0,,,,,,,,,False,Summer,S_s402,summer,False,,,,,,,,
M37,S_S402,130,2018,august,C_DCM,year_month_station,0,,,,,,,,,False,Summer,S_s402,summer,False,,,,,,,,
M39,S_S402,390,2018,august,F_300-600,year_month_station,0,,,,,,,,,False,Summer,S_s402,summer,False,,,,,,,,
M4,M_G18C,700,2018,august,G_below_600,year_month_station,0,,,,,,,,,False,Summer,M_g18c,summer,False,,,,,,,,
M40,T_S403,1,2018,august,A_surface,year_month_station,0,,,,,,,,,False,Summer,T_s403,summer,False,,,,,,,,
M41,T_S403,135,2018,august,C_DCM,year_month_station,0,,,,,,,,,False,Summer,T_s403,summer,False,,,,,,,,
M42,T_S403,500,2018,august,F_300-600,year_month_station,0,,,,,,,,,False,Summer,T_s403,summer,False,,,,,,,,
M43,T_S403,707,2018,august,G_below_600,year_month_station,0,,,,,,,,,False,Summer,T_s403,summer,False,,,,,,,,
M44,H80,1,2018,august,A_surface,year_month_station,1,HaiSec_39,2018-08-19 08:00:00,29.5122,39.7207,185.502,0.08074,66.0,-65.0,True,Summer,CCC_H80,summer,False,,,,,,,,
M45,H80,20,2018,august,B_nearsurface,year_month_station,1,HaiSec_39,2018-08-19 08:00:00,29.3995,39.7108,187.22,0.11661,66.0,-46.0,True,Summer,CCC_H80,summer,False,,,,,,,,
M46,H80,50,2018,august,B_nearsurface,year_month_station,1,HaiSec_39,2018-08-19 08:00:00,26.3673,39.3051,204.241,0.45539,66.0,-16.0,True,Summer,CCC_H80,summer,False,,,,,,,,
M47,H80,80,2018,august,C_DCM,year_month_station,1,HaiSec_39,2018-08-19 08:00:00,,,,,,,False,Summer,CCC_H80,summer,False,,,,,,,,
M48,H35,1,2018,august,A_surface,year_month_station,1,HaiSec_39,2018-08-19 06:58:00,29.6972,39.7482,181.911,0.10277,,,True,Summer,BB_H35,summer,False,,,,,,,,
M49,H35,35,2018,august,B_nearsurface,year_month_station,1,HaiSec_39,2018-08-19 06:58:00,,,,,,,False,Summer,BB_H35,summer,False,,,,,,,,
M5,L_G18B,1,2018,august,A_surface,year_month_station,0,,,,,,,,,False,Summer,L_g18b,summer,False,,,,,,,,
M50,H01,1,2018,august,A_surface,year_month_station,1,HaiSec_39,2018-08-19 07:29:00,29.5313,39.7117,184.283,0.09062,49.0,-48.0,True,Summer,C_H01,summer,False,,,,,,,,
M51,H01,20,2018,august,B_nearsurface,year_month_station,1,HaiSec_39,2018-08-19 07:29:00,29.3019,39.6504,186.011,0.13404,49.0,-29.0,True,Summer,C_H01,summer,False,,,,,,,,
M52,H01,53,2018,august,B_nearsurface,year_month_station,1,HaiSec_39,2018-08-19 07:29:00,24.7208,39.1705,212.384,0.41304,49.0,4.0,True,Summer,C_H01,summer,False,,,,,,,,
M53,H02,1,2018,august,A_surface,year_month_station,1,HaiSec_39,2018-08-19 09:01:00,29.5656,39.7303,184.42999,0.07877,66.0,-65.0,True,Summer,D_H02,summer,False,,,,,,,,
M54,H02,55,2018,august,B_nearsurface,year_month_station,1,HaiSec_39,2018-08-19 09:01:00,24.3722,39.1406,216.073,0.28868,66.0,-11.0,True,Summer,D_H02,summer,False,,,,,,,,
M55,H02,70,2018,august,B_nearsurface,year_month_station,1,HaiSec_39,2018-08-19 09:01:00,19.2246,39.2621,225.30299,0.48736,66.0,4.0,True,Summer,D_H02,summer,False,,,,,,,,
M56,H02,160,2018,august,D_below_DCM,year_month_station,1,HaiSec_39,2018-08-19 09:01:00,16.6194,39.1519,204.96201,0.07663,66.0,94.0,True,Summer,D_H02,summer,False,,,,,,,,
M58,H03,1,2018,august,A_surface,year_month_station,0,,,,,,,,,False,Summer,E_H03,summer,False,,,,,,,,
M59,H03,60,2018,august,B_nearsurface,year_month_station,0,,,,,,,,,False,Summer,E_H03,summer,False,,,,,,,,
M6,L_G18B,140,2018,august,C_DCM,year_month_station,0,,,,,,,,,False,Summer,L_g18b,summer,False,,,,,,,,
M60,H03,85,2018,august,C_DCM,year_month_station,0,,,,,,,,,False,Summer,E_H03,summer,False,,,,,,,,
M61,H03,150,2018,august,D_below_DCM,year_month_station,0,,,,,,,,,False,Summer,E_H03,summer,False,,,,,,,,
M62,H03,300,2018,august,F_300-600,year_month_station,0,,,,,,,,,False,Summer,E_H03,summer,False,,,,,,,,
M63,H03,350,2018,august,F_300-600,year_month_station,0,,,,,,,,,False,Summer,E_H03,summer,False,,,,,,,,
M64,H03,568,2018,august,H_near_bottom,year_month_station,0,,,,,,,,,False,Summer,E_H03,summer,False,,,,,,,,
M65,H04,1,2018,august,A_surface,year_month_station,1,HaiSec_39,2018-08-19 11:09:00,29.0394,39.7578,188.853,0.05679,94.0,-93.0,True,Summer,F_H04,summer,False,,,,,,,,
M66,H04,90,2018,august,C_DCM,year_month_station,1,HaiSec_39,2018-08-19 11:09:00,18.4029,39.2803,224.108,0.35288,94.0,-4.0,True,Summer,F_H04,summer,False,,,,,,,,
M67,H04,300,2018,august,F_300-600,year_month_station,1,HaiSec_39,2018-08-19 11:09:00,15.1005,39.0086,183.82201,0.05059,94.0,206.0,True,Summer,F_H04,summer,False,,,,,,,,
M68,H04,500,2018,august,F_300-600,year_month_station,1,HaiSec_39,2018-08-19 11:09:00,14.0414,38.8302,172.39799,0.05127,94.0,406.0,True,Summer,F_H04,summer,False,,,,,,,,
M69,H04,800,2018,august,G_below_600,year_month_station,1,HaiSec_39,2018-08-19 11:09:00,13.7765,38.7657,174.745,0.05037,94.0,706.0,True,Summer,F_H04,summer,False,,,,,,,,
M7,L_G18B,300,2018,august,F_300-600,year_month_station,0,,,,,,,,,False,Summer,L_g18b,summer,False,,,,,,,,
M70,H04,1100,2018,august,H_near_bottom,year_month_station,1,HaiSec_39,2018-08-19 11:09:00,13.7666,38.7589,175.847,0.05122,94.0,1006.0,True,Summer,F_H04,summer,False,,,,,,,,
M71,H05,1,2018,august,A_surface,year_month_station,0,,,,,,,,,False,Summer,G_H05,summer,False,,,,,,,,
M72,H05,125,2018,august,C_DCM,year_month_station,0,,,,,,,,,False,Summer,G_H05,summer,False,,,,,,,,
M73,Q_S304,1133,2018,august,G_below_600,year_month_station,0,,,,,,,,,False,Summer,Q_s304,summer,False,,,,,,,,
M74,H05,600,2018,august,G_below_600,year_month_station,0,,,,,,,,,False,Summer,G_H05,summer,False,,,,,,,,
M75,H05,800,2018,august,G_below_600,year_month_station,0,,,,,,,,,False,Summer,G_H05,summer,False,,,,,,,,
M76,H05,1434,2018,august,H_near_bottom,year_month_station,0,,,,,,,,,False,Summer,G_H05,summer,False,,,,,,,,
M77,H06,1,2018,august,A_surface,year_month_station,0,,,,,,,,,False,Summer,H_H06,summer,False,,,,,,,,
M78,H06,130,2018,august,C_DCM,year_month_station,0,,,,,,,,,False,Summer,H_H06,summer,False,,,,,,,,
M79,H06,350,2018,august,F_300-600,year_month_station,0,,,,,,,,,False,Summer,H_H06,summer,False,,,,,,,,
M8,L_G18B,473,2018,august,F_300-600,year_month_station,0,,,,,,,,,False,Summer,L_g18b,summer,False,,,,,,,,
M80,H06,600,2018,august,G_below_600,year_month_station,0,,,,,,,,,False,Summer,H_H06,summer,False,,,,,,,,
M81,H06,1200,2018,august,G_below_600,year_month_station,0,,,,,,,,,False,Summer,H_H06,summer,False,,,,,,,,
M9,K_G18,1,2018,august,A_surface,year_month_station,0,,,,,,,,,False,Summer,K_g18,summer,False,,,,,,,,
P1,W_CY,1,2018,october,A_surface,year_month_station,0,,,,,,,,,False,A_Winter,W_Cy,a_winter,False,,,,,,,,
P10,W_OE,1,2018,october,A_surface,year_month_station,0,,,,,,,,,False,A_Winter,W_OE,a_winter,False,,,,,,,,
P11,W_OE,60,2018,october,B_nearsurface,year_month_station,0,,,,,,,,,False,A_Winter,W_OE,a_winter,False,,,,,,,,
P12,W_OE,105,2018,october,C_DCM,year_month_station,0,,,,,,,,,False,A_Winter,W_OE,a_winter,False,,,,,,,,
P13,W_OE,135,2018,october,C_DCM,year_month_station,0,,,,,,,,,False,A_Winter,W_OE,a_winter,False,,,,,,,,
P15,W_OE,375,2018,october,F_300-600,year_month_station,0,,,,,,,,,False,A_Winter,W_OE,a_winter,False,,,,,,,,
P16,W_OE,550,2018,october,F_300-600,year_month_station,0,,,,,,,,,False,A_Winter,W_OE,a_winter,False,,,,,,,,
P17,W_OE,1000,2018,october,G_below_600,year_month_station,0,,,,,,,,,False,A_Winter,W_OE,a_winter,False,,,,,,,,
P18,W_OE,1490,2018,october,H_near_bottom,year_month_station,0,,,,,,,,,False,A_Winter,W_OE,a_winter,False,,,,,,,,
P19,W_ACY,1,2018,october,A_surface,year_month_station,0,,,,,,,,,False,A_Winter,W_Acy,a_winter,False,,,,,,,,
P2,W_CY,40,2018,october,B_nearsurface,year_month_station,0,,,,,,,,,False,A_Winter,W_Cy,a_winter,False,,,,,,,,
P20,W_ACY,60,2018,october,B_nearsurface,year_month_station,0,,,,,,,,,False,A_Winter,W_Acy,a_winter,False,,,,,,,,
P21,W_ACY,125,2018,october,C_DCM,year_month_station,0,,,,,,,,,False,A_Winter,W_Acy,a_winter,False,,,,,,,,
P22,W_ACY,180,2018,october,D_below_DCM,year_month_station,0,,,,,,,,,False,A_Winter,W_Acy,a_winter,False,,,,,,,,
P23,W_ACY,375,2018,october,F_300-600,year_month_station,0,,,,,,,,,False,A_Winter,W_Acy,a_winter,False,,,,,,,,
P24,W_ACY,550,2018,october,F_300-600,year_month_station,0,,,,,,,,,False,A_Winter,W_Acy,a_winter,False,,,,,,,,
P25,W_ACY,800,2018,october,G_below_600,year_month_station,0,,,,,,,,,False,A_Winter,W_Acy,a_winter,False,,,,,,,,
P26,W_ACY,1039,2018,october,H_near_bottom,year_month_station,0,,,,,,,,,False,A_Winter,W_Acy,a_winter,False,,,,,,,,
P27,W_ACY,1,2018,october,A_surface,year_month_station,0,,,,,,,,,False,A_Winter,W_Acy,a_winter,False,,,,,,,,
P28,W_ACY,60,2018,october,B_nearsurface,year_month_station,0,,,,,,,,,False,A_Winter,W_Acy,a_winter,False,,,,,,,,
P29,W_ACY,100,2018,october,C_DCM,year_month_station,0,,,,,,,,,False,A_Winter,W_Acy,a_winter,False,,,,,,,,
P3,W_CY,70,2018,october,B_nearsurface,year_month_station,0,,,,,,,,,False,A_Winter,W_Cy,a_winter,False,,,,,,,,
P30,W_ACY,170,2018,october,D_below_DCM,year_month_station,0,,,,,,,,,False,A_Winter,W_Acy,a_winter,False,,,,,,,,
P31,W_ACY,250,2018,october,D_below_DCM,year_month_station,0,,,,,,,,,False,A_Winter,W_Acy,a_winter,False,,,,,,,,
P32,W_ACY,375,2018,october,F_300-600,year_month_station,0,,,,,,,,,False,A_Winter,W_Acy,a_winter,False,,,,,,,,
P33,W_ACY,600,2018,october,G_below_600,year_month_station,0,,,,,,,,,False,A_Winter,W_Acy,a_winter,False,,,,,,,,
P34,W_ACY,800,2018,october,G_below_600,year_month_station,0,,,,,,,,,False,A_Winter,W_Acy,a_winter,False,,,,,,,,
P38,H05,375,2018,october,F_300-600,year_month_station,0,,,,,,,,,False,A_Winter,G_H05,a_winter,False,,,,,,,,
P39,H05,555,2018,october,F_300-600,year_month_station,0,,,,,,,,,False,A_Winter,G_H05,a_winter,False,,,,,,,,
P4,W_CY,100,2018,october,C_DCM,year_month_station,0,,,,,,,,,False,A_Winter,W_Cy,a_winter,False,,,,,,,,
P40,H05,1,2018,october,A_surface,year_month_station,0,,,,,,,,,False,A_Winter,G_H05,a_winter,False,,,,,,,,
P41,H05,100,2018,october,C_DCM,year_month_station,0,,,,,,,,,False,A_Winter,G_H05,a_winter,False,,,,,,,,
P42,H05,100,2018,october,C_DCM,year_month_station,0,,,,,,,,,False,A_Winter,G_H05,a_winter,False,,,,,,,,
P43,H05,100,2018,october,C_DCM,year_month_station,0,,,,,,,,,False,A_Winter,G_H05,a_winter,False,,,,,,,,
P44,H05,100,2018,october,C_DCM,year_month_station,0,,,,,,,,,False,A_Winter,G_H05,a_winter,False,,,,,,,,
P5,W_CY,180,2018,october,D_below_DCM,year_month_station,0,,,,,,,,,False,A_Winter,W_Cy,a_winter,False,,,,,,,,
P6,W_CY,375,2018,october,F_300-600,year_month_station,0,,,,,,,,,False,A_Winter,W_Cy,a_winter,False,,,,,,,,
P7,W_CY,550,2018,october,F_300-600,year_month_station,0,,,,,,,,,False,A_Winter,W_Cy,a_winter,False,,,,,,,,
P8,W_CY,1100,2018,october,G_below_600,year_month_station,0,,,,,,,,,False,A_Winter,W_Cy,a_winter,False,,,,,,,,
P9,W_CY,1796,2018,october,H_near_bottom,year_month_station,0,,,,,,,,,False,A_Winter,W_Cy,a_winter,False,,,,,,,,
W1,U_DL,180,2020,february,D_below_DCM,year_month_station,0,,,,,,,,,False,A_Winter,U_DL,a_winter,False,,,,,,,,
w1000,H05,180,2026,may,D_below_DCM,year_month_station,0,,,,,,,,,False,A_Winter,G_H05,a_winter,False,,,,,,,,
w1001,H05,240,2026,may,D_below_DCM,year_month_station,0,,,,,,,,,False,A_Winter,G_H05,a_winter,False,,,,,,,,
w1002,H05,375,2026,may,F_300-600,year_month_station,0,,,,,,,,,False,A_Winter,G_H05,a_winter,False,,,,,,,,
w1003,H05,550,2026,may,F_300-600,year_month_station,0,,,,,,,,,False,A_Winter,G_H05,a_winter,False,,,,,,,,
w1004,H05,800,2026,may,G_below_600,year_month_station,0,,,,,,,,,False,A_Winter,G_H05,a_winter,False,,,,,,,,
w1005,H05,1000,2026,may,G_below_600,year_month_station,0,,,,,,,,,False,A_Winter,G_H05,a_winter,False,,,,,,,,
w1006,H05,1450,2026,may,H_near_bottom,year_month_station,0,,,,,,,,,False,A_Winter,G_H05,a_winter,False,,,,,,,,
w1007,H06,1,2026,may,A_surface,year_month_station,0,,,,,,,,,False,A_Winter,H_H06,a_winter,False,,,,,,,,
w1008,H06,50,2026,may,B_nearsurface,year_month_station,0,,,,,,,,,False,A_Winter,H_H06,a_winter,False,,,,,,,,
w1009,H06,110,2026,may,C_DCM,year_month_station,0,,,,,,,,,False,A_Winter,H_H06,a_winter,False,,,,,,,,
w1010,H06,220,2026,may,D_below_DCM,year_month_station,0,,,,,,,,,False,A_Winter,H_H06,a_winter,False,,,,,,,,
w1011,H06,375,2026,may,F_300-600,year_month_station,0,,,,,,,,,False,A_Winter,H_H06,a_winter,False,,,,,,,,
w1012,H06,550,2026,may,F_300-600,year_month_station,0,,,,,,,,,False,A_Winter,H_H06,a_winter,False,,,,,,,,
w1013,H06,800,2026,may,G_below_600,year_month_station,0,,,,,,,,,False,A_Winter,H_H06,a_winter,False,,,,,,,,
w1014,H06,1000,2026,may,G_below_600,year_month_station,0,,,,,,,,,False,A_Winter,H_H06,a_winter,False,,,,,,,,
w1015,H06,1250,2026,may,G_below_600,year_month_station,0,,,,,,,,,False,A_Winter,H_H06,a_winter,False,,,,,,,,
w1016,H06,1550,2026,may,G_below_600,year_month_station,0,,,,,,,,,False,A_Winter,H_H06,a_winter,False,,,,,,,,
w1017,H06,1740,2026,may,H_near_bottom,year_month_station,0,,,,,,,,,False,A_Winter,H_H06,a_winter,False,,,,,,,,
W121,H15,1,2020,september,A_surface,year_month_station,1,HaiSec_44,2020-09-01 07:01:00,29.2759,39.1159,178.38499,0.17113,,,True,Summer,A_H15,summer,False,,,,,,,,
W122,H15,15,2020,september,B_nearsurface,year_month_station,1,HaiSec_44,2020-09-01 07:01:00,28.1842,39.0611,177.09801,0.19456,,,True,Summer,A_H15,summer,False,,,,,,,,
W123,H25,1,2020,september,A_surface,year_month_station,1,HaiSec_44,2020-09-01 08:05:00,29.2935,39.1289,180.59599,0.12141,,,True,Summer,B_H25,summer,False,,,,,,,,
W124,H25,25,2020,september,B_nearsurface,year_month_station,1,HaiSec_44,2020-09-01 08:05:00,27.7118,39.0673,181.806,0.17511,,,True,Summer,B_H25,summer,False,,,,,,,,
W125,H01,1,2020,september,A_surface,year_month_station,1,HaiSec_44,2020-09-01 09:21:00,29.4311,39.1137,172.716,0.11332,50.0,-49.0,True,Summer,C_H01,summer,False,,,,,,,,
W126,H01,20,2020,september,B_nearsurface,year_month_station,1,HaiSec_44,2020-09-01 09:21:00,28.8221,39.2042,177.217,0.12209,50.0,-30.0,True,Summer,C_H01,summer,False,,,,,,,,
W127,H01,40,2020,september,B_nearsurface,year_month_station,1,HaiSec_44,2020-09-01 09:21:00,26.6247,38.8858,188.383,0.16043,50.0,-10.0,True,Summer,C_H01,summer,False,,,,,,,,
W128,H01,60,2020,september,B_nearsurface,year_month_station,1,HaiSec_44,2020-09-01 09:21:00,,,,,,,False,Summer,C_H01,summer,False,,,,,,,,
W129,H02,1,2020,september,A_surface,year_month_station,1,HaiSec_44,2020-09-01 10:22:00,29.3736,39.1184,173.067,0.11828,115.0,-114.0,True,Summer,D_H02,summer,False,,,,,,,,
W130,H02,110,2020,september,C_DCM,year_month_station,1,HaiSec_44,2020-09-01 10:22:00,17.332,38.9606,214.39,0.44344,115.0,-5.0,True,Summer,D_H02,summer,False,,,,,,,,
W131,H02,180,2020,september,D_below_DCM,year_month_station,1,HaiSec_44,2020-09-01 10:22:00,16.3443,39.1652,198.10699,0.09851,115.0,65.0,True,Summer,D_H02,summer,False,,,,,,,,
W132,H02,300,2020,september,F_300-600,year_month_station,1,HaiSec_44,2020-09-01 10:22:00,14.8686,38.9864,177.55701,0.11194,115.0,185.0,True,Summer,D_H02,summer,False,,,,,,,,
W133,H03,1,2020,september,A_surface,year_month_station,1,HaiSec_44,2020-09-01 11:24:00,29.478,39.1254,174.313,0.12386,110.0,-109.0,True,Summer,E_H03,summer,False,,,,,,,,
W134,H03,55,2020,september,B_nearsurface,year_month_station,1,HaiSec_44,2020-09-01 11:24:00,23.1174,38.6623,208.489,0.18752,110.0,-55.0,True,Summer,E_H03,summer,False,,,,,,,,
W135,H03,110,2020,september,C_DCM,year_month_station,1,HaiSec_44,2020-09-01 11:24:00,17.3376,38.9687,223.01801,0.46348,110.0,0.0,True,Summer,E_H03,summer,False,,,,,,,,
W136,H03,180,2020,september,D_below_DCM,year_month_station,1,HaiSec_44,2020-09-01 11:24:00,16.3893,39.1756,200.54401,0.10918,110.0,70.0,True,Summer,E_H03,summer,False,,,,,,,,
W137,H03,300,2020,september,F_300-600,year_month_station,1,HaiSec_44,2020-09-01 11:24:00,14.8885,38.9908,177.963,0.11051,110.0,190.0,True,Summer,E_H03,summer,False,,,,,,,,
W138,H03,396,2020,september,F_300-600,year_month_station,1,HaiSec_44,2020-09-01 11:24:00,14.3065,38.8906,171.89,0.11701,110.0,286.0,True,Summer,E_H03,summer,False,,,,,,,,
W139,H04,1,2020,september,A_surface,year_month_station,1,HaiSec_44,2020-09-01 14:24:00,29.7424,39.213,176.51401,0.15159,125.0,-124.0,True,Summer,F_H04,summer,False,,,,,,,,
W140,H04,50,2020,september,B_nearsurface,year_month_station,1,HaiSec_44,2020-09-01 14:24:00,22.1662,38.6667,214.278,0.21394,125.0,-75.0,True,Summer,F_H04,summer,False,,,,,,,,
W141,H04,110,2020,september,C_DCM,year_month_station,1,HaiSec_44,2020-09-01 14:24:00,17.5845,39.0412,232.02699,0.25712,125.0,-15.0,True,Summer,F_H04,summer,False,,,,,,,,
W142,H04,180,2020,september,D_below_DCM,year_month_station,1,HaiSec_44,2020-09-01 14:24:00,16.5287,39.1785,203.162,0.12809,125.0,55.0,True,Summer,F_H04,summer,False,,,,,,,,
W143,H04,375,2020,september,F_300-600,year_month_station,1,HaiSec_44,2020-09-01 14:24:00,14.5481,38.9344,174.01401,0.111,125.0,250.0,True,Summer,F_H04,summer,False,,,,,,,,
W144,H04,550,2020,september,F_300-600,year_month_station,1,HaiSec_44,2020-09-01 14:24:00,13.9639,38.8199,170.655,0.11156,125.0,425.0,True,Summer,F_H04,summer,False,,,,,,,,
W145,H04,800,2020,september,G_below_600,year_month_station,1,HaiSec_44,2020-09-01 14:24:00,13.7595,38.7693,172.99001,0.11104,125.0,675.0,True,Summer,F_H04,summer,False,,,,,,,,
W146,H04,1100,2020,september,H_near_bottom,year_month_station,1,HaiSec_44,2020-09-01 14:24:00,13.7625,38.7665,174.995,0.11278,125.0,975.0,True,Summer,F_H04,summer,False,,,,,,,,
W147,H05,1,2020,september,A_surface,year_month_station,1,HaiSec_44,2020-09-01 17:26:00,29.1659,39.5363,170.61,0.13259,124.0,-123.0,True,Summer,G_H05,summer,False,,,,,,,,
W148,H05,50,2020,september,B_nearsurface,year_month_station,1,HaiSec_44,2020-09-01 17:26:00,19.8445,38.6908,224.84,0.1465,124.0,-74.0,True,Summer,G_H05,summer,False,,,,,,,,
W149,H05,120,2020,september,C_DCM,year_month_station,1,HaiSec_44,2020-09-01 17:26:00,17.0569,39.0499,222.021,0.32757,124.0,-4.0,True,Summer,G_H05,summer,False,,,,,,,,
W150,H05,180,2020,september,D_below_DCM,year_month_station,1,HaiSec_44,2020-09-01 17:26:00,16.5452,39.1833,202.177,0.18885,124.0,56.0,True,Summer,G_H05,summer,False,,,,,,,,
W151,H05,375,2020,september,F_300-600,year_month_station,1,HaiSec_44,2020-09-01 17:26:00,14.6869,38.9585,174.694,0.10691,124.0,251.0,True,Summer,G_H05,summer,False,,,,,,,,
W152,H05,550,2020,september,F_300-600,year_month_station,1,HaiSec_44,2020-09-01 17:26:00,13.9953,38.8263,168.763,0.10965,124.0,426.0,True,Summer,G_H05,summer,False,,,,,,,,
W153,H05,800,2020,september,G_below_600,year_month_station,1,HaiSec_44,2020-09-01 17:26:00,13.7939,38.7753,170.642,0.11008,124.0,676.0,True,Summer,G_H05,summer,False,,,,,,,,
W154,H05,1400,2020,september,G_below_600,year_month_station,1,HaiSec_44,2020-09-01 17:26:00,13.809,38.7711,176.47301,0.11072,124.0,1276.0,True,Summer,G_H05,summer,False,,,,,,,,
W155,H06,1745,2020,september,H_near_bottom,year_month_station,1,HaiSec_44,2020-09-01 23:44:00,13.866,38.7732,176.506,0.1115,107.0,1638.0,True,Summer,H_H06,summer,False,,,,,,,,
W156,H06,1000,2020,september,G_below_600,year_month_station,1,HaiSec_44,2020-09-01 23:44:00,13.7717,38.7641,172.589,0.10894,107.0,893.0,True,Summer,H_H06,summer,False,,,,,,,,
W157,H06,500,2020,september,F_300-600,year_month_station,1,HaiSec_44,2020-09-01 23:44:00,14.1082,38.8517,167.661,0.11027,107.0,393.0,True,Summer,H_H06,summer,False,,,,,,,,
W158,H06,375,2020,september,F_300-600,year_month_station,1,HaiSec_44,2020-09-01 23:44:00,14.5384,38.9353,173.895,0.11171,107.0,268.0,True,Summer,H_H06,summer,False,,,,,,,,
W160,H06,180,2020,september,D_below_DCM,year_month_station,1,HaiSec_44,2020-09-01 23:44:00,16.2546,39.164,199.259,0.13234,107.0,73.0,True,Summer,H_H06,summer,False,,,,,,,,
W161,H06,110,2020,september,C_DCM,year_month_station,1,HaiSec_44,2020-09-01 23:44:00,16.9435,39.141,216.80099,0.29301,107.0,3.0,True,Summer,H_H06,summer,False,,,,,,,,
W162,H06,1,2020,september,A_surface,year_month_station,1,HaiSec_44,2020-09-01 23:44:00,28.8246,39.522,181.30299,0.12719,107.0,-106.0,True,Summer,H_H06,summer,False,,,,,,,,
W181,U_DL,180,2020,october,D_below_DCM,year_month_station,0,,,,,,,,,False,Summer,U_DL,summer,False,,,,,,,,
W182,U_DL,110,2020,october,C_DCM,year_month_station,0,,,,,,,,,False,Summer,U_DL,summer,False,,,,,,,,
W183,U_DL,70,2020,october,B_nearsurface,year_month_station,0,,,,,,,,,False,Summer,U_DL,summer,False,,,,,,,,
W184,U_DL,1,2020,october,A_surface,year_month_station,0,,,,,,,,,False,Summer,U_DL,summer,False,,,,,,,,
W2,U_DL,80,2020,february,C_DCM,year_month_station,0,,,,,,,,,False,A_Winter,U_DL,a_winter,False,,,,,,,,
W231,X_HZ3,15,2021,february,B_nearsurface,year_month_station,0,,,,,,,,,False,A_Winter,X_HZ3,a_winter,False,,,,,,,,
W232,X_HZ3,1,2021,february,A_surface,year_month_station,0,,,,,,,,,False,A_Winter,X_HZ3,a_winter,False,,,,,,,,
W233,X_HZ3,30,2021,february,B_nearsurface,year_month_station,0,,,,,,,,,False,A_Winter,X_HZ3,a_winter,False,,,,,,,,
W234,X_HZ9,1,2021,february,A_surface,year_month_station,0,,,,,,,,,False,A_Winter,X_HZ9,a_winter,False,,,,,,,,
W235,X_HZ9,40,2021,february,B_nearsurface,year_month_station,0,,,,,,,,,False,A_Winter,X_HZ9,a_winter,False,,,,,,,,
W236,X_HZ9,60,2021,february,B_nearsurface,year_month_station,0,,,,,,,,,False,A_Winter,X_HZ9,a_winter,False,,,,,,,,
W237,X_HZ9,100,2021,february,B_nearsurface,year_month_station,0,,,,,,,,,False,A_Winter,X_HZ9,a_winter,False,,,,,,,,
W238,X_HZ15,5,2021,february,A_surface,year_month_station,0,,,,,,,,,False,A_Winter,X_HZ15,a_winter,False,,,,,,,,
W239,X_HZ15,60,2021,february,B_nearsurface,year_month_station,0,,,,,,,,,False,A_Winter,X_HZ15,a_winter,False,,,,,,,,
W240,X_HZ15,120,2021,february,C_DCM,year_month_station,0,,,,,,,,,False,A_Winter,X_HZ15,a_winter,False,,,,,,,,
W241,X_HZ15,180,2021,february,D_below_DCM,year_month_station,0,,,,,,,,,False,A_Winter,X_HZ15,a_winter,False,,,,,,,,
W242,X_HZ15,240,2021,february,D_below_DCM,year_month_station,0,,,,,,,,,False,A_Winter,X_HZ15,a_winter,False,,,,,,,,
W254,H15,1,2021,march,A_surface,year_month_station,1,HaiSec_45,2021-03-09 08:07:00,18.2749,38.9209,232.418,0.32222,,,True,A_Winter,A_H15,a_winter,False,,,,,,,,
W255,H15,16,2021,march,B_nearsurface,year_month_station,1,HaiSec_45,2021-03-09 08:07:00,18.1102,38.9324,232.155,0.71037,,,True,A_Winter,A_H15,a_winter,False,,,,,,,,
W256,H25,1,2021,march,A_surface,year_month_station,1,HaiSec_45,2021-03-09 09:13:00,18.3427,38.9767,223.25999,0.17663,,,True,A_Winter,B_H25,a_winter,False,,,,,,,,
W257,H25,25,2021,march,B_nearsurface,year_month_station,1,HaiSec_45,2021-03-09 09:13:00,18.1604,38.9804,222.46899,0.31801,,,True,A_Winter,B_H25,a_winter,False,,,,,,,,
W258,H01,1,2021,march,A_surface,year_month_station,1,HaiSec_45,2021-03-09 10:04:00,18.7361,38.9987,219.92999,0.11097,55.0,-54.0,True,A_Winter,C_H01,a_winter,False,,,,,,,,
W259,H01,20,2021,march,B_nearsurface,year_month_station,1,HaiSec_45,2021-03-09 10:04:00,18.3551,38.9955,220.112,0.13487,55.0,-35.0,True,A_Winter,C_H01,a_winter,False,,,,,,,,
W260,H01,40,2021,march,B_nearsurface,year_month_station,1,HaiSec_45,2021-03-09 10:04:00,18.2983,38.993,220.101,0.21128,55.0,-15.0,True,A_Winter,C_H01,a_winter,False,,,,,,,,
W261,H01,55,2021,march,B_nearsurface,year_month_station,1,HaiSec_45,2021-03-09 10:04:00,18.0685,38.968,221.215,0.39167,55.0,0.0,True,A_Winter,C_H01,a_winter,False,,,,,,,,
W262,H02,1,2021,march,A_surface,year_month_station,1,HaiSec_45,2021-03-09 11:12:00,18.7685,38.9786,220.58,0.10678,66.0,-65.0,True,A_Winter,D_H02,a_winter,False,,,,,,,,
W263,H02,65,2021,march,C_DCM,year_month_station,1,HaiSec_45,2021-03-09 11:12:00,18.2822,39.0009,219.16901,0.30066,66.0,-1.0,True,A_Winter,D_H02,a_winter,False,,,,,,,,
W264,H02,180,2021,march,D_below_DCM,year_month_station,1,HaiSec_45,2021-03-09 11:12:00,17.7499,39.0372,212.261,0.10854,66.0,114.0,True,A_Winter,D_H02,a_winter,False,,,,,,,,
W266,H02,311,2021,march,F_300-600,year_month_station,1,HaiSec_45,2021-03-09 11:12:00,14.4379,38.9185,171.125,0.0902,66.0,245.0,True,A_Winter,D_H02,a_winter,False,,,,,,,,
W267,H03,1,2021,march,A_surface,year_month_station,1,HaiSec_45,2021-03-09 12:30:00,18.6516,39.0056,220.33299,0.11712,69.0,-68.0,True,A_Winter,E_H03,a_winter,False,,,,,,,,
W268,H03,70,2021,march,B_nearsurface,year_month_station,1,HaiSec_45,2021-03-09 12:30:00,18.1964,39.003,218.58501,0.33203,69.0,1.0,True,A_Winter,E_H03,a_winter,False,,,,,,,,
W269,H03,180,2021,march,C_DCM,year_month_station,1,HaiSec_45,2021-03-09 12:30:00,17.7319,39.0208,212.877,0.10632,69.0,111.0,True,A_Winter,E_H03,a_winter,False,,,,,,,,
W270,H03,210,2021,march,D_below_DCM,year_month_station,1,HaiSec_45,2021-03-09 12:30:00,16.2854,39.1376,198.088,0.09407,69.0,141.0,True,A_Winter,E_H03,a_winter,False,,,,,,,,
W271,H03,375,2021,march,F_300-600,year_month_station,1,HaiSec_45,2021-03-09 12:30:00,14.2925,38.8909,169.851,0.0928,69.0,306.0,True,A_Winter,E_H03,a_winter,False,,,,,,,,
W273,H04,1,2021,march,A_surface,year_month_station,1,HaiSec_45,2021-03-09 15:40:00,18.4687,38.947,220.78999,0.15385,65.0,-64.0,True,A_Winter,F_H04,a_winter,False,,,,,,,,
W274,H04,65,2021,march,B_nearsurface,year_month_station,1,HaiSec_45,2021-03-09 15:40:00,18.1977,38.996,219.226,0.22799,65.0,0.0,True,A_Winter,F_H04,a_winter,False,,,,,,,,
W275,H04,180,2021,march,C_DCM,year_month_station,1,HaiSec_45,2021-03-09 15:40:00,17.2668,39.0429,210.073,0.12484,65.0,115.0,True,A_Winter,F_H04,a_winter,False,,,,,,,,
W276,H04,240,2021,march,D_below_DCM,year_month_station,1,HaiSec_45,2021-03-09 15:40:00,16.3608,39.172,196.806,0.10615,65.0,175.0,True,A_Winter,F_H04,a_winter,False,,,,,,,,
W277,H04,375,2021,march,F_300-600,year_month_station,1,HaiSec_45,2021-03-09 15:40:00,14.8214,38.9869,176.605,0.103,65.0,310.0,True,A_Winter,F_H04,a_winter,False,,,,,,,,
W278,H04,550,2021,march,F_300-600,year_month_station,1,HaiSec_45,2021-03-09 15:40:00,14.0275,38.8342,165.97301,0.10275,65.0,485.0,True,A_Winter,F_H04,a_winter,False,,,,,,,,
W279,H04,800,2021,march,G_below_600,year_month_station,1,HaiSec_45,2021-03-09 15:40:00,13.807,38.7807,168.067,0.10348,65.0,735.0,True,A_Winter,F_H04,a_winter,False,,,,,,,,
W280,H04,1100,2021,march,H_near_bottom,year_month_station,1,HaiSec_45,2021-03-09 15:40:00,13.7613,38.7663,171.006,0.10334,65.0,1035.0,True,A_Winter,F_H04,a_winter,False,,,,,,,,
W281,H05,1,2021,march,A_surface,year_month_station,1,HaiSec_45,2021-03-09 18:01:00,18.3684,38.9875,220.88699,0.13686,79.0,-78.0,True,A_Winter,G_H05,a_winter,False,,,,,,,,
W282,H05,80,2021,march,B_nearsurface,year_month_station,1,HaiSec_45,2021-03-09 18:01:00,18.0301,39.0416,217.431,0.20429,79.0,1.0,True,A_Winter,G_H05,a_winter,False,,,,,,,,
W284,H05,200,2021,march,D_below_DCM,year_month_station,1,HaiSec_45,2021-03-09 18:01:00,16.3528,39.1714,198.036,0.09648,79.0,121.0,True,A_Winter,G_H05,a_winter,False,,,,,,,,
W285,H05,375,2021,march,F_300-600,year_month_station,1,HaiSec_45,2021-03-09 18:01:00,14.5759,38.9397,171.567,0.1002,79.0,296.0,True,A_Winter,G_H05,a_winter,False,,,,,,,,
W286,H05,550,2021,march,F_300-600,year_month_station,1,HaiSec_45,2021-03-09 18:01:00,13.9499,38.8177,165.326,0.10146,79.0,471.0,True,A_Winter,G_H05,a_winter,False,,,,,,,,
W287,H05,800,2021,march,G_below_600,year_month_station,1,HaiSec_45,2021-03-09 18:01:00,13.7701,38.77,167.05299,0.10205,79.0,721.0,True,A_Winter,G_H05,a_winter,False,,,,,,,,
W288,H05,1450,2021,march,H_near_bottom,year_month_station,1,HaiSec_45,2021-03-09 18:01:00,13.8177,38.7733,171.17599,0.10359,79.0,1371.0,True,A_Winter,G_H05,a_winter,False,,,,,,,,
W289,H06,1,2021,march,A_surface,year_month_station,1,HaiSec_45,2021-03-09 23:16:00,18.0899,39.0894,221.938,0.14,90.0,-89.0,True,A_Winter,H_H06,a_winter,False,,,,,,,,
W290,H06,90,2021,march,C_DCM,year_month_station,1,HaiSec_45,2021-03-09 23:16:00,17.1947,39.0455,212.72501,0.31626,90.0,0.0,True,A_Winter,H_H06,a_winter,False,,,,,,,,
W291,H06,180,2021,march,D_below_DCM,year_month_station,1,HaiSec_45,2021-03-09 23:16:00,16.2263,39.1633,194.405,0.09798,90.0,90.0,True,A_Winter,H_H06,a_winter,False,,,,,,,,
W292,H06,350,2021,march,F_300-600,year_month_station,1,HaiSec_45,2021-03-09 23:16:00,14.5797,38.9397,171.96201,0.09873,90.0,260.0,True,A_Winter,H_H06,a_winter,False,,,,,,,,
W293,H06,375,2021,march,F_300-600,year_month_station,1,HaiSec_45,2021-03-09 23:16:00,14.4936,38.9268,170.414,0.09944,90.0,285.0,True,A_Winter,H_H06,a_winter,False,,,,,,,,
W294,H06,550,2021,march,F_300-600,year_month_station,1,HaiSec_45,2021-03-09 23:16:00,13.9856,38.8253,165.519,0.10174,90.0,460.0,True,A_Winter,H_H06,a_winter,False,,,,,,,,
W295,H06,800,2021,march,G_below_600,year_month_station,1,HaiSec_45,2021-03-09 23:16:00,13.7979,38.7772,167.106,0.10158,90.0,710.0,True,A_Winter,H_H06,a_winter,False,,,,,,,,
W296,H06,1740,2021,march,H_near_bottom,year_month_station,1,HaiSec_45,2021-03-09 23:16:00,13.8642,38.7731,170.74899,0.10333,90.0,1650.0,True,A_Winter,H_H06,a_winter,False,,,,,,,,
W297,I_G05,1,2021,march,A_surface,year_month_station,0,,,,,,,,,False,A_Winter,I_G05,a_winter,False,,,,,,,,
W298,I_G05,65,2021,march,C_DCM,year_month_station,0,,,,,,,,,False,A_Winter,I_G05,a_winter,False,,,,,,,,
W299,I_G05,180,2021,march,D_below_DCM,year_month_station,0,,,,,,,,,False,A_Winter,I_G05,a_winter,False,,,,,,,,
W3,U_DL,1,2020,february,A_surface,year_month_station,0,,,,,,,,,False,A_Winter,U_DL,a_winter,False,,,,,,,,
W300,I_G05,375,2021,march,F_300-600,year_month_station,0,,,,,,,,,False,A_Winter,I_G05,a_winter,False,,,,,,,,
W301,I_G05,550,2021,march,F_300-600,year_month_station,0,,,,,,,,,False,A_Winter,I_G05,a_winter,False,,,,,,,,
W302,I_G05,800,2021,march,F_300-600,year_month_station,0,,,,,,,,,False,A_Winter,I_G05,a_winter,False,,,,,,,,
W303,I_G05,1375,2021,march,G_below_600,year_month_station,0,,,,,,,,,False,A_Winter,I_G05,a_winter,False,,,,,,,,
W304,I_G05,1912,2021,march,H_near_bottom,year_month_station,0,,,,,,,,,False,A_Winter,I_G05,a_winter,False,,,,,,,,
W31,H15,1,2020,march,A_surface,year_month_station,1,HaiSec_43,2020-03-16 07:36:00,17.9243,38.7014,231.875,0.52873,,,True,A_Winter,A_H15,a_winter,False,,,,,,,,
W32,H15,15,2020,march,B_nearsurface,year_month_station,1,HaiSec_43,2020-03-16 07:36:00,17.4747,38.8263,212.76199,1.7504,,,True,A_Winter,A_H15,a_winter,False,,,,,,,,
W33,H25,1,2020,march,A_surface,year_month_station,1,HaiSec_43,2020-03-16 08:46:00,18.1093,38.9073,217.01199,0.3059,,,True,A_Winter,B_H25,a_winter,False,,,,,,,,
W34,H25,24,2020,march,B_nearsurface,year_month_station,1,HaiSec_43,2020-03-16 08:46:00,17.4166,38.9023,211.94701,0.58512,,,True,A_Winter,B_H25,a_winter,False,,,,,,,,
W35,H01,1,2020,march,A_surface,year_month_station,1,HaiSec_43,2020-03-16 09:51:00,17.9784,38.9115,218.722,0.33341,14.0,-13.0,True,A_Winter,C_H01,a_winter,False,,,,,,,,
W36,H01,15,2020,march,B_nearsurface,year_month_station,1,HaiSec_43,2020-03-16 09:51:00,17.4813,38.9139,217.08,0.74802,14.0,1.0,True,A_Winter,C_H01,a_winter,False,,,,,,,,
W37,H01,40,2020,march,B_nearsurface,year_month_station,1,HaiSec_43,2020-03-16 09:51:00,17.4135,38.9206,212.498,0.4919,14.0,26.0,True,A_Winter,C_H01,a_winter,False,,,,,,,,
W39,H02,1,2020,march,A_surface,year_month_station,1,HaiSec_43,2020-03-16 10:58:00,18.0801,38.9142,217.899,0.30211,22.0,-21.0,True,A_Winter,D_H02,a_winter,False,,,,,,,,
W40,H02,24,2020,march,B_nearsurface,year_month_station,1,HaiSec_43,2020-03-16 10:58:00,17.4429,38.925,216.396,0.74582,22.0,2.0,True,A_Winter,D_H02,a_winter,False,,,,,,,,
W41,H02,180,2020,march,D_below_DCM,year_month_station,1,HaiSec_43,2020-03-16 10:58:00,17.2524,39.0708,214.61,0.16692,22.0,158.0,True,A_Winter,D_H02,a_winter,False,,,,,,,,
W42,H02,243,2020,march,D_below_DCM,year_month_station,1,HaiSec_43,2020-03-16 10:58:00,16.0586,39.1321,190.474,0.11889,22.0,221.0,True,A_Winter,D_H02,a_winter,False,,,,,,,,
W423,H06,180,2022,may,D_below_DCM,year_month_station,0,,,,,,,,,False,A_Winter,H_H06,a_winter,False,,,,,,,,
W424,H06,250,2022,may,D_below_DCM,year_month_station,0,,,,,,,,,False,A_Winter,H_H06,a_winter,False,,,,,,,,
W425,H06,375,2022,may,F_300-600,year_month_station,0,,,,,,,,,False,A_Winter,H_H06,a_winter,False,,,,,,,,
W426,H06,550,2022,may,F_300-600,year_month_station,0,,,,,,,,,False,A_Winter,H_H06,a_winter,False,,,,,,,,
W427,H06,800,2022,may,G_below_600,year_month_station,0,,,,,,,,,False,A_Winter,H_H06,a_winter,False,,,,,,,,
W428,H06,1200,2022,may,G_below_600,year_month_station,0,,,,,,,,,False,A_Winter,H_H06,a_winter,False,,,,,,,,
W429,H06,1550,2022,may,H_near_bottom,year_month_station,0,,,,,,,,,False,A_Winter,H_H06,a_winter,False,,,,,,,,
W43,H03,1,2020,march,A_surface,year_month_station,1,HaiSec_43,2020-03-16 12:26:00,18.205,38.9038,216.414,0.19271,37.0,-36.0,True,A_Winter,E_H03,a_winter,False,,,,,,,,
W430,H06,1741,2022,may,G_below_600,year_month_station,0,,,,,,,,,False,A_Winter,H_H06,a_winter,False,,,,,,,,
W431,H15,1,2022,may,A_surface,year_month_station,0,,,,,,,,,False,A_Winter,A_H15,a_winter,False,,,,,,,,
W432,H15,15,2022,may,B_nearsurface,year_month_station,0,,,,,,,,,False,A_Winter,A_H15,a_winter,False,,,,,,,,
W433,H25,1,2022,may,A_surface,year_month_station,0,,,,,,,,,False,A_Winter,B_H25,a_winter,False,,,,,,,,
W434,H25,25,2022,may,B_nearsurface,year_month_station,0,,,,,,,,,False,A_Winter,B_H25,a_winter,False,,,,,,,,
W435,H01,1,2022,may,A_surface,year_month_station,0,,,,,,,,,False,A_Winter,C_H01,a_winter,False,,,,,,,,
W436,H01,15,2022,may,B_nearsurface,year_month_station,0,,,,,,,,,False,A_Winter,C_H01,a_winter,False,,,,,,,,
W437,H01,35,2022,may,B_nearsurface,year_month_station,0,,,,,,,,,False,A_Winter,C_H01,a_winter,False,,,,,,,,
W438,H01,57,2022,may,B_nearsurface,year_month_station,0,,,,,,,,,False,A_Winter,C_H01,a_winter,False,,,,,,,,
W439,H02,1,2022,may,A_surface,year_month_station,0,,,,,,,,,False,A_Winter,D_H02,a_winter,False,,,,,,,,
W44,H03,40,2020,march,B_nearsurface,year_month_station,1,HaiSec_43,2020-03-16 12:26:00,17.3826,38.9109,217.174,0.72824,37.0,3.0,True,A_Winter,E_H03,a_winter,False,,,,,,,,
W440,H02,70,2022,may,C_DCM,year_month_station,0,,,,,,,,,False,A_Winter,D_H02,a_winter,False,,,,,,,,
W441,H02,180,2022,may,D_below_DCM,year_month_station,0,,,,,,,,,False,A_Winter,D_H02,a_winter,False,,,,,,,,
W442,H02,245,2022,may,D_below_DCM,year_month_station,0,,,,,,,,,False,A_Winter,D_H02,a_winter,False,,,,,,,,
W443,H02,1,2022,may,A_surface,year_month_station,0,,,,,,,,,False,A_Winter,D_H02,a_winter,False,,,,,,,,
W444,H03,80,2022,may,B_nearsurface,year_month_station,0,,,,,,,,,False,A_Winter,E_H03,a_winter,False,,,,,,,,
W445,H03,140,2022,may,C_DCM,year_month_station,0,,,,,,,,,False,A_Winter,E_H03,a_winter,False,,,,,,,,
W446,H03,180,2022,may,D_below_DCM,year_month_station,0,,,,,,,,,False,A_Winter,E_H03,a_winter,False,,,,,,,,
W447,H03,375,2022,may,F_300-600,year_month_station,0,,,,,,,,,False,A_Winter,E_H03,a_winter,False,,,,,,,,
W448,H03,609,2022,may,F_300-600,year_month_station,0,,,,,,,,,False,A_Winter,E_H03,a_winter,False,,,,,,,,
W449,H03,1,2022,may,A_surface,year_month_station,0,,,,,,,,,False,A_Winter,E_H03,a_winter,False,,,,,,,,
W45,H03,180,2020,march,D_below_DCM,year_month_station,1,HaiSec_43,2020-03-16 12:26:00,17.2192,39.0604,213.64999,0.15704,37.0,143.0,True,A_Winter,E_H03,a_winter,False,,,,,,,,
W450,H04,60,2022,may,B_nearsurface,year_month_station,0,,,,,,,,,False,A_Winter,F_H04,a_winter,False,,,,,,,,
W451,H04,80,2022,may,C_DCM,year_month_station,0,,,,,,,,,False,A_Winter,F_H04,a_winter,False,,,,,,,,
W452,H04,180,2022,may,D_below_DCM,year_month_station,0,,,,,,,,,False,A_Winter,F_H04,a_winter,False,,,,,,,,
W453,H04,250,2022,may,F_300-600,year_month_station,0,,,,,,,,,False,A_Winter,F_H04,a_winter,False,,,,,,,,
W454,H04,375,2022,may,F_300-600,year_month_station,0,,,,,,,,,False,A_Winter,F_H04,a_winter,False,,,,,,,,
W455,H04,550,2022,may,G_below_600,year_month_station,0,,,,,,,,,False,A_Winter,F_H04,a_winter,False,,,,,,,,
W456,H04,800,2022,may,G_below_600,year_month_station,0,,,,,,,,,False,A_Winter,F_H04,a_winter,False,,,,,,,,
W457,H04,1145,2022,may,G_below_600,year_month_station,0,,,,,,,,,False,A_Winter,F_H04,a_winter,False,,,,,,,,
W458,H05,1,2022,may,A_surface,year_month_station,0,,,,,,,,,False,A_Winter,G_H05,a_winter,False,,,,,,,,
W459,H05,60,2022,may,B_nearsurface,year_month_station,0,,,,,,,,,False,A_Winter,G_H05,a_winter,False,,,,,,,,
W46,H03,240,2020,march,D_below_DCM,year_month_station,1,HaiSec_43,2020-03-16 12:26:00,16.4475,39.1614,194.131,0.12461,37.0,203.0,True,A_Winter,E_H03,a_winter,False,,,,,,,,
W460,H05,100,2022,may,C_DCM,year_month_station,0,,,,,,,,,False,A_Winter,G_H05,a_winter,False,,,,,,,,
W461,H05,180,2022,may,D_below_DCM,year_month_station,0,,,,,,,,,False,A_Winter,G_H05,a_winter,False,,,,,,,,
W462,H05,250,2022,may,D_below_DCM,year_month_station,0,,,,,,,,,False,A_Winter,G_H05,a_winter,False,,,,,,,,
W463,H05,375,2022,may,F_300-600,year_month_station,0,,,,,,,,,False,A_Winter,G_H05,a_winter,False,,,,,,,,
W464,H05,550,2022,may,F_300-600,year_month_station,0,,,,,,,,,False,A_Winter,G_H05,a_winter,False,,,,,,,,
W465,H05,800,2022,may,G_below_600,year_month_station,0,,,,,,,,,False,A_Winter,G_H05,a_winter,False,,,,,,,,
W466,H05,1250,2022,may,G_below_600,year_month_station,0,,,,,,,,,False,A_Winter,G_H05,a_winter,False,,,,,,,,
W467,H05,1455,2022,may,H_near_bottom,year_month_station,0,,,,,,,,,False,A_Winter,G_H05,a_winter,False,,,,,,,,
W468,H06,1,2022,may,A_surface,year_month_station,0,,,,,,,,,False,A_Winter,H_H06,a_winter,False,,,,,,,,
W469,H06,40,2022,may,B_nearsurface,year_month_station,0,,,,,,,,,False,A_Winter,H_H06,a_winter,False,,,,,,,,
W47,H03,480,2020,march,F_300-600,year_month_station,1,HaiSec_43,2020-03-16 12:26:00,14.4933,38.9194,168.69701,0.11658,37.0,443.0,True,A_Winter,E_H03,a_winter,False,,,,,,,,
W470,H06,85,2022,may,C_DCM,year_month_station,0,,,,,,,,,False,A_Winter,H_H06,a_winter,False,,,,,,,,
W48,H03,664,2020,march,G_below_600,year_month_station,1,HaiSec_43,2020-03-16 12:26:00,13.9733,38.8181,166.49899,0.11453,37.0,627.0,True,A_Winter,E_H03,a_winter,False,,,,,,,,
W49,H04,1,2020,march,A_surface,year_month_station,1,HaiSec_43,2020-03-16 15:02:00,17.8569,38.8646,197.53999,0.21955,68.0,-67.0,True,A_Winter,F_H04,a_winter,False,,,,,,,,
W5,U_DL,1100,2020,february,G_below_600,year_month_station,0,,,,,,,,,False,A_Winter,U_DL,a_winter,False,,,,,,,,
W50,H04,90,2020,march,C_DCM,year_month_station,1,HaiSec_43,2020-03-16 15:02:00,17.2333,39.0049,193.33099,0.26434,68.0,22.0,True,A_Winter,F_H04,a_winter,False,,,,,,,,
w503,H15,1,2022,august,A_surface,year_month_station,1,HaiSec_48,2022-08-16 15:29:24,30.299,39.4691,180.142,0.0924,,,True,Summer,A_H15,summer,True,0.6904615384615385,0.2048807902622817,0.0107318509185004,1.370750049135742,0.1851939451277199,185.0257790491172,8.044,
w504,H15,15,2022,august,B_nearsurface,year_month_station,1,HaiSec_48,2022-08-16 15:29:24,30.3325,39.4956,179.252,0.121,,,True,Summer,A_H15,summer,True,0.7154545454545485,,0.0156100051654039,1.3024598059883898,0.2366367076631977,174.69189420856728,8.043000000000001,
w506,H25,25,2022,august,B_nearsurface,year_month_station,1,HaiSec_48,2022-08-16 16:23:53,29.1202,39.2738,178.845,0.151,,,True,Summer,B_H25,summer,True,0.7502500000000012,,0.0146311205543614,1.2143830060120009,0.2160596026490066,190.40841937400896,8.042,
w507,H01,1,2022,august,A_surface,year_month_station,1,HaiSec_48,2022-08-16 17:12:29,29.9169,39.4111,182.39799,0.0663,53.0,-52.0,True,Summer,C_H01,summer,True,0.7755000000000001,,,1.3511317874922364,0.1028855250709555,187.05438258320223,8.043999999999999,
w508,H01,15,2022,august,B_nearsurface,year_month_station,1,HaiSec_48,2022-08-16 17:12:29,29.8319,39.3969,182.832,0.0664,53.0,-38.0,True,Summer,C_H01,summer,False,5.868749999999999,,,,,,,
w509,H01,35,2022,august,B_nearsurface,year_month_station,1,HaiSec_48,2022-08-16 17:12:29,27.5576,39.137,190.606,0.128,53.0,-18.0,True,Summer,C_H01,summer,True,0.3474999999999966,,,1.272345072853455,0.2572138126773888,197.43572559337647,8.020666666666667,
W51,H04,140,2020,march,C_DCM,year_month_station,1,HaiSec_43,2020-03-16 15:02:00,17.2383,39.0768,214.03999,0.17115,68.0,72.0,True,A_Winter,F_H04,a_winter,False,,,,,,,,
w510,H01,50,2022,august,B_nearsurface,year_month_station,1,HaiSec_48,2022-08-16 17:12:29,27.0526,39.1225,184.11,0.39,53.0,-3.0,True,Summer,C_H01,summer,True,3.809499999999993,0.1071586012811833,0.0126641983332307,1.4076743531937268,0.8127956480605488,200.28373609852167,7.992999999999999,
w511,H02,1,2022,august,A_surface,year_month_station,1,HaiSec_48,2022-08-17 12:06:51,29.4055,39.3785,188.933,0.0326,58.0,-57.0,True,Summer,D_H02,summer,True,1.0843333333333334,,,1.1265791127745683,0.0720198675496688,185.09059252070583,8.045333333333334,
w512,H02,60,2022,august,C_DCM,year_month_station,1,HaiSec_48,2022-08-17 12:06:51,23.182,38.9197,212.256,0.657,58.0,2.0,True,Summer,D_H02,summer,True,1.1073333333333366,,,1.1148272017837235,0.576158940397351,222.98188220663897,7.997333333333334,
w513,H02,120,2022,august,C_DCM,year_month_station,1,HaiSec_48,2022-08-17 12:06:51,16.8284,39.0227,224.985,0.248,58.0,62.0,True,Summer,D_H02,summer,True,0.12600000000000477,0.6221641708486144,,0.9283855986881668,0.3703878902554399,218.60744246312208,7.983,
w514,H02,180,2022,august,D_below_DCM,year_month_station,1,HaiSec_48,2022-08-17 12:06:51,16.0076,39.1237,196.127,0.107,58.0,122.0,True,Summer,D_H02,summer,True,0.7137500000000045,2.692126669030458,0.0670601950047298,2.308231349800483,0.0720198675496688,193.6266652686474,7.947666666666667,
w515,H02,240,2022,august,D_below_DCM,year_month_station,1,HaiSec_48,2022-08-17 12:06:51,15.2339,39.0477,183.59801,0.103,58.0,182.0,True,Summer,D_H02,summer,True,0.4767500000000098,4.402104341922814,0.139934442657149,4.164021436013082,0.0102885525070955,183.0738562366104,7.935333333333332,
w515ch,H02,240,2022,august,D_below_DCM,year_month_station,1,HaiSec_48,2022-08-17 12:06:51,15.2339,39.0477,183.59801,0.103,58.0,182.0,True,Summer,D_H02,summer,True,0.4767500000000098,4.402104341922814,0.139934442657149,4.164021436013082,0.0102885525070955,183.0738562366104,7.935333333333332,
w516,H02,330,2022,august,F_300-600,year_month_station,1,HaiSec_48,2022-08-17 12:06:51,14.6581,38.9587,175.23801,0.107,58.0,272.0,True,Summer,D_H02,summer,True,4.502999999999986,5.324926945014591,0.1962838034476181,5.961391753223451,0.0102885525070955,174.36837139005155,7.934666666666666,
w516ch,H02,330,2022,august,F_300-600,year_month_station,1,HaiSec_48,2022-08-17 12:06:51,14.6581,38.9587,175.23801,0.107,58.0,272.0,True,Summer,D_H02,summer,True,4.502999999999986,5.324926945014591,0.1962838034476181,5.961391753223451,0.0102885525070955,174.36837139005155,7.934666666666666,
w517,H03,1,2022,august,A_surface,year_month_station,1,HaiSec_48,2022-08-17 13:07:44,28.9544,39.3193,191.272,0.555,2.0,-1.0,True,Summer,E_H03,summer,True,0.4189999999999998,,,0.9606591077261666,0.0617313150425733,189.8896932917764,8.039,
w517ch,H03,1,2022,august,A_surface,year_month_station,1,HaiSec_48,2022-08-17 13:07:44,28.9544,39.3193,191.272,0.555,2.0,-1.0,True,Summer,E_H03,summer,True,0.4189999999999998,,,0.9606591077261666,0.0617313150425733,189.8896932917764,8.039,
w518,H03,50,2022,august,C_DCM,year_month_station,1,HaiSec_48,2022-08-17 13:07:44,23.7673,38.8068,217.17,0.111,2.0,48.0,True,Summer,E_H03,summer,True,0.5663333333333398,0.2435424555548007,,0.988782369552491,0.0925969725638599,221.1844516431626,8.01,
w518ch,H03,50,2022,august,C_DCM,year_month_station,1,HaiSec_48,2022-08-17 13:07:44,23.7673,38.8068,217.17,0.111,2.0,48.0,True,Summer,E_H03,summer,True,0.5663333333333398,0.2435424555548007,,0.988782369552491,0.0925969725638599,221.1844516431626,8.01,
w519,H03,120,2022,august,C_DCM,year_month_station,1,HaiSec_48,2022-08-17 13:07:44,16.8896,39.0553,227.61099,0.144,2.0,118.0,True,Summer,E_H03,summer,True,0.9899999999999949,,,0.9964246662771266,0.3086565752128666,220.4729066435893,7.984333333333335,
w519ch,H03,120,2022,august,C_DCM,year_month_station,1,HaiSec_48,2022-08-17 13:07:44,16.8896,39.0553,227.61099,0.144,2.0,118.0,True,Summer,E_H03,summer,True,0.9899999999999949,,,0.9964246662771266,0.3086565752128666,220.4729066435893,7.984333333333335,
W52,H04,180,2020,march,D_below_DCM,year_month_station,1,HaiSec_43,2020-03-16 15:02:00,17.1974,39.1066,213.116,0.15324,68.0,112.0,True,A_Winter,F_H04,a_winter,False,,,,,,,,
w520,H03,180,2022,august,D_below_DCM,year_month_station,1,HaiSec_48,2022-08-17 13:07:44,16.3105,39.1333,202.864,0.0889,2.0,178.0,True,Summer,E_H03,summer,True,1.0223333333333358,2.274304220846214,0.0437366196316579,1.8806746441612925,0.0514427625354777,197.3676916418196,7.956666666666667,
w520ch,H03,180,2022,august,D_below_DCM,year_month_station,1,HaiSec_48,2022-08-17 13:07:44,16.3105,39.1333,202.864,0.0889,2.0,178.0,True,Summer,E_H03,summer,True,1.0223333333333358,2.274304220846214,0.0437366196316579,1.8806746441612925,0.0514427625354777,197.3676916418196,7.956666666666667,
w521,H03,240,2022,august,D_below_DCM,year_month_station,1,HaiSec_48,2022-08-17 13:07:44,15.4091,39.0734,186.02499,0.078,2.0,238.0,True,Summer,E_H03,summer,True,1.2823333333333267,4.314692554994757,0.1311899763343,3.6878960013975455,0.0411542100283822,184.4386522545388,7.945,
w522,H03,310,2022,august,F_300-600,year_month_station,1,HaiSec_48,2022-08-17 13:07:44,14.7818,38.9818,177.77499,0.083,2.0,308.0,True,Summer,E_H03,summer,True,0.13566666666662286,5.2375531589782,0.1865696115999655,5.203543073530289,,177.14751054128263,7.939333333333333,
w523,H03,375,2022,august,F_300-600,year_month_station,1,HaiSec_48,2022-08-17 13:07:44,14.4096,38.9145,172.909,0.085,2.0,373.0,True,Summer,E_H03,summer,True,0.33833333333330984,5.528891779473981,0.212799173937575,6.486002219330197,,172.77022546709907,7.942333333333333,
w524,H03,570,2022,august,F_300-600,year_month_station,1,HaiSec_48,2022-08-17 13:07:44,13.9614,38.8204,169.494,0.0869,2.0,568.0,True,Summer,E_H03,summer,True,0.13450000000000273,5.55787579056107,0.2361125554381713,7.96272589224615,,172.0399152072856,7.946333333333333,
w525,H04,1,2022,august,A_surface,year_month_station,1,HaiSec_48,2022-08-17 14:27:40,29.5782,39.3949,187.73599,0.472,127.0,-126.0,True,Summer,F_H04,summer,True,0.5665,,0.0204839059414154,1.350962368040971,0.0617313150425733,186.93635660983125,8.048,
w526,H04,36,2022,august,B_nearsurface,year_month_station,1,HaiSec_48,2022-08-17 14:27:40,24.9828,38.8516,207.685,0.113,127.0,-91.0,True,Summer,F_H04,summer,True,1.7139999999999986,0.0974168889030035,0.0263025600038109,1.3199988446356976,0.1028855250709555,211.98332917327195,8.011,
w527,H04,60,2022,august,C_DCM,year_month_station,1,HaiSec_48,2022-08-17 14:27:40,19.533,38.9594,243.578,0.109,127.0,-67.0,True,Summer,F_H04,summer,True,0.13300000000000267,,0.0165374282859286,0.9387422527012432,0.113174077578051,243.0256768724976,8.017,
w528,H04,130,2022,august,C_DCM,year_month_station,1,HaiSec_48,2022-08-17 14:27:40,16.6914,39.0813,218.162,0.164,127.0,3.0,True,Summer,F_H04,summer,True,0.8059999999999832,0.787373905349783,0.0204133975461054,1.1227368650358016,0.2263481551561021,,7.976666666666667,
w529,H04,180,2022,august,D_below_DCM,year_month_station,1,HaiSec_48,2022-08-17 14:27:40,16.3106,39.1357,200.22301,0.0853,127.0,53.0,True,Summer,F_H04,summer,True,0.6075000000000159,1.836942666492368,0.0340174567868957,1.637697562454836,0.0308656575212866,201.5472903158192,7.960333333333334,
W53,H04,375,2020,march,F_300-600,year_month_station,1,HaiSec_43,2020-03-16 15:02:00,14.9244,38.9933,174.239,0.11612,68.0,307.0,True,A_Winter,F_H04,a_winter,False,,,,,,,,
w530,H04,240,2022,august,D_below_DCM,year_month_station,1,HaiSec_48,2022-08-17 14:27:40,15.555,39.0896,187.621,0.0787,127.0,113.0,True,Summer,F_H04,summer,True,0.9165000000000134,3.8871996846703616,0.1234185899882839,3.3089787315756456,0.0102885525070955,185.81354104928064,7.944666666666666,
w531,H04,375,2022,august,F_300-600,year_month_station,1,HaiSec_48,2022-08-17 14:27:40,14.4409,38.9184,173.254,0.0822,127.0,248.0,True,Summer,F_H04,summer,True,0.6679999999998927,5.64551271782108,0.2215450773946999,6.418005421894704,,172.7517548727236,7.942666666666667,
w532,H04,550,2022,august,F_300-600,year_month_station,1,HaiSec_48,2022-08-17 14:27:40,13.9898,38.828,170.179,0.0872,127.0,423.0,True,Summer,F_H04,summer,True,0.5316666666666379,5.878525755133071,0.2331977159061052,7.807265197106483,,,7.949333333333333,
w533,H04,800,2022,august,G_below_600,year_month_station,1,HaiSec_48,2022-08-17 14:27:40,13.7714,38.7726,172.332,0.0881,127.0,673.0,True,Summer,F_H04,summer,True,0.017333333333340306,5.421784028642048,0.221535261385374,8.72052180234093,,176.072918772547,7.961333333333333,
w534,H04,1150,2022,august,H_near_bottom,year_month_station,1,HaiSec_48,2022-08-17 14:27:40,,,,,,,False,Summer,F_H04,summer,False,26.680999999999813,,,,,,,
w535,H05,1,2022,august,A_surface,year_month_station,1,HaiSec_48,2022-08-17 19:25:45,28.8079,39.5338,189.315,0.0,127.0,-126.0,True,Summer,G_H05,summer,False,49.361,,,,,,,
w536,H05,50,2022,august,C_DCM,year_month_station,1,HaiSec_48,2022-08-17 19:25:45,18.9251,38.9164,243.436,0.0,127.0,-77.0,True,Summer,G_H05,summer,True,0.3609999999999971,0.1945341449492394,0.0252894388434011,0.9094471276376946,0.0720198675496688,242.25160811114455,8.013333333333334,
w537,H05,130,2022,august,C_DCM,year_month_station,1,HaiSec_48,2022-08-17 19:25:45,16.7816,39.066,219.39301,0.0408,127.0,3.0,True,Summer,G_H05,summer,True,0.048499999999989996,0.3985613684381002,0.0165257152767017,1.035287457040431,0.4012535477767266,215.65229714538648,7.978333333333334,
w538,H05,180,2022,august,D_below_DCM,year_month_station,1,HaiSec_48,2022-08-17 19:25:45,16.4325,39.1291,206.48,1.43e-06,127.0,53.0,True,Summer,G_H05,summer,True,0.9745000000000061,1.963387297972793,0.0311031651164006,1.5988970817649726,0.0823084200567644,201.02227351470947,7.96,
w539,H05,240,2022,august,D_below_DCM,year_month_station,1,HaiSec_48,2022-08-17 19:25:45,15.8056,39.1172,191.242,0.0,127.0,113.0,True,Summer,G_H05,summer,True,0.10900000000000887,3.867892801642552,0.0981550685843964,2.968947866587436,0.0102885525070955,189.19743392165597,7.947333333333333,
W54,H04,550,2020,march,F_300-600,year_month_station,1,HaiSec_43,2020-03-16 15:02:00,14.0209,38.8324,165.226,0.11609,68.0,482.0,True,A_Winter,F_H04,a_winter,False,,,,,,,,
w540,H05,375,2022,august,F_300-600,year_month_station,1,HaiSec_48,2022-08-17 19:25:45,14.6532,38.9535,174.47701,0.0418,127.0,248.0,True,Summer,G_H05,summer,True,0.14249999999998408,5.56786542906525,0.2069730080961427,5.980839740994172,,173.49786101531004,7.945333333333333,
w541,H05,550,2022,august,F_300-600,year_month_station,1,HaiSec_48,2022-08-17 19:25:45,14.0103,38.8305,169.33501,0.0,127.0,423.0,True,Summer,G_H05,summer,True,0.13149999999995998,5.927124162271445,0.2497165425743871,7.982184425091791,,170.56376234667587,7.951,
w542,H05,800,2022,august,G_below_600,year_month_station,1,HaiSec_48,2022-08-17 19:25:45,13.8116,38.7805,170.922,0.0134,127.0,673.0,True,Summer,G_H05,summer,True,1.004000000000019,5.586977581159351,0.223479103246374,9.196650922725784,,173.74308975650186,7.957999999999999,
w543,H05,1250,2022,august,G_below_600,year_month_station,1,HaiSec_48,2022-08-17 19:25:45,13.7863,38.7666,174.30299,0.0364,127.0,1123.0,True,Summer,G_H05,summer,True,4.1059999999999945,5.256567113827901,0.2118173069897379,9.488055058508218,,179.20765828055667,7.965666666666666,
w544,H05,1455,2022,august,H_near_bottom,year_month_station,1,HaiSec_48,2022-08-17 19:25:45,13.819,38.7716,173.17101,0.0486,127.0,1328.0,True,Summer,G_H05,summer,True,1.0203333333331557,5.450873909821171,0.2205612081157586,9.866956248526558,,178.61734779633787,7.966333333333334,
w545,H06,1,2022,august,A_surface,year_month_station,1,HaiSec_48,2022-08-18 00:14:40,28.4515,39.4308,189.73399,0.0,129.0,-128.0,True,Summer,H_H06,summer,True,0.504,0.0780042115448865,,1.0481815926344134,0.0411542100283822,190.43905119252327,8.042,
w546,H06,50,2022,august,C_DCM,year_month_station,1,HaiSec_48,2022-08-18 00:14:40,19.1449,38.9311,241.048,0.00025,129.0,-79.0,True,Summer,H_H06,summer,True,0.07600000000000051,,,0.9094817165236924,0.0617313150425733,238.66391758015016,8.015666666666666,
w547,H06,120,2022,august,C_DCM,year_month_station,1,HaiSec_48,2022-08-18 00:14:40,17.2175,38.9311,224.864,0.0604,129.0,-9.0,True,Summer,H_H06,summer,True,0.3755000000000024,,,0.9188265816432838,0.3703878902554399,221.26637181043785,7.992333333333334,
w549,H06,340,2022,august,F_300-600,year_month_station,1,HaiSec_48,2022-08-18 00:14:40,16.1128,39.1365,197.53,0.00776,129.0,211.0,True,Summer,H_H06,summer,True,0.022499999999979536,2.4006168905071834,0.0311011095126436,1.9292406994561773,0.0205771050141911,195.6465657594701,7.953333333333333,
W55,H04,800,2020,march,G_below_600,year_month_station,1,HaiSec_43,2020-03-16 15:02:00,13.8039,38.7776,166.153,0.11402,68.0,732.0,True,A_Winter,F_H04,a_winter,False,,,,,,,,
w550,H06,550,2022,august,F_300-600,year_month_station,1,HaiSec_48,2022-08-18 00:14:40,,,,,,,False,Summer,H_H06,summer,True,0.7595000000000027,5.956387679216944,0.2468062757783203,7.0398089291887045,,169.97095894152918,7.945666666666667,
w551,H06,800,2022,august,G_below_600,year_month_station,1,HaiSec_48,2022-08-18 00:14:40,,,,,,,False,Summer,H_H06,summer,True,0.4149999999999636,5.965937798782716,0.2506859856817493,8.846883331908247,,170.47553791509287,7.956666666666667,
w552,H06,1250,2022,august,G_below_600,year_month_station,1,HaiSec_48,2022-08-18 00:14:40,,,,,,,False,Summer,H_H06,summer,True,0.11899999999991451,5.412047236581476,0.2069597955820205,9.478369980763429,,177.58090480565468,7.965333333333334,
w553,H06,1550,2022,august,G_below_600,year_month_station,1,HaiSec_48,2022-08-18 00:14:40,,,,,,,False,Summer,H_H06,summer,True,0.9880000000000564,5.227402705695868,0.1904406933673587,9.478311039788696,,180.85726560879263,7.966,
w554,H06,1740,2022,august,H_near_bottom,year_month_station,1,HaiSec_48,2022-08-18 00:14:40,,,,,,,False,Summer,H_H06,summer,True,0.03650000000016007,5.207957837306119,0.1943267849741089,9.643466704340154,,180.93981603290808,7.963666666666668,
W56,H04,1126,2020,march,G_below_600,year_month_station,1,HaiSec_43,2020-03-16 15:02:00,13.7681,38.7667,170.25101,0.11405,68.0,1058.0,True,A_Winter,F_H04,a_winter,False,,,,,,,,
w567,U_DL,1500,2023,january,H_near_bottom,year_month_station,0,,,,,,,,,False,A_Winter,U_DL,a_winter,False,,,,,,,,
w568,U_DL,1300,2023,january,G_below_600,year_month_station,0,,,,,,,,,False,A_Winter,U_DL,a_winter,False,,,,,,,,
w569,U_DL,1000,2023,january,G_below_600,year_month_station,0,,,,,,,,,False,A_Winter,U_DL,a_winter,False,,,,,,,,
W57,H05,1,2020,march,A_surface,year_month_station,1,HaiSec_43,2020-03-16 17:17:00,18.1114,38.9282,221.132,0.23236,69.0,-68.0,True,A_Winter,G_H05,a_winter,False,,,,,,,,
w570,U_DL,700,2023,january,G_below_600,year_month_station,0,,,,,,,,,False,A_Winter,U_DL,a_winter,False,,,,,,,,
w571,U_DL,550,2023,january,F_300-600,year_month_station,0,,,,,,,,,False,A_Winter,U_DL,a_winter,False,,,,,,,,
w572,U_DL,375,2023,january,F_300-600,year_month_station,0,,,,,,,,,False,A_Winter,U_DL,a_winter,False,,,,,,,,
w573,U_DL,280,2023,january,D_below_DCM,year_month_station,0,,,,,,,,,False,A_Winter,U_DL,a_winter,False,,,,,,,,
w574,U_DL,180,2023,january,D_below_DCM,year_month_station,0,,,,,,,,,False,A_Winter,U_DL,a_winter,False,,,,,,,,
w575,U_DL,100,2023,january,C_DCM,year_month_station,0,,,,,,,,,False,A_Winter,U_DL,a_winter,False,,,,,,,,
w576,U_DL,60,2023,january,B_nearsurface,year_month_station,0,,,,,,,,,False,A_Winter,U_DL,a_winter,False,,,,,,,,
w577,U_DL,1,2023,january,A_surface,year_month_station,0,,,,,,,,,False,A_Winter,U_DL,a_winter,False,,,,,,,,
w578,H15,1,2023,march,A_surface,year_month_station,1,HaiSec_49,2023-03-01 08:30:00,18.0075,39.2411,226.459,0.0054,,,True,A_Winter,A_H15,a_winter,False,,,,,,,,
w579,H15,15,2023,march,B_nearsurface,year_month_station,1,HaiSec_49,2023-03-01 08:30:00,17.9289,39.2404,226.222,0.0117,,,True,A_Winter,A_H15,a_winter,False,,,,,,,,
W58,H05,20,2020,march,B_nearsurface,year_month_station,1,HaiSec_43,2020-03-16 17:17:00,17.5864,38.9874,221.17799,0.21069,69.0,-49.0,True,A_Winter,G_H05,a_winter,False,,,,,,,,
w580,H25,1,2023,march,A_surface,year_month_station,1,HaiSec_49,2023-03-01 09:07:00,18.0495,39.2533,226.661,0.00369,,,True,A_Winter,B_H25,a_winter,False,,,,,,,,
w581,H25,25,2023,march,B_nearsurface,year_month_station,1,HaiSec_49,2023-03-01 09:07:00,17.9317,39.2474,225.03799,0.00989,,,True,A_Winter,B_H25,a_winter,False,,,,,,,,
w582,H01,1,2023,march,A_surface,year_month_station,1,HaiSec_49,2023-03-01 09:42:00,18.1235,39.2195,221.91701,0.00243,53.0,-52.0,True,A_Winter,C_H01,a_winter,False,,,,,,,,
w583,H01,20,2023,march,B_nearsurface,year_month_station,1,HaiSec_49,2023-03-01 09:42:00,17.9923,39.2156,221.513,0.00307,53.0,-33.0,True,A_Winter,C_H01,a_winter,False,,,,,,,,
w584,H01,35,2023,march,B_nearsurface,year_month_station,1,HaiSec_49,2023-03-01 09:42:00,17.9788,39.2178,221.752,0.00532,53.0,-18.0,True,A_Winter,C_H01,a_winter,False,,,,,,,,
w585,H01,57,2023,march,C_DCM,year_month_station,1,HaiSec_49,2023-03-01 09:42:00,17.9616,39.2186,221.77,0.0071,53.0,4.0,True,A_Winter,C_H01,a_winter,False,,,,,,,,
w586,H02,1,2023,march,A_surface,year_month_station,1,HaiSec_49,2023-03-01 10:20:00,18.1826,39.2144,222.65401,0.00243,42.0,-41.0,True,A_Winter,D_H02,a_winter,False,,,,,,,,
w587,H02,60,2023,march,C_DCM,year_month_station,1,HaiSec_49,2023-03-01 10:20:00,17.9499,39.209,220.364,0.00837,42.0,18.0,True,A_Winter,D_H02,a_winter,False,,,,,,,,
w588,H02,120,2023,march,D_below_DCM,year_month_station,1,HaiSec_49,2023-03-01 10:20:00,17.5383,39.2224,218.862,0.00667,42.0,78.0,True,A_Winter,D_H02,a_winter,False,,,,,,,,
W59,H05,80,2020,march,C_DCM,year_month_station,1,HaiSec_43,2020-03-16 17:17:00,17.3049,39.0804,217.25101,0.25778,69.0,11.0,True,A_Winter,G_H05,a_winter,False,,,,,,,,
w590,H02,240,2023,march,D_below_DCM,year_month_station,1,HaiSec_49,2023-03-01 10:20:00,16.0972,39.1087,193.896,0.00134,42.0,198.0,True,A_Winter,D_H02,a_winter,False,,,,,,,,
w591,H03,440,2023,march,F_300-600,year_month_station,0,,,,,,,,,False,A_Winter,E_H03,a_winter,False,,,,,,,,
w592,H03,1,2023,march,A_surface,year_month_station,0,,,,,,,,,False,A_Winter,E_H03,a_winter,False,,,,,,,,
w593,H03,60,2023,march,C_DCM,year_month_station,0,,,,,,,,,False,A_Winter,E_H03,a_winter,False,,,,,,,,
w594,H03,120,2023,march,C_DCM,year_month_station,0,,,,,,,,,False,A_Winter,E_H03,a_winter,False,,,,,,,,
w595,H03,180,2023,march,D_below_DCM,year_month_station,0,,,,,,,,,False,A_Winter,E_H03,a_winter,False,,,,,,,,
w596,H03,240,2023,march,D_below_DCM,year_month_station,0,,,,,,,,,False,A_Winter,E_H03,a_winter,False,,,,,,,,
w597,H03,375,2023,march,F_300-600,year_month_station,0,,,,,,,,,False,A_Winter,E_H03,a_winter,False,,,,,,,,
w598,H03,600,2023,march,F_300-600,year_month_station,0,,,,,,,,,False,A_Winter,E_H03,a_winter,False,,,,,,,,
w599,H04,1,2023,march,A_surface,year_month_station,1,HaiSec_49,2023-03-01 12:37:00,18.2384,39.2377,223.407,0.00251,79.0,-78.0,True,A_Winter,F_H04,a_winter,False,,,,,,,,
W60,H05,180,2020,march,D_below_DCM,year_month_station,1,HaiSec_43,2020-03-16 17:17:00,16.5734,39.1967,193.653,0.12102,69.0,111.0,True,A_Winter,G_H05,a_winter,False,,,,,,,,
w600,H04,80,2023,march,C_DCM,year_month_station,1,HaiSec_49,2023-03-01 12:37:00,17.6935,39.2433,220.435,0.0104,79.0,1.0,True,A_Winter,F_H04,a_winter,False,,,,,,,,
w601,H04,180,2023,march,D_below_DCM,year_month_station,1,HaiSec_49,2023-03-01 12:37:00,16.2771,39.1252,197.855,0.00142,79.0,101.0,True,A_Winter,F_H04,a_winter,False,,,,,,,,
w602,H04,240,2023,march,D_below_DCM,year_month_station,1,HaiSec_49,2023-03-01 12:37:00,15.6294,39.0989,184.92101,0.00123,79.0,161.0,True,A_Winter,F_H04,a_winter,False,,,,,,,,
w603,H04,375,2023,march,F_300-600,year_month_station,1,HaiSec_49,2023-03-01 12:37:00,14.4931,38.9294,170.65401,0.00125,79.0,296.0,True,A_Winter,F_H04,a_winter,False,,,,,,,,
w604,H04,550,2023,march,F_300-600,year_month_station,1,HaiSec_49,2023-03-01 12:37:00,14.025,38.8339,167.047,0.00126,79.0,471.0,True,A_Winter,F_H04,a_winter,False,,,,,,,,
w605,H04,800,2023,march,G_below_600,year_month_station,1,HaiSec_49,2023-03-01 12:37:00,13.8212,38.7831,168.69701,0.00125,79.0,721.0,True,A_Winter,F_H04,a_winter,False,,,,,,,,
w606,H04,1020,2023,march,G_below_600,year_month_station,1,HaiSec_49,2023-03-01 12:37:00,13.7628,38.7659,170.976,0.00123,79.0,941.0,True,A_Winter,F_H04,a_winter,False,,,,,,,,
w607,H04,1070,2023,march,G_below_600,year_month_station,1,HaiSec_49,2023-03-01 12:37:00,13.7649,38.7661,170.42101,0.00123,79.0,991.0,True,A_Winter,F_H04,a_winter,False,,,,,,,,
w608,H04,1125,2023,march,H_near_bottom,year_month_station,1,HaiSec_49,2023-03-01 12:37:00,13.7734,38.7662,169.862,0.00127,79.0,1046.0,True,A_Winter,F_H04,a_winter,False,,,,,,,,
w609,H04,1135,2023,march,H_near_bottom,year_month_station,1,HaiSec_49,2023-03-01 12:37:00,13.7751,38.7662,169.933,0.00123,79.0,1056.0,True,A_Winter,F_H04,a_winter,False,,,,,,,,
W61,H05,375,2020,march,F_300-600,year_month_station,1,HaiSec_43,2020-03-16 17:17:00,14.6865,38.9586,171.036,0.11283,69.0,306.0,True,A_Winter,G_H05,a_winter,False,,,,,,,,
w610,H04,1140,2023,march,H_near_bottom,year_month_station,1,HaiSec_49,2023-03-01 12:37:00,13.7753,38.7661,170.049,0.00124,79.0,1061.0,True,A_Winter,F_H04,a_winter,False,,,,,,,,
w611,H05,1,2023,march,A_surface,year_month_station,1,HaiSec_49,2023-03-01 14:58:00,18.9754,39.2624,223.905,0.00386,60.0,-59.0,True,A_Winter,G_H05,a_winter,False,,,,,,,,
w612,H05,60,2023,march,C_DCM,year_month_station,1,HaiSec_49,2023-03-01 14:58:00,17.6082,39.2263,220.52499,0.00987,60.0,0.0,True,A_Winter,G_H05,a_winter,False,,,,,,,,
w613,H05,120,2023,march,C_DCM,year_month_station,1,HaiSec_49,2023-03-01 14:58:00,16.6357,39.1147,205.474,0.00238,60.0,60.0,True,A_Winter,G_H05,a_winter,False,,,,,,,,
w614,H05,180,2023,march,D_below_DCM,year_month_station,1,HaiSec_49,2023-03-01 14:58:00,16.0011,39.1293,192.254,0.00125,60.0,120.0,True,A_Winter,G_H05,a_winter,False,,,,,,,,
w615,H05,240,2023,march,D_below_DCM,year_month_station,1,HaiSec_49,2023-03-01 14:58:00,15.2938,39.0604,180.98199,0.00123,60.0,180.0,True,A_Winter,G_H05,a_winter,False,,,,,,,,
w616,H05,375,2023,march,F_300-600,year_month_station,1,HaiSec_49,2023-03-01 14:58:00,14.3121,38.8955,168.10201,0.00127,60.0,315.0,True,A_Winter,G_H05,a_winter,False,,,,,,,,
w617,H05,550,2023,march,F_300-600,year_month_station,1,HaiSec_49,2023-03-01 14:58:00,13.9355,38.8156,166.327,0.00124,60.0,490.0,True,A_Winter,G_H05,a_winter,False,,,,,,,,
w618,H05,800,2023,march,G_below_600,year_month_station,1,HaiSec_49,2023-03-01 14:58:00,13.7941,38.777,168.44,0.00125,60.0,740.0,True,A_Winter,G_H05,a_winter,False,,,,,,,,
w619,H05,1250,2023,march,G_below_600,year_month_station,1,HaiSec_49,2023-03-01 14:58:00,13.7856,38.7682,171.61501,0.00123,60.0,1190.0,True,A_Winter,G_H05,a_winter,False,,,,,,,,
W62,H05,550,2020,march,F_300-600,year_month_station,1,HaiSec_43,2020-03-16 17:17:00,14.0493,38.838,164.133,0.11215,69.0,481.0,True,A_Winter,G_H05,a_winter,False,,,,,,,,
w620,H05,1460,2023,march,H_near_bottom,year_month_station,1,HaiSec_49,2023-03-01 14:58:00,13.8162,38.7732,171.90401,0.00124,60.0,1400.0,True,A_Winter,G_H05,a_winter,False,,,,,,,,
w621,H06,1,2023,march,A_surface,year_month_station,1,HaiSec_49,2023-03-01 18:44:00,18.8803,39.2444,221.759,0.00444,42.0,-41.0,True,A_Winter,H_H06,a_winter,False,,,,,,,,
w622,H06,40,2023,march,B_nearsurface,year_month_station,1,HaiSec_49,2023-03-01 18:44:00,17.7846,39.2235,217.939,0.00855,42.0,-2.0,True,A_Winter,H_H06,a_winter,False,,,,,,,,
w623,H06,100,2023,march,C_DCM,year_month_station,1,HaiSec_49,2023-03-01 18:44:00,17.4571,39.2233,221.071,0.00815,42.0,58.0,True,A_Winter,H_H06,a_winter,False,,,,,,,,
w624,H06,180,2023,march,D_below_DCM,year_month_station,1,HaiSec_49,2023-03-01 18:44:00,16.4334,39.1135,201.69501,0.00205,42.0,138.0,True,A_Winter,H_H06,a_winter,False,,,,,,,,
w625,H06,375,2023,march,F_300-600,year_month_station,1,HaiSec_49,2023-03-01 18:44:00,14.5318,38.9353,170.644,0.00124,42.0,333.0,True,A_Winter,H_H06,a_winter,False,,,,,,,,
w626,H06,550,2023,march,F_300-600,year_month_station,1,HaiSec_49,2023-03-01 18:44:00,14.0027,38.8294,165.42101,0.00132,42.0,508.0,True,A_Winter,H_H06,a_winter,False,,,,,,,,
w627,H06,800,2023,march,G_below_600,year_month_station,1,HaiSec_49,2023-03-01 18:44:00,13.8107,38.7802,167.457,0.00127,42.0,758.0,True,A_Winter,H_H06,a_winter,False,,,,,,,,
w628,H06,1250,2023,march,G_below_600,year_month_station,1,HaiSec_49,2023-03-01 18:44:00,13.7888,38.7665,171.24699,0.00123,42.0,1208.0,True,A_Winter,H_H06,a_winter,False,,,,,,,,
w629,H06,1500,2023,march,G_below_600,year_month_station,1,HaiSec_49,2023-03-01 18:44:00,13.8238,38.7707,172.39799,0.00126,42.0,1458.0,True,A_Winter,H_H06,a_winter,False,,,,,,,,
W63,H05,800,2020,march,G_below_600,year_month_station,1,HaiSec_43,2020-03-16 17:17:00,13.8278,38.783,165.632,0.11194,69.0,731.0,True,A_Winter,G_H05,a_winter,False,,,,,,,,
w630,H06,1744,2023,march,H_near_bottom,year_month_station,1,HaiSec_49,2023-03-01 18:44:00,13.8622,38.7728,171.54201,0.00122,42.0,1702.0,True,A_Winter,H_H06,a_winter,False,,,,,,,,
W64,H05,1400,2020,march,H_near_bottom,year_month_station,1,HaiSec_43,2020-03-16 17:17:00,13.811,38.7689,170.911,0.11289,69.0,1331.0,True,A_Winter,G_H05,a_winter,False,,,,,,,,
w645,H15,1,2023,august,A_surface,year_month_station,1,HaiSec_50,2023-08-21 07:31:00,30.4132,39.4385,222.774,0.00583,,,True,Summer,A_H15,summer,True,0.2869999999999999,0.0780518619499319,0.0341476896030952,1.9512965487482985,0.3757085996864069,,8.043,
w646,H15,15,2023,august,B_nearsurface,year_month_station,1,HaiSec_50,2023-08-21 07:31:00,30.2156,39.4061,180.76401,0.00732,,,True,Summer,A_H15,summer,True,0.3703333333333312,0.2634250340810203,0.033172041328721,1.843975238567142,0.3113014111687372,,8.042666666666667,
w647,H25,1,2023,august,A_surface,year_month_station,1,HaiSec_50,2023-08-21 08:12:00,30.185,39.3896,192.263,0.00459,,,True,Summer,B_H25,summer,True,0.10233333333333317,,0.0058538896462448,1.9415400660045568,0.1932215655530093,,8.044333333333334,
w648,H25,25,2023,august,B_nearsurface,year_month_station,1,HaiSec_50,2023-08-21 08:12:00,30.1446,39.3951,182.55499,0.00599,,,True,Summer,B_H25,summer,True,1.2756666666666696,,0.0292694482312244,2.0293484106982302,0.2254251598118442,,8.045333333333334,
w649,NACY1,1,2023,august,A_surface,year_month_station,1,HaiSec_50,2023-08-21 09:30:00,30.6487,39.4738,187.343,0.00272,31.0,-30.0,True,Summer,NACY1,summer,True,0.5596666666666668,0.1561037238998638,,2.0878873071606794,0.2146906283922325,,8.044666666666666,
W65,H06,1,2020,march,A_surface,year_month_station,1,HaiSec_43,2020-03-16 22:34:00,17.8281,39.0326,219.67999,0.26465,51.0,-50.0,True,A_Winter,H_H06,a_winter,False,,,,,,,,
w650,NACY1,30,2023,august,B_nearsurface,year_month_station,1,HaiSec_50,2023-08-21 09:30:00,29.1987,39.2953,186.647,0.0119,31.0,-1.0,True,Summer,NACY1,summer,True,0.23799999999999955,0.0878083446936734,0.0117077792924897,1.96105303149204,0.171752502713786,,8.042666666666667,
w651,NACY2,1,2023,august,A_surface,year_month_station,1,HaiSec_50,2023-08-21 10:33:00,30.4362,39.3871,182.367,0.00241,63.0,-62.0,True,Summer,NACY2,summer,True,1.0403333333333333,0.0780518619499319,,1.6586020664360537,0.085876251356893,,8.046,
w652,NACY2,65,2023,august,B_nearsurface,year_month_station,1,HaiSec_50,2023-08-21 10:33:00,21.6597,38.9895,212.38499,0.0184,63.0,2.0,True,Summer,NACY2,summer,True,0.9096666666666664,0.3219639305434691,0.0175616689387346,1.2390733084551695,0.4293812567844651,,8.000666666666667,
w653,NACY2,100,2023,august,C_DCM,year_month_station,1,HaiSec_50,2023-08-21 10:33:00,18.7352,39.1218,225.90601,0.00378,63.0,37.0,True,Summer,NACY2,summer,True,0.49833333333332064,0.1073213101811564,,1.0049177226053736,0.1395489084549511,,8.000666666666667,
w654,NACY2,155,2023,august,D_below_DCM,year_month_station,1,HaiSec_50,2023-08-21 10:33:00,17.57,39.1739,215.57001,0.00271,63.0,92.0,True,Summer,NACY2,summer,True,0.43666666666669585,0.2536685513372788,0.0292694482312244,1.1219955155302714,0.1073453141961162,,7.986666666666667,
w655,NACY3,375,2023,august,F_300-600,year_month_station,1,HaiSec_50,2023-08-21 12:36:00,14.5473,38.9368,172.424,0.00132,109.0,266.0,True,Summer,NACY3,summer,True,0.030999999999892225,5.736811853319997,0.1912270617773332,5.970967439169793,,,7.940333333333332,
w656,NACY3,600,2023,august,F_300-600,year_month_station,1,HaiSec_50,2023-08-21 12:36:00,13.9124,38.8094,168.70799,0.00133,109.0,491.0,True,Summer,NACY3,summer,True,0.91700000000003,6.185610059532106,0.2273260479291767,8.31252329766775,,,7.948666666666667,
w657,H01,1,2023,august,A_surface,year_month_station,1,HaiSec_50,2023-08-27 13:53:00,30.6058,39.5321,177.467,0.0843,22.0,-21.0,True,Summer,C_H01,summer,True,0.9696666666666669,0.1756166893873468,0.0360989861518435,3.99040144219027,0.3542395368471837,,8.047,
w658,H01,20,2023,august,B_nearsurface,year_month_station,1,HaiSec_50,2023-08-27 13:53:00,30.3189,39.4811,175.707,0.154,22.0,-2.0,True,Summer,C_H01,summer,True,0.8953333333333369,,0.0146347241156122,3.6196550979280935,0.6548064165963093,,8.043,
w659,H01,35,2023,august,B_nearsurface,year_month_station,1,HaiSec_50,2023-08-27 13:53:00,29.2327,39.4378,177.50101,0.1,22.0,13.0,True,Summer,C_H01,summer,True,0.0730000000000004,,0.0107321310181156,1.4439594460737408,0.289832348329514,,8.03,
W66,H06,60,2020,march,B_nearsurface,year_month_station,1,HaiSec_43,2020-03-16 22:34:00,17.4129,39.0363,219.12199,0.29942,51.0,9.0,True,A_Winter,H_H06,a_winter,False,,,,,,,,
w660,H01,60,2023,august,B_nearsurface,year_month_station,1,HaiSec_50,2023-08-27 13:53:00,,,,,,,False,Summer,C_H01,summer,False,7.321666666666665,,,,,,,
w661,I_G05,1,2023,august,A_surface,year_month_station,0,,,,,,,,,False,Summer,I_G05,summer,False,,,,,,,,
w662,I_G05,50,2023,august,B_nearsurface,year_month_station,0,,,,,,,,,False,Summer,I_G05,summer,False,,,,,,,,
w663,I_G05,110,2023,august,C_DCM,year_month_station,0,,,,,,,,,False,Summer,I_G05,summer,False,,,,,,,,
w664,I_G05,180,2023,august,D_below_DCM,year_month_station,0,,,,,,,,,False,Summer,I_G05,summer,False,,,,,,,,
w665,I_G05,240,2023,august,D_below_DCM,year_month_station,0,,,,,,,,,False,Summer,I_G05,summer,False,,,,,,,,
w666,I_G05,375,2023,august,F_300-600,year_month_station,0,,,,,,,,,False,Summer,I_G05,summer,False,,,,,,,,
w667,I_G05,550,2023,august,F_300-600,year_month_station,0,,,,,,,,,False,Summer,I_G05,summer,False,,,,,,,,
w668,H06,1,2023,august,A_surface,year_month_station,1,HaiSec_50,2023-08-28 03:31:00,29.3309,39.7345,178.657,0.036,112.0,-111.0,True,Summer,H_H06,summer,False,,,,,,,,
w669,H06,50,2023,august,B_nearsurface,year_month_station,1,HaiSec_50,2023-08-28 03:31:00,19.3473,39.0938,224.138,0.0419,112.0,-62.0,True,Summer,H_H06,summer,False,,,,,,,,
W67,H06,180,2020,march,D_below_DCM,year_month_station,1,HaiSec_43,2020-03-16 22:34:00,16.6499,39.2013,202.37399,0.12341,51.0,129.0,True,A_Winter,H_H06,a_winter,False,,,,,,,,
w670,H06,110,2023,august,C_DCM,year_month_station,1,HaiSec_50,2023-08-28 03:31:00,17.2099,39.1531,203.98199,0.0821,112.0,-2.0,True,Summer,H_H06,summer,False,,,,,,,,
w671,H06,180,2023,august,D_below_DCM,year_month_station,1,HaiSec_50,2023-08-28 03:31:00,16.1514,39.1171,189.22,0.0343,112.0,68.0,True,Summer,H_H06,summer,False,,,,,,,,
w672,H06,240,2023,august,D_below_DCM,year_month_station,1,HaiSec_50,2023-08-28 03:31:00,15.3795,39.0681,179.632,0.0291,112.0,128.0,True,Summer,H_H06,summer,False,,,,,,,,
w673,H06,375,2023,august,F_300-600,year_month_station,1,HaiSec_50,2023-08-28 03:31:00,14.4461,38.9154,166.23801,0.0288,112.0,263.0,True,Summer,H_H06,summer,False,,,,,,,,
w674,H06,550,2023,august,F_300-600,year_month_station,1,HaiSec_50,2023-08-28 03:31:00,13.9518,38.8128,162.655,0.0296,112.0,438.0,True,Summer,H_H06,summer,False,,,,,,,,
w675,H05,1,2023,august,A_surface,year_month_station,1,HaiSec_50,2023-08-28 08:43:00,29.5721,39.7665,178.53,0.0272,119.0,-118.0,True,Summer,G_H05,summer,False,,,,,,,,
w676,H05,50,2023,august,B_nearsurface,year_month_station,1,HaiSec_50,2023-08-28 08:43:00,20.0236,39.1161,228.058,0.0373,119.0,-69.0,True,Summer,G_H05,summer,False,,,,,,,,
w677,H05,110,2023,august,C_DCM,year_month_station,1,HaiSec_50,2023-08-28 08:43:00,16.922,39.1347,201.974,0.0933,119.0,-9.0,True,Summer,G_H05,summer,False,,,,,,,,
w678,H05,180,2023,august,D_below_DCM,year_month_station,1,HaiSec_50,2023-08-28 08:43:00,15.8884,39.1043,184.02699,0.0317,119.0,61.0,True,Summer,G_H05,summer,False,,,,,,,,
w679,H05,240,2023,august,D_below_DCM,year_month_station,1,HaiSec_50,2023-08-28 08:43:00,15.1231,39.0256,174.179,0.027,119.0,121.0,True,Summer,G_H05,summer,False,,,,,,,,
W68,H06,375,2020,march,F_300-600,year_month_station,1,HaiSec_43,2020-03-16 22:34:00,14.4421,38.9163,167.069,0.11014,51.0,324.0,True,A_Winter,H_H06,a_winter,False,,,,,,,,
w680,H05,375,2023,august,F_300-600,year_month_station,1,HaiSec_50,2023-08-28 08:43:00,14.299,38.8861,164.39,0.0278,119.0,256.0,True,Summer,G_H05,summer,False,,,,,,,,
w681,H05,550,2023,august,F_300-600,year_month_station,1,HaiSec_50,2023-08-28 08:43:00,13.9399,38.8094,163.114,0.0276,119.0,431.0,True,Summer,G_H05,summer,False,,,,,,,,
w682,H04,1,2023,august,A_surface,year_month_station,1,HaiSec_50,2023-08-28 13:30:00,,,,,,,False,Summer,F_H04,summer,False,239.93633333333327,,,,,,,
w683,H04,50,2023,august,B_nearsurface,year_month_station,1,HaiSec_50,2023-08-28 13:30:00,21.5438,38.999,217.91701,0.0132,141.0,-91.0,True,Summer,F_H04,summer,False,190.93633333333327,,,,,,,
w684,H04,140,2023,august,C_DCM,year_month_station,1,HaiSec_50,2023-08-28 13:30:00,17.2867,39.1578,205.743,0.0724,141.0,-1.0,True,Summer,F_H04,summer,False,100.93633333333327,,,,,,,
w685,H04,180,2023,august,D_below_DCM,year_month_station,1,HaiSec_50,2023-08-28 13:30:00,16.4297,39.1135,192.618,0.055,141.0,39.0,True,Summer,F_H04,summer,False,60.936333333333266,,,,,,,
w686,H04,375,2023,august,F_300-600,year_month_station,1,HaiSec_50,2023-08-28 13:30:00,14.5115,38.924,166.983,0.0156,141.0,234.0,True,Summer,F_H04,summer,True,0.050666666666700166,5.853889646244895,0.2078130824416937,6.058775783863466,,,7.989666666666667,
w687,H04,550,2023,august,F_300-600,year_month_station,1,HaiSec_50,2023-08-28 13:30:00,13.9718,38.8161,165.24699,0.0154,141.0,409.0,True,Summer,F_H04,summer,True,1.2636666666667224,6.049019301119725,0.2322042893010475,7.9612899188930575,,,7.980666666666667,
w688,H04,800,2023,august,G_below_600,year_month_station,1,HaiSec_50,2023-08-28 13:30:00,13.7814,38.769,167.946,0.0168,141.0,659.0,True,Summer,F_H04,summer,True,0.9459999999999127,5.853889646244895,0.2361068823985441,8.819860400342307,,,7.976333333333334,
w689,H04,1100,2023,august,H_near_bottom,year_month_station,1,HaiSec_50,2023-08-28 13:30:00,13.7624,38.7624,169.87,0.026,141.0,959.0,True,Summer,F_H04,summer,False,10.674666666666553,,,,,,,
W69,H06,550,2020,march,F_300-600,year_month_station,1,HaiSec_43,2020-03-16 22:34:00,13.9511,38.8177,163.239,0.11001,51.0,499.0,True,A_Winter,H_H06,a_winter,False,,,,,,,,
w690,H03,1,2023,august,A_surface,year_month_station,1,HaiSec_50,2023-08-28 16:14:00,29.6032,39.4358,178.405,0.0358,46.0,-45.0,True,Summer,E_H03,summer,True,2.557,,0.013659075841238,2.507416065141564,0.2254251598118442,,8.070666666666666,
w691,H03,50,2023,august,B_nearsurface,year_month_station,1,HaiSec_50,2023-08-28 16:14:00,22.8524,38.9651,203.92101,0.0634,46.0,4.0,True,Summer,E_H03,summer,True,1.5023333333333326,0.1951296548748298,0.033172041328721,1.2585862739426523,0.3327704740079604,,8.027,
w692,H03,130,2023,august,C_DCM,year_month_station,1,HaiSec_50,2023-08-28 16:14:00,17.5687,39.1592,208.256,0.0244,46.0,84.0,True,Summer,E_H03,summer,True,0.9130000000000109,0.1463472411561223,0.0107321310181156,0.9463788261429248,0.085876251356893,,8.021333333333333,
w693,H03,180,2023,august,D_below_DCM,year_month_station,1,HaiSec_50,2023-08-28 16:14:00,16.4872,39.1147,192.64101,0.0254,46.0,134.0,True,Summer,E_H03,summer,True,1.4226666666666858,2.000078962467006,0.0312207447799727,1.785436342104693,0.0536726570980581,,7.98525,
w694,H03,240,2023,august,D_below_DCM,year_month_station,1,HaiSec_50,2023-08-28 16:14:00,15.6717,39.091,180.536,0.0141,46.0,194.0,True,Summer,E_H03,summer,True,0.018000000000000682,3.92210606298408,0.0946378826142924,2.956214271353672,0.0,,7.988666666666667,
w695,H03,375,2023,august,F_300-600,year_month_station,1,HaiSec_50,2023-08-28 16:14:00,14.552,38.9304,167.489,0.0149,46.0,329.0,True,Summer,E_H03,summer,True,0.016999999999995907,5.805107232526188,0.209764378990442,6.039262818375984,,,7.978000000000001,
w696,H03,578,2023,august,F_300-600,year_month_station,1,HaiSec_50,2023-08-28 16:14:00,14.0205,38.8252,164.50999,0.0204,46.0,532.0,True,Summer,E_H03,summer,True,1.4926666666666506,6.156340611300881,0.2575711444347754,7.883238056943125,,,7.982,
w697,H02,1,2023,august,A_surface,year_month_station,1,HaiSec_50,2023-08-28 18:10:00,30.0301,39.4852,178.04201,0.0615,42.0,-41.0,True,Summer,D_H02,summer,True,1.3716666666666666,0.1951296548748298,0.0341476896030952,3.3269606156158487,0.3435050054275721,,8.07525,
w698,H02,40,2023,august,B_nearsurface,year_month_station,1,HaiSec_50,2023-08-28 18:10:00,26.4608,39.0824,182.91499,0.122,42.0,-2.0,True,Summer,D_H02,summer,True,0.40066666666666606,0.2341555858497958,0.033172041328721,1.785436342104693,0.7514171993728139,,8.024333333333333,
w699,H02,60,2023,august,B_nearsurface,year_month_station,1,HaiSec_50,2023-08-28 18:10:00,22.4502,38.9773,213.30499,0.0557,42.0,18.0,True,Summer,D_H02,summer,True,3.7269999999999968,0.1073213101811564,,1.1805344119927204,0.2468942226510674,,8.02775,
W7,U_DL,700,2020,february,F_300-600,year_month_station,0,,,,,,,,,False,A_Winter,U_DL,a_winter,False,,,,,,,,
W70,H06,800,2020,march,G_below_600,year_month_station,1,HaiSec_43,2020-03-16 22:34:00,13.7987,38.776,165.09599,0.10915,51.0,749.0,True,A_Winter,H_H06,a_winter,False,,,,,,,,
w700,H02,130,2023,august,C_DCM,year_month_station,1,HaiSec_50,2023-08-28 18:10:00,17.5244,39.1621,208.89799,0.0272,42.0,88.0,True,Summer,D_H02,summer,True,0.7529999999999859,0.1561037238998638,0.0146347241156122,0.8390575159617684,,,8.007,
w701,H02,240,2023,august,D_below_DCM,year_month_station,1,HaiSec_50,2023-08-28 18:10:00,15.4361,39.0632,177.463,0.0153,42.0,198.0,True,Summer,D_H02,summer,True,0.10033333333331029,4.214800545296325,0.1121995515530271,3.483064339515712,,,7.962333333333333,
w702,H02,287,2023,august,D_below_DCM,year_month_station,1,HaiSec_50,2023-08-28 18:10:00,15.1081,39.021,172.84,0.022,42.0,245.0,True,Summer,D_H02,summer,True,0.7086666666666588,5.346552543570337,0.1629332618204829,4.497738544864827,,,7.963749999999999,
w703,H15,1,2024,march,A_surface,year_month_station,1,HaiSec_51,2024-03-27 14:08:00,18.977,38.9209,218.924,0.205,,,True,A_Winter,A_H15,a_winter,False,,,,,,,,
w704,H15,15,2024,march,B_nearsurface,year_month_station,1,HaiSec_51,2024-03-27 14:08:00,18.5615,38.9192,211.04201,0.193,,,True,A_Winter,A_H15,a_winter,False,,,,,,,,
w705,H25,1,2024,march,A_surface,year_month_station,1,HaiSec_51,2024-03-27 14:50:00,19.2436,38.8645,210.47099,0.116,,,True,A_Winter,B_H25,a_winter,False,,,,,,,,
w706,H25,25,2024,march,B_nearsurface,year_month_station,1,HaiSec_51,2024-03-27 14:50:00,18.5191,38.9013,209.681,0.18,,,True,A_Winter,B_H25,a_winter,False,,,,,,,,
w707,H01,0,2024,march,A_surface,year_month_station,1,HaiSec_51,2024-03-27 15:43:00,19.2505,38.9616,209.091,0.0834,57.0,-57.0,True,A_Winter,C_H01,a_winter,False,,,,,,,,
w708,H01,20,2024,march,B_nearsurface,year_month_station,1,HaiSec_51,2024-03-27 15:43:00,18.6732,38.9791,208.77699,0.0835,57.0,-37.0,True,A_Winter,C_H01,a_winter,False,,,,,,,,
w709,H01,35,2024,march,B_nearsurface,year_month_station,1,HaiSec_51,2024-03-27 15:43:00,18.6671,38.9796,208.748,0.0889,57.0,-22.0,True,A_Winter,C_H01,a_winter,False,,,,,,,,
W71,H06,1350,2020,march,G_below_600,year_month_station,1,HaiSec_43,2020-03-16 22:34:00,13.7995,38.7663,171.858,0.11007,51.0,1299.0,True,A_Winter,H_H06,a_winter,False,,,,,,,,
w710,H01,65,2024,march,B_nearsurface,year_month_station,1,HaiSec_51,2024-03-27 15:43:00,18.6387,38.9704,208.311,0.0973,57.0,8.0,True,A_Winter,C_H01,a_winter,False,,,,,,,,
w711,H02,1,2024,march,A_surface,year_month_station,1,HaiSec_51,2024-03-27 17:31:00,18.8205,38.9996,209.436,0.054,27.0,-26.0,True,A_Winter,D_H02,a_winter,False,,,,,,,,
w712,H02,60,2024,march,B_nearsurface,year_month_station,1,HaiSec_51,2024-03-27 17:31:00,18.6106,38.9978,209.52299,0.0592,27.0,33.0,True,A_Winter,D_H02,a_winter,False,,,,,,,,
w713,H02,130,2024,march,C_DCM,year_month_station,1,HaiSec_51,2024-03-27 17:31:00,17.9453,39.1737,200.783,0.0558,27.0,103.0,True,A_Winter,D_H02,a_winter,False,,,,,,,,
w714,H02,150,2024,march,C_DCM,year_month_station,1,HaiSec_51,2024-03-27 17:31:00,17.2553,39.1586,195.218,0.03,27.0,123.0,True,A_Winter,D_H02,a_winter,False,,,,,,,,
w715,H02,240,2024,march,D_below_DCM,year_month_station,1,HaiSec_51,2024-03-27 17:31:00,16.0827,39.1026,180.41,0.0255,27.0,213.0,True,A_Winter,D_H02,a_winter,False,,,,,,,,
w716,H03,1,2024,march,A_surface,year_month_station,1,HaiSec_51,2024-03-27 18:23:00,18.6702,38.9997,208.256,0.0549,46.0,-45.0,True,A_Winter,E_H03,a_winter,False,,,,,,,,
w717,H03,60,2024,march,B_nearsurface,year_month_station,1,HaiSec_51,2024-03-27 18:23:00,18.5729,39.0053,208.715,0.0576,46.0,14.0,True,A_Winter,E_H03,a_winter,False,,,,,,,,
w718,H03,100,2024,march,C_DCM,year_month_station,1,HaiSec_51,2024-03-27 18:23:00,18.5718,39.0245,208.283,0.06,46.0,54.0,True,A_Winter,E_H03,a_winter,False,,,,,,,,
w719,H03,145,2024,march,D_below_DCM,year_month_station,1,HaiSec_51,2024-03-27 18:23:00,17.5576,39.1761,197.675,0.0334,46.0,99.0,True,A_Winter,E_H03,a_winter,False,,,,,,,,
W72,H06,1750,2020,march,H_near_bottom,year_month_station,1,HaiSec_43,2020-03-16 22:34:00,13.864,38.7726,172.939,0.10928,51.0,1699.0,True,A_Winter,H_H06,a_winter,False,,,,,,,,
w720,H03,375,2024,march,F_300-600,year_month_station,1,HaiSec_51,2024-03-27 18:23:00,14.4438,38.9098,162.084,0.0235,46.0,329.0,True,A_Winter,E_H03,a_winter,False,,,,,,,,
w721,H03,480,2024,march,F_300-600,year_month_station,1,HaiSec_51,2024-03-27 18:23:00,14.0829,38.8397,160.77299,0.0234,46.0,434.0,True,A_Winter,E_H03,a_winter,False,,,,,,,,
w722,H03,582,2024,march,F_300-600,year_month_station,1,HaiSec_51,2024-03-27 18:23:00,13.9,38.7993,161.867,0.0242,46.0,536.0,True,A_Winter,E_H03,a_winter,False,,,,,,,,
w723,H04,1,2024,march,A_surface,year_month_station,1,HaiSec_51,2024-03-27 21:10:00,,,,,,,False,A_Winter,F_H04,a_winter,False,,,,,,,,
w724,H04,50,2024,march,B_nearsurface,year_month_station,1,HaiSec_51,2024-03-27 21:10:00,18.4285,39.1318,209.85001,0.0514,121.0,-71.0,True,A_Winter,F_H04,a_winter,False,,,,,,,,
w725,H04,125,2024,march,C_DCM,year_month_station,1,HaiSec_51,2024-03-27 21:10:00,17.256,39.1533,197.694,0.0782,121.0,4.0,True,A_Winter,F_H04,a_winter,False,,,,,,,,
w726,H04,155,2024,march,D_below_DCM,year_month_station,1,HaiSec_51,2024-03-27 21:10:00,16.8769,39.1736,197.25101,0.0336,121.0,34.0,True,A_Winter,F_H04,a_winter,False,,,,,,,,
w727,H04,400,2024,march,F_300-600,year_month_station,1,HaiSec_51,2024-03-27 21:10:00,14.2564,38.8757,161.57001,0.023,121.0,279.0,True,A_Winter,F_H04,a_winter,False,,,,,,,,
w728,H04,550,2024,march,F_300-600,year_month_station,1,HaiSec_51,2024-03-27 21:10:00,13.9283,38.8063,159.964,0.0231,121.0,429.0,True,A_Winter,F_H04,a_winter,False,,,,,,,,
w729,H04,800,2024,march,G_below_600,year_month_station,1,HaiSec_51,2024-03-27 21:10:00,13.8056,38.7717,163.19501,0.0226,121.0,679.0,True,A_Winter,F_H04,a_winter,False,,,,,,,,
w730,H04,1120,2024,march,H_near_bottom,year_month_station,1,HaiSec_51,2024-03-27 21:10:00,13.7665,38.7603,165.47,0.0288,121.0,999.0,True,A_Winter,F_H04,a_winter,False,,,,,,,,
w731,H05,1,2024,march,A_surface,year_month_station,1,HaiSec_51,2024-03-28 01:51:00,18.4558,39.141,208.87,0.0471,60.0,-59.0,True,A_Winter,G_H05,a_winter,False,,,,,,,,
w732,H05,60,2024,march,B_nearsurface,year_month_station,1,HaiSec_51,2024-03-28 01:51:00,18.1823,39.1906,205.69501,0.0863,60.0,0.0,True,A_Winter,G_H05,a_winter,False,,,,,,,,
w733,H05,100,2024,march,C_DCM,year_month_station,1,HaiSec_51,2024-03-28 01:51:00,17.6064,39.2191,207.308,0.0743,60.0,40.0,True,A_Winter,G_H05,a_winter,False,,,,,,,,
w734,H05,180,2024,march,D_below_DCM,year_month_station,1,HaiSec_51,2024-03-28 01:51:00,16.0832,39.1116,180.90601,0.024,60.0,120.0,True,A_Winter,G_H05,a_winter,False,,,,,,,,
w735,H05,375,2024,march,F_300-600,year_month_station,1,HaiSec_51,2024-03-28 01:51:00,14.4095,38.9077,162.16499,0.0229,60.0,315.0,True,A_Winter,G_H05,a_winter,False,,,,,,,,
w736,H05,550,2024,march,F_300-600,year_month_station,1,HaiSec_51,2024-03-28 01:51:00,13.9653,38.8143,159.12399,0.0228,60.0,490.0,True,A_Winter,G_H05,a_winter,False,,,,,,,,
w737,H05,800,2024,march,F_300-600,year_month_station,1,HaiSec_51,2024-03-28 01:51:00,13.7875,38.7674,162.63901,0.0224,60.0,740.0,True,A_Winter,G_H05,a_winter,False,,,,,,,,
w738,H05,1000,2024,march,G_below_600,year_month_station,1,HaiSec_51,2024-03-28 01:51:00,13.7652,38.7577,165.149,0.0228,60.0,940.0,True,A_Winter,G_H05,a_winter,False,,,,,,,,
w739,H05,1200,2024,march,G_below_600,year_month_station,1,HaiSec_51,2024-03-28 01:51:00,13.7804,38.7589,167.215,0.0225,60.0,1140.0,True,A_Winter,G_H05,a_winter,False,,,,,,,,
w740,H05,1350,2024,march,G_below_600,year_month_station,1,HaiSec_51,2024-03-28 01:51:00,13.7993,38.7618,168.05299,0.0223,60.0,1290.0,True,A_Winter,G_H05,a_winter,False,,,,,,,,
w741,H05,1450,2024,march,H_near_bottom,year_month_station,1,HaiSec_51,2024-03-28 01:51:00,13.8152,38.7636,167.575,0.0288,60.0,1390.0,True,A_Winter,G_H05,a_winter,False,,,,,,,,
w742,H06,1,2024,march,A_surface,year_month_station,1,HaiSec_51,2024-03-28 08:32:00,18.7285,39.0877,208.903,0.0289,151.0,-150.0,True,A_Winter,H_H06,a_winter,False,,,,,,,,
w743,H06,50,2024,march,B_nearsurface,year_month_station,1,HaiSec_51,2024-03-28 08:32:00,18.3085,39.2244,209.73599,0.0428,151.0,-101.0,True,A_Winter,H_H06,a_winter,False,,,,,,,,
w744,H06,110,2024,march,C_DCM,year_month_station,1,HaiSec_51,2024-03-28 08:32:00,18.0362,39.2131,207.05099,0.08,151.0,-41.0,True,A_Winter,H_H06,a_winter,False,,,,,,,,
w745,H06,150,2024,march,D_below_DCM,year_month_station,1,HaiSec_51,2024-03-28 08:32:00,17.2217,39.1698,197.13,0.101,151.0,-1.0,True,A_Winter,H_H06,a_winter,False,,,,,,,,
w746,H06,180,2024,march,D_below_DCM,year_month_station,1,HaiSec_51,2024-03-28 08:32:00,16.6649,39.1799,195.72501,0.0592,151.0,29.0,True,A_Winter,H_H06,a_winter,False,,,,,,,,
w747,H06,375,2024,march,F_300-600,year_month_station,1,HaiSec_51,2024-03-28 08:32:00,14.5664,38.9395,165.2,0.0215,151.0,224.0,True,A_Winter,H_H06,a_winter,False,,,,,,,,
w748,H06,520,2024,march,F_300-600,year_month_station,1,HaiSec_51,2024-03-28 08:32:00,14.052,38.8339,159.355,0.022,151.0,369.0,True,A_Winter,H_H06,a_winter,False,,,,,,,,
w749,H06,800,2024,march,G_below_600,year_month_station,1,HaiSec_51,2024-03-28 08:32:00,13.8117,38.7729,162.047,0.0215,151.0,649.0,True,A_Winter,H_H06,a_winter,False,,,,,,,,
w750,H06,1000,2024,march,G_below_600,year_month_station,1,HaiSec_51,2024-03-28 08:32:00,13.7743,38.7588,165.297,0.0212,151.0,849.0,True,A_Winter,H_H06,a_winter,False,,,,,,,,
w751,H06,1250,2024,march,G_below_600,year_month_station,1,HaiSec_51,2024-03-28 08:32:00,13.7879,38.7577,167.31,0.0211,151.0,1099.0,True,A_Winter,H_H06,a_winter,False,,,,,,,,
w752,H06,1500,2024,march,G_below_600,year_month_station,1,HaiSec_51,2024-03-28 08:32:00,13.819,38.7616,169.121,0.0211,151.0,1349.0,True,A_Winter,H_H06,a_winter,False,,,,,,,,
w753,H06,1752,2024,march,H_near_bottom,year_month_station,1,HaiSec_51,2024-03-28 08:32:00,13.8582,38.7639,169.379,0.0246,151.0,1601.0,True,A_Winter,H_H06,a_winter,False,,,,,,,,
w766,H15,15,2024,august,B_nearsurface,year_month_station,1,HaiSec_52,2024-08-06 07:27:00,31.1151,39.5475,163.602,0.072087,,,True,Summer,A_H15,summer,True,0.47300000000000075,0.8685003604276498,0.0341545085561435,2.1501076338677025,0.29,181.43124707330355,8.033,2639.565644251174
w767,H15,1,2024,august,A_surface,year_month_station,1,HaiSec_52,2024-08-06 07:27:00,31.1692,39.5568,163.429,0.061316,,,True,Summer,A_H15,summer,True,1.343,0.0585515917103827,0.0204930570986339,2.0720757733063238,0.23,,8.031333333333334,2634.333536177953
w768,H25,25,2024,august,B_nearsurface,year_month_station,1,HaiSec_52,2024-08-06 09:04:00,30.358,39.3759,167.754,0.12395,,,True,Summer,B_H25,summer,True,0.6060000000000016,0.4000535095962591,0.0253692469500066,2.023034820885148,0.49,189.9018251261487,8.029,2623.457322032258
w769,H25,1,2024,august,A_surface,year_month_station,1,HaiSec_52,2024-08-06 09:04:00,30.7275,39.4091,168.181,0.073119,,,True,Summer,B_H25,summer,True,1.8695000000000004,0.4586339947518609,0.0204921572123171,1.8963377229810987,0.35,184.4450751222409,8.033333333333333,2627.0264129123498
w770,H01,1,2024,august,A_surface,year_month_station,1,HaiSec_52,2024-08-06 10:03:00,30.0272,39.3528,171.773,0.03502,48.0,-47.0,True,Summer,C_H01,summer,True,1.099333333333333,0.3804935586830825,0.0204881146983198,1.4471763556749722,0.04,187.5293146268964,8.031666666666666,2622.524298047548
w771,H01,15,2024,august,B_nearsurface,year_month_station,1,HaiSec_52,2024-08-06 10:03:00,29.8362,39.4572,170.725,0.036167,48.0,-33.0,True,Summer,C_H01,summer,True,0.1603333333333321,0.1365679917403678,0.0165832561399018,1.02751155690372,0.05,188.8066722273746,8.038333333333332,2639.308269142077
w772,H01,32,2024,august,B_nearsurface,year_month_station,1,HaiSec_52,2024-08-06 10:03:00,28.2484,39.137,179.816,0.049242,48.0,-16.0,True,Summer,C_H01,summer,True,1.1780000000000008,0.029257999575954,0.0165795330930406,1.1150548727280272,0.13,196.21652114690173,8.018333333333333,2612.0066238872428
w773,H01,48,2024,august,B_nearsurface,year_month_station,1,HaiSec_52,2024-08-06 10:03:00,24.3775,38.991,197.062,0.084377,48.0,0.0,True,Summer,C_H01,summer,True,0.06466666666666043,0.0292238695501014,0.0175343217300608,1.1527192989206685,0.21,217.02551210334408,7.995999999999999,2596.573590619722
w774,H02,1,2024,august,A_surface,year_month_station,1,HaiSec_52,2024-08-06 11:07:00,30.0545,39.5984,169.837,0.034415,85.0,-84.0,True,Summer,D_H02,summer,True,1.079333333333333,0.3414102878625228,0.0078036637225719,0.8518999563807714,0.03,184.13339590626225,8.044,2637.5490411808737
w775,H02,60,2024,august,B_nearsurface,year_month_station,1,HaiSec_52,2024-08-06 11:07:00,21.4054,38.9619,207.387,0.072207,85.0,-25.0,True,Summer,D_H02,summer,True,0.35233333333334116,0.1265314933967107,0.0340661712991144,1.112828262437738,0.22,226.161438675141,7.986666666666667,2599.40053103382
w776,H02,80,2024,august,B_nearsurface,year_month_station,1,HaiSec_52,2024-08-06 11:07:00,19.318,39.0299,208.797,0.11543,85.0,-5.0,True,Summer,D_H02,summer,True,1.1346666666666607,0.1167288718066993,0.0077819247871132,0.8106171653243008,0.03,,8.043999999999999,2643.9300123781554
w777,H02,100,2024,august,C_DCM,year_month_station,1,HaiSec_52,2024-08-06 11:07:00,19.009,39.118,213.473,0.065472,85.0,15.0,True,Summer,D_H02,summer,True,0.9206666666666621,0.486085321584327,0.0077773651453492,0.8684724412306644,0.26,230.88153781547172,8.002666666666666,2607.774426865771
w778,H02,180,2024,august,D_below_DCM,year_month_station,1,HaiSec_52,2024-08-06 11:07:00,17.4113,39.1688,196.577,0.06187,85.0,95.0,True,Summer,D_H02,summer,True,0.3810000000000002,3.170626691872177,0.034569196933751,0.868842488161292,0.12,216.92422827668804,7.968,2621.8169125237223
w779,H02,265,2024,august,D_below_DCM,year_month_station,1,HaiSec_52,2024-08-06 11:07:00,15.6015,39.0886,173.721,0.029876,85.0,180.0,True,Summer,D_H02,summer,True,0.46366666666665424,3.566567405305692,0.0903789560472559,3.142207432467321,,191.25455802309716,7.921666666666667,2626.103800423361
w780,H03,1,2024,august,A_surface,year_month_station,1,HaiSec_52,2024-08-06 13:05:00,30.0449,39.6372,170.001,0.030356,110.0,-109.0,True,Summer,E_H03,summer,True,1.3816666666666664,0.1658225486086854,0.0078034140521734,0.8323641655651662,0.03,186.48089272844663,8.050333333333334,2652.60294208662
w781,H03,62,2024,august,B_nearsurface,year_month_station,1,HaiSec_52,2024-08-06 13:05:00,20.2268,38.9101,219.143,0.047118,110.0,-48.0,True,Summer,E_H03,summer,True,0.32466666666667265,0.1070346270641141,0.0058382523853153,0.7914075455649653,0.06,238.79728760734037,8.007333333333333,2596.679529708881
w782,H03,120,2024,august,C_DCM,year_month_station,1,HaiSec_52,2024-08-06 13:05:00,18.2607,39.1398,203.965,0.08281,110.0,10.0,True,Summer,E_H03,summer,True,0.2326666666666597,0.3695100170762248,0.0116687373813544,0.8006050369984871,0.21,222.2731995719788,7.989666666666667,2618.848740341732
w783,H03,180,2024,august,D_below_DCM,year_month_station,1,HaiSec_52,2024-08-06 13:05:00,17.054,39.1635,190.61,0.067657,110.0,70.0,True,Summer,E_H03,summer,True,0.17900000000000205,1.1179033188605358,0.0194417968497484,1.1794690088847395,0.13,201.4115478687145,7.956333333333333,2619.27024804164
w784,H03,220,2024,august,D_below_DCM,year_month_station,1,HaiSec_52,2024-08-06 13:05:00,16.4465,39.1833,186.795,0.050094,110.0,110.0,True,Summer,E_H03,summer,True,0.46033333333332394,1.4773437670088925,0.0184667970876111,1.4222673546423328,0.09,203.96996392913232,7.947666666666667,2619.743572905808
w785,H03,375,2024,august,F_300-600,year_month_station,1,HaiSec_52,2024-08-06 13:05:00,14.4618,38.9123,159.504,0.029432,110.0,265.0,True,Summer,E_H03,summer,True,0.2559999999999718,5.888489499443411,0.2176603379332218,6.222105791216058,,175.4011406992809,7.924333333333333,2623.425697446587
w786,H04,680,2024,august,G_below_600,year_month_station,1,HaiSec_52,2024-08-06 16:07:00,13.8831,38.7895,158.047,0.029008,131.0,549.0,True,Summer,F_H04,summer,False,120.375,,,,,,,
w787,H04,1,2024,august,A_surface,year_month_station,1,HaiSec_52,2024-08-06 16:07:00,29.8602,39.6734,172.082,0.034559,131.0,-130.0,True,Summer,F_H04,summer,True,1.3175,0.0390136072634753,0.0068273812711081,0.8322902882874745,0.04,180.00397363445327,8.031999999999998,2654.314114948927
w788,H04,60,2024,august,B_nearsurface,year_month_station,1,HaiSec_52,2024-08-06 16:07:00,20.0193,38.929,218.101,0.044117,131.0,-71.0,True,Summer,F_H04,summer,True,0.4095000000000013,0.2724341495038828,0.0145946865805651,0.8886542495721892,0.05,239.7119339938733,7.986333333333333,2602.212721355864
w789,H04,130,2024,august,C_DCM,year_month_station,1,HaiSec_52,2024-08-06 16:07:00,17.9041,39.1595,197.305,0.10186,131.0,-1.0,True,Summer,F_H04,summer,True,1.1055000000000064,0.1847346558908673,0.0165288902639197,0.9074684850779448,0.27,216.985426120318,7.954000000000001,2621.0952335355714
w790,H04,150,2024,august,C_DCM,year_month_station,1,HaiSec_52,2024-08-06 16:07:00,17.4333,39.1786,196.451,0.082652,131.0,19.0,True,Summer,F_H04,summer,True,0.6075000000000159,0.3305341626500285,0.0048607965095592,0.8976270887652736,0.25,213.4919180581627,7.945,2624.761967104326
w791,H04,212,2024,august,D_below_DCM,year_month_station,1,HaiSec_52,2024-08-06 16:07:00,16.2275,39.139,181.313,0.050868,131.0,81.0,True,Summer,F_H04,summer,False,31.139999999999986,,,,,,,
w792,H04,375,2024,august,F_300-600,year_month_station,1,HaiSec_52,2024-08-06 16:07:00,14.7827,38.9818,166.801,0.028719,131.0,244.0,True,Summer,F_H04,summer,True,0.2389999999999759,5.276411573706756,0.1797672451447053,5.0561562102862165,,182.1178138718472,7.900333333333333,2615.3475250163438
w793,H04,650,2024,august,F_300-600,year_month_station,1,HaiSec_52,2024-08-06 16:07:00,13.9099,38.7962,157.867,0.029068,131.0,519.0,True,Summer,F_H04,summer,False,99.3164999999999,,,,,,,
w794,H04,800,2024,august,G_below_600,year_month_station,1,HaiSec_52,2024-08-06 16:07:00,13.8132,38.7709,159.786,0.028502,131.0,669.0,True,Summer,F_H04,summer,True,0.375,5.878516044899425,0.2293107085283081,8.816154641441452,,175.7751483247419,7.9175,2617.1008482034977
w795,H04,1104,2024,august,H_near_bottom,year_month_station,1,HaiSec_52,2024-08-06 16:07:00,13.7636,38.7583,161.85,0.032812,131.0,973.0,True,Summer,F_H04,summer,True,0.24350000000004002,5.616109567382725,0.2137619558519376,9.875154596856934,,178.1365320471556,7.942,2617.0985060638727
w796,H05,1,2024,august,A_surface,year_month_station,1,HaiSec_52,2024-08-06 20:14:00,29.2122,39.6494,172.864,0.035741,138.0,-137.0,True,Summer,G_H05,summer,True,1.274,0.107266025007806,0.0175526222740046,0.8613786856687455,0.03,189.56326707491783,8.017,2634.9930433457644
w797,H05,50,2024,august,B_nearsurface,year_month_station,1,HaiSec_52,2024-08-06 20:14:00,19.959,38.9009,216.23,0.048008,138.0,-88.0,True,Summer,G_H05,summer,True,0.24499999999999744,0.1459487118712639,0.0126488883621762,0.8497458335615811,0.07,232.010145656464,7.973,2583.406959225259
w798,H05,140,2024,august,C_DCM,year_month_station,1,HaiSec_52,2024-08-06 20:14:00,18.2393,39.2221,197.875,0.091355,138.0,2.0,True,Summer,G_H05,summer,True,0.01099999999999568,0.0972330866691979,0.0097233086669197,0.8297223395771559,0.25,216.61852417366163,7.966666666666668,2612.017239619539
w799,H05,180,2024,august,D_below_DCM,year_month_station,1,HaiSec_52,2024-08-06 20:14:00,17.3538,39.1629,190.323,0.055094,138.0,42.0,True,Summer,G_H05,summer,True,0.6310000000000002,0.7096749105615181,0.0194431482345621,0.8879037693783378,0.08,206.65053936127364,7.940666666666666,2612.2444419167714
W8,U_DL,550,2020,february,D_below_DCM,year_month_station,0,,,,,,,,,False,A_Winter,U_DL,a_winter,False,,,,,,,,
w800,H05,375,2024,august,F_300-600,year_month_station,1,HaiSec_52,2024-08-06 20:14:00,14.8943,38.9922,165.679,0.02718,138.0,237.0,True,Summer,G_H05,summer,True,0.03750000000002274,5.130737109095894,0.1729680313293691,4.823022446618552,0.01,181.44316068394704,7.906666666666666,2613.764799818743
w801,H05,550,2024,august,F_300-600,year_month_station,1,HaiSec_52,2024-08-06 20:14:00,14.0872,38.8366,156.448,0.027038,138.0,412.0,True,Summer,G_H05,summer,True,0.04600000000004911,6.413026917611649,0.2487477107437246,7.698871203617621,,173.56964284458962,7.911,2611.920445930921
w802,H05,800,2024,august,G_below_600,year_month_station,1,HaiSec_52,2024-08-06 20:14:00,13.836,38.775,158.472,0.026203,138.0,662.0,True,Summer,G_H05,summer,True,0.11249999999995453,6.053423453877432,0.2399992926336638,8.923050623559297,,169.9907701181801,7.926666666666667,2608.43647310193
w803,H05,1000,2024,august,G_below_600,year_month_station,1,HaiSec_52,2024-08-06 20:14:00,13.7815,38.7574,161.193,0.027289,138.0,862.0,True,Summer,G_H05,summer,True,0.39800000000002456,5.664735862986072,0.2244517983447311,9.059043001013174,,176.97139436205677,7.94,2600.9068368653016
w804,H05,1200,2024,august,G_below_600,year_month_station,1,HaiSec_52,2024-08-06 20:14:00,13.7832,38.7548,163.423,0.025832,138.0,1062.0,True,Summer,G_H05,summer,True,0.07600000000002183,5.392650022066141,0.2069611630090248,9.127019676986416,,188.08934693541488,7.928666666666667,2600.08061819384
w805,H05,1350,2024,august,G_below_600,year_month_station,1,HaiSec_52,2024-08-06 20:14:00,13.7966,38.7569,164.518,0.026281,138.0,1212.0,True,Summer,G_H05,summer,True,0.1269999999999527,5.246882841478553,0.2050170888059212,9.272731836514255,,180.10391794844324,7.935666666666667,2610.806011711348
w806,H05,1468,2024,august,H_near_bottom,year_month_station,1,HaiSec_52,2024-08-06 20:14:00,13.815,38.7583,164.58,0.031562,138.0,1330.0,True,Summer,G_H05,summer,True,0.46550000000002,5.217727408624913,0.2001586305729482,9.486482669064165,,180.9417503772204,7.932666666666667,2607.084630256585
w807,H06,180,2024,august,D_below_DCM,year_month_station,1,HaiSec_52,2024-08-07 01:57:00,17.2567,39.1624,189.561,0.050221,117.0,63.0,True,Summer,H_H06,summer,True,1.2280000000000086,0.5930043183352172,0.0097213822677904,0.9656573052671844,0.16,213.79676907359524,7.942,2612.156819073362
w808,H06,375,2024,august,F_300-600,year_month_station,1,HaiSec_52,2024-08-07 01:57:00,14.8938,38.9959,166.825,0.028627,117.0,258.0,True,Summer,H_H06,summer,True,0.7384999999999877,5.023828689968163,0.169080501364499,4.6480942424914975,,,7.9055,2609.889296514212
w809,H06,550,2024,august,F_300-600,year_month_station,1,HaiSec_52,2024-08-07 01:57:00,14.1713,38.8579,158.093,0.027738,117.0,433.0,True,Summer,H_H06,summer,True,0.09300000000007458,6.121536400695951,0.2380597489159536,7.378232762320304,,,7.910333333333334,2605.0305333652764
w810,H06,800,2024,august,G_below_600,year_month_station,1,HaiSec_52,2024-08-07 01:57:00,13.857,38.7802,158.213,0.02788,117.0,683.0,True,Summer,H_H06,summer,True,0.18849999999997635,6.063143559207131,0.2477726935252914,8.78702375861589,,,7.922,2604.369070543072
w811,H06,1,2024,august,A_surface,year_month_station,1,HaiSec_52,2024-08-07 01:57:00,29.319,39.521,171.998,0.035705,117.0,-116.0,True,Summer,H_H06,summer,True,1.479,,,,0.02,,8.019,2622.39750582467
w812,H06,55,2024,august,B_nearsurface,year_month_station,1,HaiSec_52,2024-08-07 01:57:00,19.923,38.893,210.347,0.047173,117.0,-62.0,True,Summer,H_H06,summer,True,0.3125,0.0,0.0038919149067832,0.8010858183128933,0.07,241.8042710547107,7.974333333333333,2591.838644823953
w813,H06,115,2024,august,C_DCM,year_month_station,1,HaiSec_52,2024-08-07 01:57:00,18.3797,39.1206,201.973,0.090118,117.0,-2.0,True,Summer,H_H06,summer,True,0.20749999999999602,0.116692797749696,0.0106968397937221,0.8006422512270815,0.19,220.63692479347208,7.966,2606.0291994543754
w814,H06,160,2024,august,D_below_DCM,year_month_station,1,HaiSec_52,2024-08-07 01:57:00,17.6923,39.1747,192.448,0.05952,117.0,43.0,True,Summer,H_H06,summer,True,0.39749999999997954,0.3888932099245548,0.0194446604962277,0.8685281688315057,0.13,216.05264999727385,7.941333333333334,2611.853257483486
w815,H06,1000,2024,august,G_below_600,year_month_station,1,HaiSec_52,2024-08-07 01:57:00,13.8014,38.7612,160.325,0.027455,117.0,883.0,True,Summer,H_H06,summer,True,0.39599999999995816,5.703608625566353,0.2331969455086754,9.088203181907543,,,7.928999999999999,2598.8723996888425
w816,H06,1550,2024,august,G_below_600,year_month_station,1,HaiSec_52,2024-08-07 01:57:00,13.8292,38.7586,165.204,0.027663,117.0,1433.0,True,Summer,H_H06,summer,True,1.5515000000000327,5.071980340149155,0.2108466923012196,9.282436561218056,,,7.929666666666667,2603.099368898398
w817,H06,1737,2024,august,H_near_bottom,year_month_station,1,HaiSec_52,2024-08-07 01:57:00,13.8601,38.7606,164.594,0.030862,117.0,1620.0,True,Summer,H_H06,summer,True,0.12149999999996908,5.15942125868114,0.2021016236922179,9.525334539724565,,188.68300572987343,7.927333333333333,2608.261432793434
W9,U_DL,280,2020,february,D_below_DCM,year_month_station,0,,,,,,,,,False,A_Winter,U_DL,a_winter,False,,,,,,,,
w967,H15,1,2026,may,B_nearsurface,year_month_station,0,,,,,,,,,False,A_Winter,A_H15,a_winter,False,,,,,,,,
w968,H15,15,2026,may,A_surface,year_month_station,0,,,,,,,,,False,A_Winter,A_H15,a_winter,False,,,,,,,,
w969,H25,1,2026,may,B_nearsurface,year_month_station,0,,,,,,,,,False,A_Winter,B_H25,a_winter,False,,,,,,,,
w970,H25,25,2026,may,A_surface,year_month_station,0,,,,,,,,,False,A_Winter,B_H25,a_winter,False,,,,,,,,
w971,H01,1,2026,may,A_surface,year_month_station,0,,,,,,,,,False,A_Winter,C_H01,a_winter,False,,,,,,,,
w972,H01,20,2026,may,B_nearsurface,year_month_station,0,,,,,,,,,False,A_Winter,C_H01,a_winter,False,,,,,,,,
w973,H01,35,2026,may,B_nearsurface,year_month_station,0,,,,,,,,,False,A_Winter,C_H01,a_winter,False,,,,,,,,
w974,H01,50,2026,may,B_nearsurface,year_month_station,0,,,,,,,,,False,A_Winter,C_H01,a_winter,False,,,,,,,,
w975,H02,1,2026,may,A_surface,year_month_station,0,,,,,,,,,False,A_Winter,D_H02,a_winter,False,,,,,,,,
w976,H02,40,2026,may,B_nearsurface,year_month_station,0,,,,,,,,,False,A_Winter,D_H02,a_winter,False,,,,,,,,
w977,H02,85,2026,may,C_DCM,year_month_station,0,,,,,,,,,False,A_Winter,D_H02,a_winter,False,,,,,,,,
w978,H02,150,2026,may,D_below_DCM,year_month_station,0,,,,,,,,,False,A_Winter,D_H02,a_winter,False,,,,,,,,
w979,H02,220,2026,may,D_below_DCM,year_month_station,0,,,,,,,,,False,A_Winter,D_H02,a_winter,False,,,,,,,,
w980,H02,300,2026,may,F_300-600,year_month_station,0,,,,,,,,,False,A_Winter,D_H02,a_winter,False,,,,,,,,
w981,H03,1,2026,may,A_surface,year_month_station,0,,,,,,,,,False,A_Winter,E_H03,a_winter,False,,,,,,,,
w982,H03,40,2026,may,B_nearsurface,year_month_station,0,,,,,,,,,False,A_Winter,E_H03,a_winter,False,,,,,,,,
w983,H03,85,2026,may,C_DCM,year_month_station,0,,,,,,,,,False,A_Winter,E_H03,a_winter,False,,,,,,,,
w984,H03,200,2026,may,D_below_DCM,year_month_station,0,,,,,,,,,False,A_Winter,E_H03,a_winter,False,,,,,,,,
w985,H03,240,2026,may,D_below_DCM,year_month_station,0,,,,,,,,,False,A_Winter,E_H03,a_winter,False,,,,,,,,
w986,H03,375,2026,may,F_300-600,year_month_station,0,,,,,,,,,False,A_Winter,E_H03,a_winter,False,,,,,,,,
w987,H03,600,2026,may,H_near_bottom,year_month_station,0,,,,,,,,,False,A_Winter,E_H03,a_winter,False,,,,,,,,
w988,H04,1,2026,may,A_surface,year_month_station,0,,,,,,,,,False,A_Winter,F_H04,a_winter,False,,,,,,,,
w990,H04,85,2026,may,C_DCM,year_month_station,0,,,,,,,,,False,A_Winter,F_H04,a_winter,False,,,,,,,,
w991,H04,180,2026,may,D_below_DCM,year_month_station,0,,,,,,,,,False,A_Winter,F_H04,a_winter,False,,,,,,,,
w992,H04,240,2026,may,D_below_DCM,year_month_station,0,,,,,,,,,False,A_Winter,F_H04,a_winter,False,,,,,,,,
w993,H04,375,2026,may,F_300-600,year_month_station,0,,,,,,,,,False,A_Winter,F_H04,a_winter,False,,,,,,,,
w994,H04,550,2026,may,F_300-600,year_month_station,0,,,,,,,,,False,A_Winter,F_H04,a_winter,False,,,,,,,,
w995,H04,800,2026,may,G_below_600,year_month_station,0,,,,,,,,,False,A_Winter,F_H04,a_winter,False,,,,,,,,
w996,H04,1100,2026,may,H_near_bottom,year_month_station,0,,,,,,,,,False,A_Winter,F_H04,a_winter,False,,,,,,,,
w998,H05,40,2026,may,B_nearsurface,year_month_station,0,,,,,,,,,False,A_Winter,G_H05,a_winter,False,,,,,,,,
