OTUID,Kingdom,Phylum,Class,Order,Family,Genus,Species
f87697377ce75a17bca1c1c96f4d0bad,Eukaryota,TSAR_Alveolata_Dinoflagellata,Syndiniales,Dino-Group-II,Dino-Group-II-Clade-7,Dino-Group-II-Clade-7_X,Dino-Group-II-Clade-7_X_sp.
35d4a6d176061609f7d4c98fa4c442f2,Eukaryota,TSAR_Rhizaria_Radiolaria,Acantharea,Acantharea_1,Acantharea_1_X,Acantharea_1_XX,Acantharea_1_XX_sp.
12a868306760aec11ef3392109b490dc,Eukaryota,TSAR_Alveolata_Dinoflagellata,Syndiniales,Dino-Group-II,Dino-Group-II-Clade-29,Dino-Group-II-Clade-29_X,Dino-Group-II-Clade-29_X_sp.
5c917994e1f55b588837880afaf5f4ee,Eukaryota,TSAR_Alveolata_Dinoflagellata,Dinophyceae,Prorocentrales,Prorocentraceae,Prorocentrum,
e5b45cdeb78a2723789339724b60bde5,Eukaryota,TSAR_Rhizaria_Radiolaria,Polycystinea,Nassellaria,Collodaria_X,Collodaria_XX,Collodaria_XX_sp.
b4427753538de114687ed098ef075fae,Eukaryota,TSAR_Alveolata_Dinoflagellata,Dinophyceae,Dinophyceae_X,Dinophyceae_XX,Dinophyceae_XXX,Dinophyceae_XXX_sp.
e97d82d780fe18415c56d2ca611cff60,Eukaryota,TSAR_Alveolata_Dinoflagellata,Syndiniales,Dino-Group-II,Dino-Group-II-Clade-7,Dino-Group-II-Clade-7_X,Dino-Group-II-Clade-7_X_sp.
a46519c07ee8d0de7cbfdcce41318742,Eukaryota,Archaeplastida_Chlorophyta_Chlorophyta_X,Mamiellophyceae,Dolichomastigales,Crustomastigaceae,Crustomastigaceae-AB,Crustomastigaceae-AB_sp.
f9bae72a46b8dd435c480dcb504675ed,Eukaryota,TSAR_Rhizaria_Radiolaria,RAD-B,RAD-B_X,RAD-B_X_Group-III,RAD-B_X_Group-III_X,RAD-B_X_Group-III_X_sp.
a9f0b65b6dd9cb4d4f0e0b6eaaad5711,Eukaryota,Excavata_Discoba_Euglenozoa,Diplonemea,Diplonemida,Eupelagonemidae,Eupelagonemidae_X,Eupelagonemidae_X_sp.
c6564977079ffaf9a3ae9355d36359c4,Eukaryota,TSAR_Alveolata_Dinoflagellata,Syndiniales,Dino-Group-II,Dino-Group-II-Clade-7,Dino-Group-II-Clade-7_X,Dino-Group-II-Clade-7_X_sp.
89fd92680b23ce1ebbae97144b35dd34,Eukaryota,TSAR_Rhizaria_Radiolaria,RAD-B,RAD-B_X,RAD-B_X_Group-II,RAD-B_X_Group-II_X,RAD-B_X_Group-II_X_sp.
5a9a930f5693ad75c0bc78f34a275aa1,Eukaryota,TSAR_Alveolata_Dinoflagellata,Syndiniales,Dino-Group-I,Dino-Group-I-Clade-1,Dino-Group-I-Clade-1_X,Dino-Group-I-Clade-1_X_sp.
5fb35e72094f8122a02b7bbfa021cc5e,Eukaryota,Excavata_Discoba_Euglenozoa,Diplonemea,Diplonemida,Eupelagonemidae,Eupelagonemidae_X,Eupelagonemidae_X_sp.
a1d66653414117082b6f09438ce4bb1c,Eukaryota,TSAR_Alveolata_Dinoflagellata,Syndiniales,Dino-Group-II,Dino-Group-II-Clade-7,Dino-Group-II-Clade-7_X,Dino-Group-II-Clade-7_X_sp.
798436e656f39eabaf3eb51667d0854d,Eukaryota,TSAR_Rhizaria_Radiolaria,RAD-B,RAD-B_X,RAD-B_X_Group-Ia,RAD-B_X_Group-Ia_X,RAD-B_X_Group-Ia_X_sp.
08f6f94aa0b4bc03904b16e2db3d36d7,Eukaryota,Excavata_Discoba_Euglenozoa,Diplonemea,Diplonemida,Eupelagonemidae,Eupelagonemidae_X,Eupelagonemidae_X_sp.
939de29e08d0ec98931fdda471f342b0,Eukaryota,Excavata_Discoba_Euglenozoa,Diplonemea,Diplonemida,Eupelagonemidae,Eupelagonemidae_X,Eupelagonemidae_X_sp.
28c9ee5589d30e3aee2c805f02b8c9bf,Eukaryota,TSAR_Alveolata_Dinoflagellata,Syndiniales,Dino-Group-I,Dino-Group-I-Clade-5,Dino-Group-I-Clade-5_X,Dino-Group-I-Clade-5_X_sp.
b526b272004c0de83c740e466e35925d,Eukaryota,TSAR_Alveolata_Dinoflagellata,Syndiniales,Dino-Group-II,Dino-Group-II-Clade-6,Dino-Group-II-Clade-6_X,Dino-Group-II-Clade-6_X_sp.
2265ee44d2aaa2665baf48cec9ba358f,Eukaryota,TSAR_Rhizaria_Radiolaria,RAD-B,RAD-B_X,RAD-B_X_Group-Ib,RAD-B_X_Group-Ib_X,RAD-B_X_Group-Ib_X_sp.
f9059747fe2fba76266473521702eed1,Eukaryota,TSAR_Alveolata_Dinoflagellata,Syndiniales,Dino-Group-II,Dino-Group-II-Clade-6,Dino-Group-II-Clade-6_X,Dino-Group-II-Clade-6_X_sp.
1ebd2a016ccd9992998445ca986324de,Eukaryota,TSAR_Alveolata_Dinoflagellata,Dinophyceae,,,,
215278e0be983399c7bf9851df6cd391,Eukaryota,TSAR_Stramenopiles_Gyrista,Pelagophyceae,Pelagomonadales,Pelagomonadaceae,Pelagomonas,Pelagomonas_calceolata
76f1c6199f2f90ac8a337ce9d5d83a61,Eukaryota,TSAR_Alveolata_Dinoflagellata,Syndiniales,Dino-Group-IV,Dino-Group-IV-Hematodinium-Group,Hematodinium,Hematodinium_sp.
18171e40c22d55bbaa5f3d681511ea9b,Eukaryota,TSAR_Rhizaria_Radiolaria,Polycystinea,Spumellaria,Astrosphaeridae,,
e60261be508938c8e2705acba66774da,Eukaryota,TSAR_Alveolata_Dinoflagellata,Dinophyceae,Gymnodiniales,Gymnodiniaceae,Gyrodinium,
66c8a3ff017ceb9bd338b0158e727041,Eukaryota,TSAR_Alveolata_Dinoflagellata,Dinophyceae,Dinophyceae_X,Dinophyceae_XX,Dinophyceae_XXX,Dinophyceae_XXX_sp.
daf2de18c391c8b85d2f17ae629968a3,Eukaryota,TSAR_Alveolata_Dinoflagellata,Syndiniales,Dino-Group-II,Dino-Group-II-Clade-16,Dino-Group-II-Clade-16_X,Dino-Group-II-Clade-16_X_sp.
3746cc5e8caf70e1a30a64e66eb053dd,Eukaryota,TSAR_Alveolata_Dinoflagellata,Syndiniales,Dino-Group-I,Dino-Group-I-Clade-4,Dino-Group-I-Clade-4_X,Dino-Group-I-Clade-4_X_sp.
9317fa092eae5e6fb3d12c97bfd0f70f,Eukaryota,TSAR_Stramenopiles_Gyrista,Mediophyceae,Chaetocerotales,Chaetocerotaceae,Chaetoceros,Chaetoceros_tenuissimus
380006f2986906a8e976911b727a80e2,Eukaryota,TSAR_Rhizaria_Radiolaria,RAD-B,RAD-B_X,RAD-B_X_Group-Ic,RAD-B_X_Group-Ic_X,RAD-B_X_Group-Ic_X_sp.
00f921721cdbc5bcb5938ce796054e0d,Eukaryota,TSAR_Alveolata_Dinoflagellata,Dinophyceae,Gonyaulacales,Ceratiaceae,Tripos,
ccb6f450403d22547d980035a37c46b0,Eukaryota,Excavata_Discoba_Euglenozoa,Diplonemea,Diplonemida,Eupelagonemidae,Eupelagonemidae_X,Eupelagonemidae_X_sp.
b7d732c1d760c96fcd415c1d673b6c46,Eukaryota,Haptista_Haptophyta_Haptophyta_X,Prymnesiophyceae,Prymnesiales,Prymnesiaceae,,
f58b8156a6fd3652556ba6b046f2eb0d,Eukaryota,TSAR_Stramenopiles_Bigyra,Opalozoa,Nanomonadea,MAST-3,MAST-3A,MAST-3A_sp.
d0a6de5fdaa4c2380f318da5be498daa,Eukaryota,TSAR_Alveolata_Dinoflagellata,Syndiniales,Dino-Group-II,Dino-Group-II-Clade-7,Dino-Group-II-Clade-7_X,Dino-Group-II-Clade-7_X_sp.
e184059d97bb6dff32a28c4c7378fcf5,Eukaryota,TSAR_Rhizaria_Radiolaria,RAD-B,RAD-B_X,RAD-B_X_Group-Ib,RAD-B_X_Group-Ib_X,RAD-B_X_Group-Ib_X_sp.
5f16b5d24e786301f6e92831a7d4de38,Eukaryota,TSAR_Alveolata_Dinoflagellata,Syndiniales,Dino-Group-I,Dino-Group-I-Clade-1,Dino-Group-I-Clade-1_X,Dino-Group-I-Clade-1_X_sp.
7b5cf806b7d9882f41934368a454e280,Eukaryota,TSAR_Alveolata_Dinoflagellata,Syndiniales,Dino-Group-II,Dino-Group-II-Clade-27,Dino-Group-II-Clade-27_X,Dino-Group-II-Clade-27_X_sp.
248690c6b995212af1c79d9b4858202f,Eukaryota,Archaeplastida_Chlorophyta_Chlorophyta_X,Mamiellophyceae,Mamiellales,Bathycoccaceae,Bathycoccus,Bathycoccus_prasinos
5eafa074940d0014a3c5dc619897a4ca,Eukaryota,TSAR_Alveolata_Dinoflagellata,Dinophyceae,Gymnodiniales,Gymnodiniaceae,Gymnodinium,Gymnodinium_sp.
1cdea78c6730d65b54f1811d2c6a2fb2,Eukaryota,TSAR_Alveolata_Dinoflagellata,Syndiniales,Dino-Group-II,Dino-Group-II-Clade-21,Dino-Group-II-Clade-21_X,Dino-Group-II-Clade-21_X_sp.
945a6ed03fe74d8bad41455e75994d53,Eukaryota,TSAR_Alveolata_Dinoflagellata,Dinophyceae,Gymnodiniales,,,
cb5b078ac44130e92de6fd30a3c07fa8,Eukaryota,TSAR_Alveolata_Dinoflagellata,Syndiniales,Dino-Group-II,Dino-Group-II-Clade-7,Dino-Group-II-Clade-7_X,Dino-Group-II-Clade-7_X_sp.
49fbc39ba5a63acf2265b5155faebaa5,Eukaryota,TSAR_Rhizaria_Radiolaria,Polycystinea,Nassellaria,Sphaerozoidae,,
39bebf5316f18121bae7d462642ea19a,Eukaryota,TSAR_Rhizaria_Radiolaria,Polycystinea,Spumellaria,Excentroconchidae,,
ca30a635233592f9ac29683f71c6d0ee,Eukaryota,TSAR_Alveolata_Dinoflagellata,Syndiniales,Dino-Group-II,Dino-Group-II-Clade-7,Dino-Group-II-Clade-7_X,Dino-Group-II-Clade-7_X_sp.
ab4eddf288e2ca8dfc899efda0748ad6,Eukaryota,TSAR_Alveolata_Dinoflagellata,Syndiniales,Dino-Group-I,Dino-Group-I_X,Dino-Group-I_XX,Dino-Group-I_XX_sp.
4bc3cedfe9d31c5d29d60965b4eada2e,Eukaryota,TSAR_Rhizaria_Radiolaria,Polycystinea,Spumellaria,Liosphaeroidea_X,Liosphaeroidea_XX,Liosphaeroidea_XX_sp.
080259743b3b56a8477470697b1ed94c,Eukaryota,Archaeplastida_Chlorophyta_Chlorophyta_X,Mamiellophyceae,Mamiellales,Mamiellaceae,Micromonas,
c6b1206e00a9bde92ead3fe17f515adc,Eukaryota,TSAR_Alveolata_Dinoflagellata,Dinophyceae,Dinophyceae_X,Dinophyceae_XX,Dinophyceae_XXX,Dinophyceae_XXX_sp.
b57045f6b7417b7d678efd1766bcdff6,Eukaryota,TSAR_Alveolata_Dinoflagellata,Syndiniales,Dino-Group-I,Dino-Group-I-Clade-2,Dino-Group-I-Clade-2_X,Dino-Group-I-Clade-2_X_sp.
2c8ee5e245946cf53f8ca2c4cdaa6254,Eukaryota,TSAR_Alveolata_Dinoflagellata,Syndiniales,Dino-Group-II,Dino-Group-II-Clade-6,Dino-Group-II-Clade-6_X,Dino-Group-II-Clade-6_X_sp.
87cbe9cb9c51a528183009ad2e21cf20,Eukaryota,TSAR_Alveolata_Dinoflagellata,Dinophyceae,Dinophyceae_X,Dinophyceae_XX,Dinophyceae_XXX,Dinophyceae_XXX_sp.
7ac593b6be2b7586ccaa75b20c4c0661,Eukaryota,TSAR_Alveolata_Dinoflagellata,Dinophyceae,Dinophyceae_X,Dinophyceae_XX,Dinophyceae_XXX,Dinophyceae_XXX_sp.
ffec38473aa5e9d9ddedf9cae91433a1,Eukaryota,TSAR_Alveolata_Dinoflagellata,Syndiniales,Dino-Group-I,Dino-Group-I-Clade-7,Dino-Group-I-Clade-7_X,Dino-Group-I-Clade-7_X_sp.
a72e388cfa560bd742b4c5fd899bbfbb,Eukaryota,TSAR_Rhizaria_Radiolaria,Polycystinea,Spumellaria,Excentroconchidae,Excentroconchidae_X,Excentroconchidae_X_sp.
ab432e2a169005bbf78350118049fda9,Eukaryota,TSAR_Alveolata_Dinoflagellata,Syndiniales,Dino-Group-I,Dino-Group-I-Clade-2,Dino-Group-I-Clade-2_X,Dino-Group-I-Clade-2_X_sp.
5b010ab00d973079aadba19ebc0778a8,Eukaryota,Excavata_Discoba_Euglenozoa,Diplonemea,Diplonemida,Eupelagonemidae,Eupelagonemidae_X,Eupelagonemidae_X_sp.
1be8d3dc0784929aa0d2909950426a95,Eukaryota,TSAR_Alveolata_Dinoflagellata,Dinophyceae,Dinophyceae_X,Dinophyceae_XX,Dinophyceae_XXX,Dinophyceae_XXX_sp.
a625900dde27c80029b8c3e5739d3176,Eukaryota,Excavata_Discoba_Euglenozoa,Diplonemea,Diplonemida,Eupelagonemidae,Eupelagonemidae_X,Eupelagonemidae_X_sp.
9767a3cc9a6de74af8599d693374bd7c,Eukaryota,TSAR_Rhizaria_Radiolaria,RAD-B,RAD-B_X,RAD-B_X_Group-IV_X,RAD-B_X_Group-IV_XX,RAD-B_X_Group-IV_XX_sp.
582178ab4d161ff68581486f36ac13fd,Eukaryota,TSAR_Alveolata_Dinoflagellata,Syndiniales,Dino-Group-II,Dino-Group-II-Clade-10-and-11,Dino-Group-II-Clade-10-and-11_X,Dino-Group-II-Clade-10-and-11_X_sp.
94337b85e05b8aef20afd3b10c364408,Eukaryota,Excavata_Discoba_Euglenozoa,Diplonemea,Diplonemida,Diplonemida_DSPDII,Diplonemida_DSPDII_X,Diplonemida_DSPDII_X_sp.
27fc00d1046b82bd02c43eb213816992,Eukaryota,TSAR_Telonemia_Telonemia_X,Telonemia_XX,Telonemia_XXX,Telonemia-Group-2,Telonemia-Group-2_X,Telonemia-Group-2_X_sp.
ad02ad8b82301ccdc25ace943a5f4bf5,Eukaryota,TSAR_Stramenopiles_Bigyra,Sagenista,Sagenista_X,MAST-4,MAST-4A,MAST-4A_sp.
c5ddcf497ef3dee1d59c4c2805365b15,Eukaryota,TSAR_Alveolata_Dinoflagellata,Syndiniales,Dino-Group-II,,,
3af57424bd08ba8b21a117dd3a56cddf,Eukaryota,TSAR_Alveolata_Dinoflagellata,Syndiniales,Dino-Group-II,Dino-Group-II-Clade-7,Dino-Group-II-Clade-7_X,Dino-Group-II-Clade-7_X_sp.
19f7e7956ae678e222227a6362ea0973,Eukaryota,TSAR_Rhizaria_Radiolaria,Polycystinea,Spumellaria,Astrosphaeridae,Cladococcus,Cladococcus_scoparius
44de71ea6f21cdd6afa65ae05fd7c158,Eukaryota,Archaeplastida_Chlorophyta_Chlorophyta_X,Pyramimonadophyceae,Pyramimonadales,Halosphaeraceae,Halosphaera,Halosphaera_sp.
31530d5258a708603266e4975885c293,Eukaryota,TSAR_Stramenopiles_Gyrista,Gyrista_X,Gyrista_XX,MAST-1,MAST-1C,MAST-1C_sp.
9b3659b40f6b0548038f43a5d085ce9d,Eukaryota,TSAR_Alveolata_Dinoflagellata,Syndiniales,Dino-Group-I,Dino-Group-I-Clade-2,Dino-Group-I-Clade-2_X,Dino-Group-I-Clade-2_X_sp.
86797c4c3a37970f60f0f9c96cb8314d,Eukaryota,TSAR_Alveolata_Dinoflagellata,Dinophyceae,Dinophyceae_X,Dinophyceae_XX,Dinophyceae_XXX,Dinophyceae_XXX_sp.
b323456f4e8767922428208b36df8058,Eukaryota,TSAR_Alveolata_Dinoflagellata,Dinophyceae,Dinophyceae_X,Dinophyceae_XX,Dinophyceae_XXX,Dinophyceae_XXX_sp.
c4549dd5c5dcb10c3bc8cf22c2d23cf4,Eukaryota,TSAR_Alveolata_Dinoflagellata,Syndiniales,Dino-Group-I,Dino-Group-I-Clade-4,Dino-Group-I-Clade-4_X,Dino-Group-I-Clade-4_X_sp.
7f3663193c4266a75f32810d2b18d58a,Eukaryota,TSAR_Stramenopiles_Bigyra,Sagenista,Labyrinthulomycetes,Labyrinthulaceae,Labyrinthulaceae_ANT10_3,Labyrinthulaceae_ANT10_3_sp.
f2ea8b6cd80e33df58e53f28d00eff9b,Eukaryota,Archaeplastida_Chlorophyta_Chlorophyta_X,Mamiellophyceae,Mamiellales,Mamiellaceae,Micromonas,
95ce1ac03a58b7cd7a9d5c0b31ec2b0f,Eukaryota,TSAR_Alveolata_Dinoflagellata,Syndiniales,Dino-Group-II,Dino-Group-II-Clade-6,Dino-Group-II-Clade-6_X,Dino-Group-II-Clade-6_X_sp.
35d664e6b85008ea58652ae51fc1f079,Eukaryota,TSAR_Rhizaria_Radiolaria,Radiolaria_X,Radiolaria_XX,Radiolaria_XXX,Radiolaria_XXXX,Radiolaria_XXXX_sp.
8be2bd54f00b837729146e6fbd6e3f41,Eukaryota,TSAR_Alveolata_Dinoflagellata,Syndiniales,Dino-Group-I,Dino-Group-I-Clade-2,Dino-Group-I-Clade-2_X,Dino-Group-I-Clade-2_X_sp.
a244383277cb9f9581f316fa14a5a909,Eukaryota,TSAR_Rhizaria_Radiolaria,Polycystinea,Nassellaria,Collosphaeridae,Collosphaera,Collosphaera_tuberosa
63e201b67927f771300feadab681a348,Eukaryota,TSAR_Stramenopiles_Gyrista,MOCH-5,MOCH-5_X,MOCH-5_XX,MOCH-5_XXX,MOCH-5_XXX_sp.
decab3c2d831dac17d4fd15a9a257015,Eukaryota,TSAR_Alveolata_Dinoflagellata,Syndiniales,Dino-Group-II,Dino-Group-II-Clade-7,Dino-Group-II-Clade-7_X,Dino-Group-II-Clade-7_X_sp.
3b0c820de0e1626fffa2d90efe7f6c85,Eukaryota,TSAR_Rhizaria_Radiolaria,RAD-B,RAD-B_X,RAD-B_X_Group-Ib,RAD-B_X_Group-Ib_X,RAD-B_X_Group-Ib_X_sp.
5621757241a7948bdf7bcae30e11b9af,Eukaryota,TSAR_Alveolata_Dinoflagellata,Syndiniales,Dino-Group-I,,,
11a97d9292df599c8de5de9c0c464562,Eukaryota,TSAR_Alveolata_Dinoflagellata,Syndiniales,Dino-Group-I,Dino-Group-I_X,Dino-Group-I_XX,Dino-Group-I_XX_sp.
f9491343a563ad1237f564172ad5a7ac,Eukaryota,Archaeplastida_Picozoa_Picozoa_subdivision_1,Picozoa_subdivision_1A,Picozoa_subdivision_1A_X,Picozoa_subdivision_1A_XX,Picozoa_subdivision_1A_XXX,Picozoa_subdivision_1A_XXX_sp.
3be4e550867837425915b44d2e2f4400,Eukaryota,TSAR_Rhizaria_Radiolaria,RAD-B,RAD-B_X,RAD-B_X_Group-IV_X,RAD-B_X_Group-IV_XX,RAD-B_X_Group-IV_XX_sp.
9379bf757455faa93a1290d49dfd492c,Eukaryota,TSAR_Alveolata_Dinoflagellata,Dinophyceae,Dinophyceae_X,Dinophyceae_XX,Dinophyceae_XXX,Dinophyceae_XXX_sp.
39a1ab91f0140026b0620f092aa048c7,Eukaryota,TSAR_Alveolata_Dinoflagellata,Syndiniales,,,,
6d5d3a6542a1b8f1465bd7db28c14d0c,Eukaryota,TSAR_Alveolata_Dinoflagellata,Dinophyceae,,,,
ad0ff0c494946b8fd65f14411e05f72a,Eukaryota,TSAR_Alveolata_Dinoflagellata,Syndiniales,Dino-Group-II,Dino-Group-II-Clade-10-and-11,Dino-Group-II-Clade-10-and-11_X,Dino-Group-II-Clade-10-and-11_X_sp.
29b41ee8c363c09948e6e9dc3f6244ab,Eukaryota,Archaeplastida_Picozoa_Picozoa_subdivision_1,Picomonadea,Picomonadida,Picomonadidae,Picomonas,Picomonas_sp.
20913cb17c513a96f1a4206e338f15b1,Eukaryota,TSAR_Alveolata_Dinoflagellata,Syndiniales,Dino-Group-I,Dino-Group-I-Clade-2,Dino-Group-I-Clade-2_X,Dino-Group-I-Clade-2_X_sp.
5bb17bd0838a6a66a373525a7131a950,Eukaryota,TSAR_Alveolata_Dinoflagellata,Syndiniales,Dino-Group-I,Dino-Group-I-Clade-2,Dino-Group-I-Clade-2_X,Dino-Group-I-Clade-2_X_sp.
629676122815f442b7ee5cb4fb12abcd,Eukaryota,TSAR_Alveolata_Dinoflagellata,Syndiniales,Dino-Group-I,Dino-Group-I-Clade-5,Dino-Group-I-Clade-5_X,Dino-Group-I-Clade-5_X_sp.
196a3a5a5371a83058ce2fcc77c12eec,Eukaryota,TSAR_Alveolata_Dinoflagellata,Dinophyceae,Dinophyceae_X,Dinophyceae_XX,Dinophyceae_XXX,Dinophyceae_XXX_sp.
17d1c92fd1c178098d4422ca2472fe83,Eukaryota,TSAR_Alveolata_Dinoflagellata,Syndiniales,Dino-Group-I,Dino-Group-I-Clade-1,Dino-Group-I-Clade-1_X,Dino-Group-I-Clade-1_X_sp.
7e065f6e4bd14b1b9f176fc840414fd6,Eukaryota,TSAR_Stramenopiles_Gyrista,Mediophyceae,,,,
4c32c29a3417d78adffd42c287680a50,Eukaryota,TSAR_Alveolata_Dinoflagellata,Syndiniales,Dino-Group-I,Dino-Group-I-Clade-7,Dino-Group-I-Clade-7_X,Dino-Group-I-Clade-7_X_sp.
89984d19f1a6b75b6c18010d868367f4,Eukaryota,TSAR_Alveolata_Dinoflagellata,Syndiniales,Dino-Group-II,Dino-Group-II-Clade-7,Dino-Group-II-Clade-7_X,Dino-Group-II-Clade-7_X_sp.
be43a8539d401a3e3f30b1fa8aec76dd,Eukaryota,TSAR_Rhizaria_Radiolaria,Polycystinea,Spumellaria,Spumellaria_1,Spumellaria_1_X,Spumellaria_1_X_sp.
82214f5fae739d2a215de3f4a7c2a0a0,Eukaryota,TSAR_Rhizaria_Radiolaria,Polycystinea,Spumellaria,Astrosphaeridae,,
dc5e71752104dd9ebae3c1793c0e8c79,Eukaryota,TSAR_Alveolata_Dinoflagellata,Syndiniales,Dino-Group-I,Dino-Group-I-Clade-5,Dino-Group-I-Clade-5_X,Dino-Group-I-Clade-5_X_sp.
55afa17a0d4a04057d785d052d467a4e,Eukaryota,Excavata_Discoba_Euglenozoa,Diplonemea,Diplonemida,Eupelagonemidae,Eupelagonemidae_X,Eupelagonemidae_X_sp.
5199e9fd7819a66676b944b1d650d585,Eukaryota,TSAR_Alveolata_Dinoflagellata,Syndiniales,Dino-Group-I,Dino-Group-I-Clade-1,Dino-Group-I-Clade-1_X,Dino-Group-I-Clade-1_X_sp.
34f0dc6706caefd2fe5672d687f287d9,Eukaryota,TSAR_Alveolata_Dinoflagellata,Syndiniales,Dino-Group-V,Dino-Group-V_X,Dino-Group-V_XX,Dino-Group-V_XX_sp.
21e573ce132b072760999e8dbfd8cbb2,Eukaryota,TSAR_Rhizaria_Radiolaria,Polycystinea,Nassellaria,Sphaerozoidae,,
3ef1836830487b14749d8b96ab4eec99,Eukaryota,Haptista_Haptophyta_Haptophyta_X,Prymnesiophyceae,Phaeocystales,Phaeocystaceae,Phaeocystis,Phaeocystis_cordata
675aaf5a539742908a809f130a1ffb4f,Eukaryota,Excavata_Discoba_Euglenozoa,Diplonemea,Diplonemida,Eupelagonemidae,Eupelagonemidae_X,Eupelagonemidae_X_sp.
775eb52f46960431224915bc0eb1b81f,Eukaryota,TSAR_Rhizaria_Radiolaria,Acantharea,Acantharea_1,Acantharea_1_X,Acantharea_1_XX,Acantharea_1_XX_sp.
5d688455f1c8e92498a197d2ef82eb7a,Eukaryota,TSAR_Stramenopiles_Bigyra,Opalozoa,Nanomonadea,MAST-3,MAST-3B,MAST-3B_sp.
f83b49b1a3d50023a533ca6bc68904be,Eukaryota,TSAR_Rhizaria_Radiolaria,RAD-B,RAD-B_X,RAD-B_X_Group-IVa,RAD-B_X_Group-IVa_X,RAD-B_X_Group-IVa_X_sp.
10b0fdf0846dd97ae01f3d102c8b5fd1,Eukaryota,Excavata_Discoba_Euglenozoa,Diplonemea,Diplonemida,Eupelagonemidae,Eupelagonemidae_X,Eupelagonemidae_X_sp.
2c8d2a80d240aba98686096e9dc3ebe6,Eukaryota,TSAR_Alveolata_Dinoflagellata,Syndiniales,Dino-Group-I,Dino-Group-I-Clade-1,Dino-Group-I-Clade-1_X,Dino-Group-I-Clade-1_X_sp.
76f0c0be5a4d8c59fbf1da2340c5af0d,Eukaryota,Excavata_Discoba_Euglenozoa,Diplonemea,Diplonemida,Eupelagonemidae,Eupelagonemidae_X,Eupelagonemidae_X_sp.
bed4001fdfda95d9a44613b20bfeb9bd,Eukaryota,TSAR_Alveolata_Dinoflagellata,Dinophyceae,Peridiniales,Thoracosphaeraceae,Scrippsiella,
a3133278463562e0c8be3044aa7a25fa,Eukaryota,TSAR_Alveolata_Dinoflagellata,Dinophyceae,Dinophyceae_X,Dinophyceae_XX,Dinophyceae_XXX,Dinophyceae_XXX_sp.
7953433c8ac51267152d39b1d9da857d,Eukaryota,TSAR_Alveolata_Dinoflagellata,Syndiniales,Dino-Group-II,Dino-Group-II-Clade-10-and-11,Dino-Group-II-Clade-10-and-11_X,Dino-Group-II-Clade-10-and-11_X_sp.
6a7af3c8d2b48e1405b793be0d4a496b,Eukaryota,TSAR_Alveolata_Dinoflagellata,Syndiniales,Dino-Group-I,Dino-Group-I-Clade-2,Dino-Group-I-Clade-2_X,Dino-Group-I-Clade-2_X_sp.
89e0bd08d824ba2db5d621a90a297707,Eukaryota,Excavata_Discoba_Euglenozoa,Diplonemea,Diplonemida,Eupelagonemidae,Eupelagonemidae_X,Eupelagonemidae_X_sp.
db31f3272c310e26f4c64f1e1e644bd2,Eukaryota,TSAR_Alveolata_Dinoflagellata,Syndiniales,Dino-Group-I,Dino-Group-I-Clade-2,Dino-Group-I-Clade-2_X,Dino-Group-I-Clade-2_X_sp.
78f1d8a1287feefa12adacaa1c200d84,Eukaryota,TSAR_Alveolata_Dinoflagellata,Dinophyceae,Dinophyceae_X,Dinophyceae_XX,Dinophyceae_XXX,Dinophyceae_XXX_sp.
8b192843f798a1a10fae67a2341e363f,Eukaryota,TSAR_Alveolata_Dinoflagellata,Dinophyceae,Gymnodiniales,Gymnodiniaceae,,
55c54f0656fb8c15f4222c6c5907ccdf,Eukaryota,TSAR_Alveolata_Dinoflagellata,Syndiniales,Dino-Group-I,Dino-Group-I-Clade-7,Dino-Group-I-Clade-7_X,Dino-Group-I-Clade-7_X_sp.
357bcf455ea573beaf8bc5abe370b44f,Eukaryota,TSAR_Alveolata_Dinoflagellata,Syndiniales,Dino-Group-III,Dino-Group-III_X,Dino-Group-III_XX,Dino-Group-III_XX_sp.
605f513cafaf4948ea5e2752115a8db7,Eukaryota,TSAR_Alveolata_Dinoflagellata,Syndiniales,Dino-Group-I,Dino-Group-I-Clade-1,Dino-Group-I-Clade-1_X,Dino-Group-I-Clade-1_X_sp.
02b70275074f7e966dff1d1b560ea3a1,Eukaryota,TSAR_Alveolata_Dinoflagellata,Syndiniales,Dino-Group-I,Dino-Group-I-Clade-1,Dino-Group-I-Clade-1_X,Dino-Group-I-Clade-1_X_sp.
91e849e4c6d41147c7c2fd1c04c6b804,Eukaryota,TSAR_Stramenopiles_Bigyra,Opalozoa,Nanomonadea,MAST-3,MAST-3A,MAST-3A_sp.
57fa942302d992aadcaa64efed8d025e,Eukaryota,TSAR_Alveolata_Dinoflagellata,Syndiniales,Dino-Group-II,Dino-Group-II-Clade-10-and-11,Dino-Group-II-Clade-10-and-11_X,Dino-Group-II-Clade-10-and-11_X_sp.
6119306fb13384ebc947ec51778828b6,Eukaryota,TSAR_Rhizaria_Radiolaria,RAD-B,RAD-B_X,Taxopodida,Sticholonche,Sticholonche_sp.
7968d8120d5a426dbec1cfdb4fd4c5b6,Eukaryota,TSAR_Alveolata_Dinoflagellata,Syndiniales,Dino-Group-I,Dino-Group-I-Clade-5,Dino-Group-I-Clade-5_X,Dino-Group-I-Clade-5_X_sp.
b63b40d4ecf64117d424ca906005067f,Eukaryota,TSAR_Stramenopiles_Gyrista,Gyrista_X,Gyrista_XX,MAST-1,MAST-1D,MAST-1D_sp.
24dbacc76d0afad4cb484f273535b0d9,Eukaryota,TSAR_Alveolata_Dinoflagellata,Syndiniales,Dino-Group-II,Dino-Group-II-Clade-10-and-11,Dino-Group-II-Clade-10-and-11_X,Dino-Group-II-Clade-10-and-11_X_sp.
a53c487e5344d6e2bf3f2bf2a565683a,Eukaryota,TSAR_Rhizaria_Radiolaria,RAD-B,RAD-B_X,RAD-B_X_Group-IVc,RAD-B_X_Group-IVc_X,RAD-B_X_Group-IVc_X_sp.
d75dda6eb6300fb8dcf7fc500f78781c,Eukaryota,TSAR_Alveolata_Dinoflagellata,Syndiniales,Dino-Group-III,Dino-Group-III_X,Dino-Group-III_XX,Dino-Group-III_XX_sp.
318af3ad1c9efdac3168953ff826b8f3,Eukaryota,TSAR_Alveolata_Dinoflagellata,Syndiniales,Dino-Group-IV,Dino-Group-IV-Hematodinium-Group,Hematodinium,Hematodinium_sp.
1afc71df2c76a200abc16e7677ab8b4e,Eukaryota,TSAR_Alveolata_Alveolata_X,Ellobiopsidae,Ellobiopsidae_X,Ellobiopsidae_XX,Thalassomyces,
f5af439d2a5e1ce94c4e807aea029c49,Eukaryota,TSAR_Alveolata_Dinoflagellata,Syndiniales,,,,
c89a208987baee8ea1c1533c02db73e4,Eukaryota,TSAR_Alveolata_Dinoflagellata,Syndiniales,Dino-Group-I,Dino-Group-I-Clade-5,Dino-Group-I-Clade-5_X,Dino-Group-I-Clade-5_X_sp.
bce818076565ecae10861df5c8f0f51b,Eukaryota,Excavata_Discoba_Euglenozoa,Diplonemea,Diplonemida,Eupelagonemidae,Eupelagonemidae_X,Eupelagonemidae_X_sp.
eb13c87c0886920ee0b3eabc66a3b48e,Eukaryota,TSAR_Rhizaria_Radiolaria,Polycystinea,Spumellaria,Euchitoniidae,,
bc612750f53795b42c41dfce28e97125,Eukaryota,TSAR_Alveolata_Dinoflagellata,Syndiniales,,,,
ed6543ac2ff228069f74df1fb46e35e7,Eukaryota,TSAR_Alveolata_Dinoflagellata,Dinophyceae,Dinophyceae_X,Dinophyceae_XX,Dinophyceae_XXX,Dinophyceae_XXX_sp.
5abb99d65266f3e71f274d047c539c19,Eukaryota,TSAR_Alveolata_Dinoflagellata,Syndiniales,Dino-Group-II,Dino-Group-II-Clade-10-and-11,Dino-Group-II-Clade-10-and-11_X,Dino-Group-II-Clade-10-and-11_X_sp.
0ac1d20365372a5236d9ce4471cf7401,Eukaryota,TSAR_Rhizaria_Radiolaria,Acantharea,Acantharea_C,Acantharea_C3,Litholophus,Litholophus_sp.
3447f4cd741ac858142c018b7bc2d54e,Eukaryota,TSAR_Rhizaria_Radiolaria,RAD-B,RAD-B_X,RAD-B_X_Group-IV_X,RAD-B_X_Group-IV_XX,RAD-B_X_Group-IV_XX_sp.
581c36e1655e98c42bd3289f7d8732f2,Eukaryota,TSAR_Alveolata_Dinoflagellata,Syndiniales,Dino-Group-I,Dino-Group-I-Clade-1,Dino-Group-I-Clade-1_X,Dino-Group-I-Clade-1_X_sp.
e894744208bcfbc29fa2e95522c65ceb,Eukaryota,TSAR_Alveolata_Dinoflagellata,Syndiniales,Dino-Group-I,Dino-Group-I-Clade-1,Dino-Group-I-Clade-1_X,Dino-Group-I-Clade-1_X_sp.
199b2709424c8575911701c18ddb1fa0,Eukaryota,TSAR_Alveolata_Dinoflagellata,Dinophyceae,,,,
7e49d17a73c1c4812e3bd4db84500cf0,Eukaryota,TSAR_Rhizaria_Radiolaria,RAD-C,RAD-C_X,RAD-C_Xb,RAD-C_Xb_X,RAD-C_Xb_X_sp.
cf56d0fea2f276770a46d5d0c4e609ed,Eukaryota,TSAR_Stramenopiles_Gyrista,Mediophyceae,Thalassiosirales,Thalassiosiraceae,Minidiscus,
9a3c76ed0c2e8b7fbea3762f641f8d3a,Eukaryota,TSAR_Alveolata_Dinoflagellata,Syndiniales,Dino-Group-II,Dino-Group-II-Clade-22,Dino-Group-II-Clade-22_X,Dino-Group-II-Clade-22_X_sp.
0b8623882d7450db6eee54d1017c5dfe,Eukaryota,TSAR_Alveolata_Dinoflagellata,Syndiniales,Dino-Group-I,Dino-Group-I-Clade-2,Dino-Group-I-Clade-2_X,Dino-Group-I-Clade-2_X_sp.
dd000881ab7a6e809609da8ba5f461fc,Eukaryota,TSAR_Alveolata_Dinoflagellata,Syndiniales,Dino-Group-II,Dino-Group-II-Clade-6,Dino-Group-II-Clade-6_X,Dino-Group-II-Clade-6_X_sp.
a106859d4c263cee541033b227cbff67,Eukaryota,TSAR_Stramenopiles_Bigyra,Sagenista,Labyrinthulomycetes,Labyrinthulomycetes_LAB15,Labyrinthulomycetes_LAB15_X,Labyrinthulomycetes_LAB15_X_sp.
7e53972d69185a22a2e0cc85b54929f2,Eukaryota,TSAR_Alveolata_Dinoflagellata,Dinophyceae,Prorocentrales,Prorocentraceae,Prorocentrum,Prorocentrum_sp.
baeeb3eed6f885fbc174ae27896afe51,Eukaryota,TSAR_Alveolata_Dinoflagellata,Syndiniales,Dino-Group-I,Dino-Group-I-Clade-4,Dino-Group-I-Clade-4_X,Dino-Group-I-Clade-4_X_sp.
26f73fd235ef8bdb747318b0f6cfd080,Eukaryota,TSAR_Alveolata_Dinoflagellata,Dinophyta_X,Dinophyta_XX,Dinophyta_XXX,Dinophyta_XXXX,Dinophyta_XXXX_sp.
7b9ade9fb057856d55593cb8e0a2fa0c,Eukaryota,Cryptista_Kathablepharidacea_Kathablepharida,Kathablepharidea,Kathablepharidida,Kathablepharidida_X,Kathablepharidida_XX,Kathablepharidida_XX_sp.
9034d90ce3f4b5f1671aacb1ab6dc7f9,Eukaryota,TSAR_Alveolata_Dinoflagellata,Dinophyceae,Dinophyceae_X,Dinophyceae_XX,Dinophyceae_XXX,Dinophyceae_XXX_sp.
de13a62440df84f3250919f63214553f,Eukaryota,TSAR_Alveolata_Dinoflagellata,Syndiniales,Dino-Group-I,Dino-Group-I-Clade-8,Dino-Group-I-Clade-8_X,Dino-Group-I-Clade-8_X_sp.
cd41ba149ce09088641b8c9407d8ec4c,Eukaryota,TSAR_Stramenopiles_Bigyra,Opalozoa,Nanomonadea,MAST-3,MAST-3C,MAST-3C_sp.
012b11c64611c191eae6218c6eaac3f8,Eukaryota,TSAR_Rhizaria_Radiolaria,Polycystinea,Spumellaria,Excentroconchidae,Excentroconchidae_X,Excentroconchidae_X_sp.
db8d03944105c4a026ec4218a62b371e,Eukaryota,TSAR_Alveolata_Dinoflagellata,Syndiniales,Dino-Group-I,Dino-Group-I-Clade-1,Dino-Group-I-Clade-1_X,Dino-Group-I-Clade-1_X_sp.
5a2da78059507ee0c8f316eca077db72,Eukaryota,TSAR_Alveolata_Dinoflagellata,Dinophyceae,Dinophysales,,,
88176937966747a14ec4f42c845a35a0,Eukaryota,Excavata_Discoba_Euglenozoa,Diplonemea,Diplonemida,Eupelagonemidae,Eupelagonemidae_X,Eupelagonemidae_X_sp.
36cee47a951756269c57053442af1fa6,Eukaryota,TSAR_Alveolata_Dinoflagellata,Dinophyceae,Dinophyceae_X,Dinophyceae_XX,Dinophyceae_XXX,Dinophyceae_XXX_sp.
d09930fbad91038621eca54f09c07bf4,Eukaryota,TSAR_Rhizaria_Radiolaria,Polycystinea,Spumellaria,Excentroconchidae,Excentroconchidae_X,Excentroconchidae_X_sp.
dac4e6ee59a959eaf3bc2b05c317e978,Eukaryota,Haptista_Haptophyta_Haptophyta_X,Prymnesiophyceae,Prymnesiales,Chrysochromulinaceae,Chrysochromulina,Chrysochromulina_sp.
6bd626e867d3e524bdbf063936bfe70c,Eukaryota,Archaeplastida_Chlorophyta_Chlorophyta_X,Prasino-Clade-9,Prasino-Clade-9_X,Prasino-Clade-9_XX,Prasino-Clade-9_XXX,Prasino-Clade-9_XXX_sp.
8e461056dc6c1f6adb9b2d9a9ca4eda8,Eukaryota,Cryptista_Cryptophyta_Cryptophyta_X,Cryptophyceae,Cryptomonadales,Cryptomonadales_X,,
0541637531647cdb320f7309335533f0,Eukaryota,TSAR_Alveolata_Dinoflagellata,Syndiniales,Dino-Group-I,Dino-Group-I-Clade-4,Dino-Group-I-Clade-4_X,Dino-Group-I-Clade-4_X_sp.
e6d16d3933d1404c444bbb8f633bd894,Eukaryota,TSAR_Stramenopiles_Bigyra,Opalozoa,Nanomonadea,MAST-3,MAST-3E,MAST-3E_sp.
c9ef9c4b3ac732277c4474ff2cf3569e,Eukaryota,TSAR_Rhizaria_Radiolaria,RAD-B,RAD-B_X,RAD-B_X_Group-Ie,RAD-B_X_Group-Ie_X,RAD-B_X_Group-Ie_X_sp.
f60e5275cf950db7e6a48d786952f4bf,Eukaryota,TSAR_Alveolata_Dinoflagellata,Dinophyceae,Prorocentrales,Prorocentraceae,Prorocentrum,Prorocentrum_sp.
6b6de59e43b38f6054008264ea75c506,Eukaryota,TSAR_Rhizaria_Radiolaria,RAD-C,RAD-C_X,RAD-C_Xb,RAD-C_Xb_X,RAD-C_Xb_X_sp.
2971d909cec354bc9271e94682bc83f9,Eukaryota,Haptista_Haptophyta_Haptophyta_X,Prymnesiophyceae,Prymnesiales,Chrysochromulinaceae,Chrysochromulina,Chrysochromulina_sp.
d849998a5a71d7281f81e897a7f50413,Eukaryota,TSAR_Alveolata_Dinoflagellata,Syndiniales,Dino-Group-I,Dino-Group-I-Clade-5,Dino-Group-I-Clade-5_X,Dino-Group-I-Clade-5_X_sp.
6fe6232a59af583666e3e486266fb3c7,Eukaryota,TSAR_Alveolata_Dinoflagellata,Syndiniales,Dino-Group-I,Dino-Group-I-Clade-1,Dino-Group-I-Clade-1_X,Dino-Group-I-Clade-1_X_sp.
28e43f75937a4bc641c3865e7d3fb51c,Eukaryota,TSAR_Stramenopiles_Bigyra,Sagenista,Sagenista_X,MAST-4,MAST-4C,MAST-4C_sp.
64620286ff241d9a1c7ace7d11f941bf,Eukaryota,TSAR_Alveolata_Dinoflagellata,Syndiniales,Dino-Group-I,Dino-Group-I-Clade-3,Dino-Group-I-Clade-3_X,Dino-Group-I-Clade-3_X_sp.
d72169e2efd2a7be16f36b56fa9e2e3a,Eukaryota,Archaeplastida_Chlorophyta_Chlorophyta_X,Mamiellophyceae,Mamiellales,Mamiellaceae,Micromonas,
b2f7a4783945b190b748cf253c8c8a30,Eukaryota,TSAR_Alveolata_Dinoflagellata,Syndiniales,Dino-Group-II,,,
02fe2b81604371f6ad9f6eef7d55236c,Eukaryota,TSAR_Telonemia_Telonemia_X,Telonemia_XX,Telonemia_XXX,Telonemia-Group-2,Telonemia-Group-2_X,Telonemia-Group-2_X_sp.
52e7bcdd6da44f3b1fe778a17b8c471e,Eukaryota,TSAR_Alveolata_Dinoflagellata,Syndiniales,Dino-Group-I,Dino-Group-I-Clade-5,Dino-Group-I-Clade-5_X,Dino-Group-I-Clade-5_X_sp.
c128ebf0b071d1b810e77f6b58ed6088,Eukaryota,TSAR_Alveolata_Dinoflagellata,Syndiniales,Dino-Group-I,Dino-Group-I_X,Dino-Group-I_XX,Dino-Group-I_XX_sp.
cdb4e7d9010cb3dc3445d8455d1713f8,Eukaryota,TSAR_Stramenopiles_Bigyra,Sagenista,Labyrinthulomycetes,Labyrinthulomycetes_LAB15,Labyrinthulomycetes_LAB15_X,Labyrinthulomycetes_LAB15_X_sp.
e3bb7e8f6a4bb8ef1a167ba88dc2581b,Eukaryota,Obazoa_Opisthokonta_Fungi,Ascomycota,Pezizomycotina,Eurotiomycetes,,
ff518660bacd191084930029a2a047c3,Eukaryota,TSAR_Alveolata_Dinoflagellata,Syndiniales,Dino-Group-I,Dino-Group-I_X,Dino-Group-I_XX,Dino-Group-I_XX_sp.
38e107c50c801d200422fca9aa7c7dcd,Eukaryota,TSAR_Alveolata_Dinoflagellata,Dinophyceae,Prorocentrales,Prorocentraceae,Prorocentrum,Prorocentrum_sp.
64115332f10d84d470cfbe94bb52bc89,Eukaryota,TSAR_Alveolata_Dinoflagellata,Syndiniales,Dino-Group-I,Dino-Group-I-Clade-5,Dino-Group-I-Clade-5_X,Dino-Group-I-Clade-5_X_sp.
36b9c0b08278aaf2d0ce4fff576f9bde,Eukaryota,TSAR_Alveolata_Dinoflagellata,Dinophyceae,Dinophyceae_X,Dinophyceae_XX,Dinophyceae_XXX,Dinophyceae_XXX_sp.
67abcc4c329e3ebb6383513fac0bceaa,Eukaryota,TSAR_Rhizaria_Cercozoa,Chlorarachniophyceae,Chlorarachnida,Minorisa-lineage,Minorisa,Minorisa_minuta
8dc53728fccf8f6e447df9c295d42eec,Eukaryota,TSAR_Alveolata_Dinoflagellata,Syndiniales,Dino-Group-I,,,
d5294de688fe52ada35dfd4bc1defba8,Eukaryota,Excavata_Discoba_Euglenozoa,Diplonemea,Diplonemida,Eupelagonemidae,Eupelagonemidae_X,Eupelagonemidae_X_sp.
8417a9bb3ad4044e2c6d382244511a91,Eukaryota,Haptista_Haptophyta_Haptophyta_X,Haptophyta_Clade_HAP3,Haptophyta_Clade_HAP3_X,Haptophyta_Clade_HAP3_XX,Haptophyta_Clade_HAP3_XXX,Haptophyta_Clade_HAP3_XXX_sp.
82a49c6899935051b8827ffd244f2ece,Eukaryota,TSAR_Rhizaria_Radiolaria,Polycystinea,Spumellaria,Astrosphaeridae,Cladococcus,Cladococcus_scoparius
283d27ccc0a2abe659d182600d5a3edb,Eukaryota,TSAR_Rhizaria_Radiolaria,RAD-B,RAD-B_X,Taxopodida,Sticholonche,Sticholonche_sp.
eaae139b0f427f74955f66ea3f86272a,Eukaryota,TSAR_Alveolata_Dinoflagellata,Dinophyceae,Dinophyceae_X,Dinophyceae_XX,Dinophyceae_XXX,Dinophyceae_XXX_sp.
544c792531e7c241f70ac3e522b92f7d,Eukaryota,TSAR_Alveolata_Dinoflagellata,Syndiniales,Dino-Group-II,Dino-Group-II-Clade-10-and-11,Dino-Group-II-Clade-10-and-11_X,Dino-Group-II-Clade-10-and-11_X_sp.
1389d5994e3eab5ef6ffaef833141883,Eukaryota,TSAR_Stramenopiles_Gyrista,Bacillariophyceae,Bacillariales,Bacillariaceae,,
cd25d9e5b1eefd107bca8b84a1340469,Eukaryota,TSAR_Alveolata_Dinoflagellata,Dinophyceae,Dinophyceae_X,Dinophyceae_XX,Dinophyceae_XXX,Dinophyceae_XXX_sp.
f4ceea1a9afc043f880e40e0bb695903,Eukaryota,Haptista_Haptophyta_Haptophyta_X,Prymnesiophyceae,Prymnesiales,Chrysochromulinaceae,Chrysochromulina,Chrysochromulina_sp.
598d23950d47a84d2a688f60e851fc0f,Eukaryota,Obazoa_Opisthokonta_Fungi,Ascomycota,Pezizomycotina,Dothideomycetes,Dothideomycetes_X,Dothideomycetes_X_sp.
b16169466017025bc175ef5878f1be70,Eukaryota,TSAR_Alveolata_Dinoflagellata,Dinophyceae,Dinophyceae_X,Dinophyceae_XX,Dinophyceae_XXX,Dinophyceae_XXX_sp.
93a81726de17735a5f6e9822d1d8458e,Eukaryota,TSAR_Alveolata_Dinoflagellata,Syndiniales,Dino-Group-I,Dino-Group-I-Clade-2,Dino-Group-I-Clade-2_X,Dino-Group-I-Clade-2_X_sp.
cf25e357533a11903fef917bb7eadfc8,Eukaryota,TSAR_Alveolata_Dinoflagellata,Syndiniales,Dino-Group-II,Dino-Group-II-Clade-10-and-11,Dino-Group-II-Clade-10-and-11_X,Dino-Group-II-Clade-10-and-11_X_sp.
455fe0780824fd8ef5da040c8e2c96ec,Eukaryota,TSAR_Stramenopiles_Gyrista,Dictyochophyceae,Dictyochophyceae_X,Florenciellales,,
1b02a7d4f4a7c187914ed2ac64b45b7f,Eukaryota,TSAR_Stramenopiles_Gyrista,Mediophyceae,Chaetocerotales,Chaetocerotaceae,Chaetoceros,Chaetoceros_socialis
1b9314d1a823f982e0e86103d46a0dc1,Eukaryota,TSAR_Alveolata_Dinoflagellata,Syndiniales,Dino-Group-II,Dino-Group-II-Clade-7,Dino-Group-II-Clade-7_X,Dino-Group-II-Clade-7_X_sp.
3b3f562bde9e7600ff7baedd5cb6506d,Eukaryota,Obazoa_Opisthokonta_Fungi,Ascomycota,Saccharomycotina,Saccharomycetales,Candida,
60aa5111ebea0354cc27a7b1e3145deb,Eukaryota,TSAR_Alveolata_Dinoflagellata,Syndiniales,Dino-Group-II,Dino-Group-II-Clade-10-and-11,Dino-Group-II-Clade-10-and-11_X,Dino-Group-II-Clade-10-and-11_X_sp.
41f7f5d50c1df44d9c015cee83153997,Eukaryota,TSAR_Alveolata_Dinoflagellata,Syndiniales,Dino-Group-II,Dino-Group-II-Clade-7,Dino-Group-II-Clade-7_X,Dino-Group-II-Clade-7_X_sp.
88183184ca65367c2181121084a969e3,Eukaryota,Excavata_Discoba_Euglenozoa,Diplonemea,Diplonemida,Eupelagonemidae,Eupelagonemidae_X,Eupelagonemidae_X_sp.
18928de8974ef7c744453cc06ad145e2,Eukaryota,TSAR_Alveolata_Dinoflagellata,Syndiniales,Dino-Group-II,Dino-Group-II-Clade-10-and-11,Dino-Group-II-Clade-10-and-11_X,Dino-Group-II-Clade-10-and-11_X_sp.
95cdb171fc8122d02f0a5552cddd93ef,Eukaryota,TSAR_Alveolata_Dinoflagellata,Syndiniales,Dino-Group-II,Dino-Group-II-Clade-10-and-11,Dino-Group-II-Clade-10-and-11_X,Dino-Group-II-Clade-10-and-11_X_sp.
3a80f4bde2caa454c9804118f49126c2,Eukaryota,TSAR_Alveolata_Dinoflagellata,Dinophyceae,Dinophyceae_X,Dinophyceae_XX,Dinophyceae_XXX,Dinophyceae_XXX_sp.
86229f571b1f9973d1f4c79a66985f51,Eukaryota,TSAR_Rhizaria_Radiolaria,RAD-A,RAD-A_X,RAD-A_Xb,RAD-A_Xb_X,RAD-A_Xb_X_sp.
e7434ae9377becf048eb0327a249195a,Eukaryota,TSAR_Rhizaria_Radiolaria,Polycystinea,Spumellaria,Excentroconchidae,Plegmosphaeromma,Plegmosphaeromma_sp.
8d42f46b70733fb90098a876b24c6e59,Eukaryota,TSAR_Alveolata_Dinoflagellata,Dinophyceae,Dinophyceae_X,Dinophyceae_XX,Dinophyceae_XXX,Dinophyceae_XXX_sp.
da6bb49e68344d83c2f154574b0a4d83,Eukaryota,TSAR_Alveolata_Dinoflagellata,Syndiniales,Dino-Group-I,Dino-Group-I-Clade-5,Dino-Group-I-Clade-5_X,Dino-Group-I-Clade-5_X_sp.
50355c7a7678834470e0c52b999d2ba6,Eukaryota,TSAR_Rhizaria_Radiolaria,RAD-B,RAD-B_X,RAD-B_X_Group-Ib,RAD-B_X_Group-Ib_X,RAD-B_X_Group-Ib_X_sp.
fd856704a8432f65ed8903ab782f39fd,Eukaryota,TSAR__,,,,,
bcbe91f5960af665d741d0c6dfea2a81,Eukaryota,TSAR_Alveolata_Dinoflagellata,Syndiniales,Dino-Group-I,Dino-Group-I-Clade-1,Dino-Group-I-Clade-1_X,Dino-Group-I-Clade-1_X_sp.
3efc148d8b676d8e16ca9ed130008228,Eukaryota,Excavata_Discoba_Euglenozoa,Diplonemea,Diplonemida,Eupelagonemidae,Eupelagonemidae_X,Eupelagonemidae_X_sp.
4d69efddb45f1f0465e3d170f84a78af,Eukaryota,TSAR_Alveolata_Dinoflagellata,Dinophyceae,Dinophyceae_X,Dinophyceae_XX,Dinophyceae_XXX,Dinophyceae_XXX_sp.
49d81357a591e231947aacb489f9f871,Eukaryota,TSAR_Rhizaria_Radiolaria,Polycystinea,Nassellaria,Collodaria_X,Collodaria_XX,Collodaria_XX_sp.
1044e975bf05e310bd744068f9b6e9ff,Eukaryota,TSAR_Alveolata_Dinoflagellata,Syndiniales,Dino-Group-II,Dino-Group-II-Clade-6,Dino-Group-II-Clade-6_X,Dino-Group-II-Clade-6_X_sp.
8d597141e6607ed9e6e49666b1791ccf,Eukaryota,Excavata_Discoba_Euglenozoa,Diplonemea,Diplonemida,Eupelagonemidae,Eupelagonemidae_X,Eupelagonemidae_X_sp.
7b8fe8be7103db86d46e7b3029e8f286,Eukaryota,TSAR_Rhizaria_Radiolaria,Radiolaria_X,Radiolaria_XX,Radiolaria_XXX,Radiolaria_XXXX,Radiolaria_XXXX_sp.
32daa54d40c5890f2840cc680363d9a6,Eukaryota,TSAR_Alveolata_Dinoflagellata,Dinophyceae,,,,
c54ba430a158323bf5e30f81a4f3eb02,Eukaryota,TSAR_Alveolata_Dinoflagellata,Syndiniales,Dino-Group-I,Dino-Group-I-Clade-5,Dino-Group-I-Clade-5_X,Dino-Group-I-Clade-5_X_sp.
556aaaf20289596a4a468cbd2935daec,Eukaryota,TSAR_Rhizaria_Radiolaria,Polycystinea,Spumellaria,Astrosphaeridae,,
fbb8b079af38e9677a3a22f6b04431aa,Eukaryota,TSAR_Alveolata_Dinoflagellata,Syndiniales,Dino-Group-II,Dino-Group-II-Clade-10-and-11,Dino-Group-II-Clade-10-and-11_X,Dino-Group-II-Clade-10-and-11_X_sp.
aa39bc24c15fac29aa803a819a7039cf,Eukaryota,TSAR_Alveolata_Dinoflagellata,Dinophyceae,Peridiniales,Blastodiniaceae,Blastodinium,Blastodinium_sp.
edc5caf00cd4daab3df6793aea0bbe8a,Eukaryota,TSAR_Alveolata_Dinoflagellata,Syndiniales,Dino-Group-I,Dino-Group-I-Clade-8,Dino-Group-I-Clade-8_X,Dino-Group-I-Clade-8_X_sp.
0c913e88b559376e6f21f23448261221,Eukaryota,TSAR_Alveolata_Dinoflagellata,Dinophyceae,Dinophyceae_X,Dinophyceae_XX,Dinophyceae_XXX,Dinophyceae_XXX_sp.
37d1978caf4513c8f0f526b400d3ba2d,Eukaryota,TSAR_Rhizaria_Radiolaria,RAD-A,RAD-A_X,RAD-A_Xb,RAD-A_Xb_X,RAD-A_Xb_X_sp.
31ccb9ad87a00f85afebf3caf149f67c,Eukaryota,TSAR_Stramenopiles_Gyrista,Gyrista_X,Gyrista_XX,MAST-1,MAST-1D,MAST-1D_sp.
08a6014a08c5f73c317bb7df77f8a7e8,Eukaryota,Cryptista_Cryptophyta_Cryptophyta_X,Cryptophyceae,Cryptomonadales,Cryptomonadales_X,Cryptomonadales_XX,Cryptomonadales_XX_sp.
c35e146a72dc62ed6a4bd3988639c82c,Eukaryota,TSAR_Alveolata_Dinoflagellata,Dinophyceae,Peridiniales,Amphidiniopsidaceae,Herdmania,Herdmania_litoralis
71d3e6bcda94b3698312f6229ade6f62,Eukaryota,TSAR_Alveolata_Dinoflagellata,Dinophyceae,Gymnodiniales,Kareniaceae,Karenia,Karenia_mikimotoi
e2382541b38b683a91f8ec81526c2bb4,Eukaryota,TSAR_Alveolata_Dinoflagellata,Syndiniales,Dino-Group-II,Dino-Group-II-Clade-9,Dino-Group-II-Clade-9_X,Dino-Group-II-Clade-9_X_sp.
27a83852d79e078645dbaddd56db964e,Eukaryota,Haptista_Centroplasthelida_Centroplasthelida_X,Pterocystida,Pterocystida_X,Pterocystida_XX,Pterocystida_XXX,Pterocystida_XXX_sp.
7018381a92208fe3223554b4a89bc4f4,Eukaryota,TSAR_Alveolata_Dinoflagellata,Syndiniales,Dino-Group-II,Dino-Group-II-Clade-7,Dino-Group-II-Clade-7_X,Dino-Group-II-Clade-7_X_sp.
1d01f8bd4fc322de1c90d6dadc19ac0e,Eukaryota,TSAR_Stramenopiles_Bigyra,Opalozoa,Nanomonadea,MAST-3,MAST-3E,MAST-3E_sp.
0cf291963dadb9751f928b7b1c55ebb8,Eukaryota,TSAR_Alveolata_Dinoflagellata,Syndiniales,Dino-Group-I,Dino-Group-I-Clade-4,Dino-Group-I-Clade-4_X,Dino-Group-I-Clade-4_X_sp.
3f43454b613d1092fc396d23ead2ae87,Eukaryota,TSAR_Alveolata_Dinoflagellata,Syndiniales,Dino-Group-I,Dino-Group-I-Clade-5,Dino-Group-I-Clade-5_X,Dino-Group-I-Clade-5_X_sp.
f1eaf1ddd62fead037526e0f16e30059,Eukaryota,TSAR_Alveolata_Dinoflagellata,Syndiniales,Dino-Group-I,Dino-Group-I-Clade-5,Dino-Group-I-Clade-5_X,Dino-Group-I-Clade-5_X_sp.
1d85ac4e101c54ce353515fd1a0027f1,Eukaryota,TSAR_Alveolata_Dinoflagellata,Syndiniales,Dino-Group-I,Dino-Group-I-Clade-2,Dino-Group-I-Clade-2_X,Dino-Group-I-Clade-2_X_sp.
3ccd2c69360f09ab548ca3b954c23894,Eukaryota,TSAR_Alveolata_Dinoflagellata,Dinophyceae,Dinophyceae_X,Dinophyceae_XX,Dinophyceae_XXX,Dinophyceae_XXX_sp.
b656f2dfc1ca0fe45fce9c0b9727f0a6,Eukaryota,TSAR_Rhizaria_Radiolaria,Polycystinea,Spumellaria,Astrosphaeridae,,
ad3221a10617e8b204e677939c647dd2,Eukaryota,TSAR_Alveolata_Dinoflagellata,Syndiniales,Dino-Group-I,Dino-Group-I-Clade-1,Dino-Group-I-Clade-1_X,Dino-Group-I-Clade-1_X_sp.
c6d70794436d1ecb585153cc297a6c74,Eukaryota,TSAR_Alveolata_Dinoflagellata,Dinophyceae,Gonyaulacales,Ceratiaceae,Tripos,
a68c2885ec135c75c6dea7a812e9a50e,Eukaryota,TSAR_Alveolata_Dinoflagellata,Syndiniales,Dino-Group-II,Dino-Group-II-Clade-10-and-11,Dino-Group-II-Clade-10-and-11_X,Dino-Group-II-Clade-10-and-11_X_sp.
d516f5166285537caeb634970565b145,Eukaryota,TSAR_Alveolata_Dinoflagellata,Syndiniales,Dino-Group-II,Dino-Group-II-Clade-7,Dino-Group-II-Clade-7_X,Dino-Group-II-Clade-7_X_sp.
57664554bccdb8f754888f8f677e7684,Eukaryota,Excavata_Discoba_Euglenozoa,Diplonemea,Diplonemida,Eupelagonemidae,Eupelagonemidae_X,Eupelagonemidae_X_sp.
12ce12dc45be4ce93cbdabdaa12b9546,Eukaryota,TSAR_Alveolata_Dinoflagellata,Syndiniales,Dino-Group-I,Dino-Group-I-Clade-2,Dino-Group-I-Clade-2_X,Dino-Group-I-Clade-2_X_sp.
597bd3c2beccb156c6ee2b75984b9467,Eukaryota,Cryptista_Kathablepharidacea_Kathablepharida,Kathablepharidea,Kathablepharidida,Kathablepharidida_X,Kathablepharidida_XX,Kathablepharidida_XX_sp.
f6586752483717cba8e9b336547fe174,Eukaryota,TSAR_Alveolata_Dinoflagellata,Syndiniales,Dino-Group-II,Dino-Group-II_X,Dino-Group-II_XX,Dino-Group-II_XX_sp.
824571d72a3247caa3a29b72edaed776,Eukaryota,Obazoa_Opisthokonta_Fungi,Ascomycota,Pezizomycotina,Dothideomycetes,Cladosporium,
6a2407ddbe73d70b52577e72c55c005d,Eukaryota,TSAR_Alveolata_Dinoflagellata,Dinophyceae,Dinophyceae_X,Dinophyceae_XX,Dinophyceae_XXX,Dinophyceae_XXX_sp.
abb4b74617a0924a078877555857dd40,Eukaryota,TSAR_Alveolata_Dinoflagellata,Dinophyceae,,,,
0f43c6cdbf354746b540fb68f7664eee,Eukaryota,TSAR_Alveolata_Dinoflagellata,Dinophyceae,Dinophyceae_X,Dinophyceae_XX,Dinophyceae_XXX,Dinophyceae_XXX_sp.
edffc8c8f38d1c77cefc1755e9ddebce,Eukaryota,TSAR_Alveolata_Dinoflagellata,Syndiniales,Dino-Group-II,Dino-Group-II-Clade-10-and-11,Dino-Group-II-Clade-10-and-11_X,Dino-Group-II-Clade-10-and-11_X_sp.
f1d68226e562382768baadeb554909c1,Eukaryota,TSAR_Stramenopiles_Bigyra,Sagenista,Sagenista_X,MAST-7,MAST-7B,MAST-7B_sp.
e4e61c92f8cd55019b7a79c05ecc1fb0,Eukaryota,TSAR_Telonemia_Telonemia_X,Telonemia_XX,Telonemia_XXX,Telonemia-Group-2,Telonemia-Group-2_X,Telonemia-Group-2_X_sp.
b30a006646f84641e777813ef5587b48,Eukaryota,Haptista_Haptophyta_Haptophyta_X,Prymnesiophyceae,Isochrysidales,Noelaerhabdaceae,Gephyrocapsa,Gephyrocapsa_huxleyi
f2f551d656e3a10fcea6e9650dabb420,Eukaryota,TSAR_Alveolata_Dinoflagellata,Syndiniales,Dino-Group-I,Dino-Group-I-Clade-2,Dino-Group-I-Clade-2_X,Dino-Group-I-Clade-2_X_sp.
5d4de5fc8770285cee6ede066ae44e85,Eukaryota,Obazoa_Opisthokonta_Fungi,Ascomycota,Pezizomycotina,Dothideomycetes,Hortaea,Hortaea_werneckii
352e3b49ce00f40452cf685bc387d9ec,Eukaryota,TSAR_Alveolata_Dinoflagellata,Dinophyceae,Dinophyceae_X,Dinophyceae_XX,Dinophyceae_XXX,Dinophyceae_XXX_sp.
5c9f8f9fa2dbcd55f4a401defbf4686a,Eukaryota,TSAR_Alveolata_Dinoflagellata,Dinophyceae,Dinophyceae_X,Dinophyceae_XX,Dinophyceae_XXX,Dinophyceae_XXX_sp.
1155e22b413bab86deed27fcb44bd98c,Eukaryota,TSAR_Alveolata_Dinoflagellata,Syndiniales,Dino-Group-II,Dino-Group-II-Clade-7,Dino-Group-II-Clade-7_X,Dino-Group-II-Clade-7_X_sp.
aeaf5045e8895286893c2205e91330bb,Eukaryota,TSAR_Alveolata_Dinoflagellata,Syndiniales,Dino-Group-II,Dino-Group-II-Clade-10-and-11,Dino-Group-II-Clade-10-and-11_X,Dino-Group-II-Clade-10-and-11_X_sp.
266328a7b1ca052874b63b7f828b1707,Eukaryota,TSAR_Alveolata_Dinoflagellata,Syndiniales,Dino-Group-II,Dino-Group-II-Clade-6,Dino-Group-II-Clade-6_X,Dino-Group-II-Clade-6_X_sp.
733534916c1de255515fbd45878852c8,Eukaryota,TSAR_Rhizaria_Radiolaria,RAD-C,RAD-C_X,RAD-C_Xb,RAD-C_Xb_X,RAD-C_Xb_X_sp.
78c6e265937d1c5051359055c8e3e24d,Eukaryota,TSAR_Stramenopiles_Bigyra,Opalozoa,Nanomonadea,MAST-3,MAST-3F,MAST-3F_sp.
5dd0feb731bc773c0d1efe58a82de018,Eukaryota,Excavata_Discoba_Euglenozoa,Diplonemea,Diplonemida,Eupelagonemidae,Eupelagonemidae_X,Eupelagonemidae_X_sp.
05b1d5542986cf6da5379a34d84988a7,Eukaryota,TSAR_Alveolata_Dinoflagellata,Syndiniales,Dino-Group-II,Dino-Group-II-Clade-10-and-11,Dino-Group-II-Clade-10-and-11_X,Dino-Group-II-Clade-10-and-11_X_sp.
489bef2fe0d8300505341b8faa520970,Eukaryota,TSAR_Stramenopiles_Gyrista,MOCH-4,MOCH-4_X,MOCH-4_XX,MOCH-4_XXX,MOCH-4_XXX_sp.
0ba1041a0def45d6af98659c8120cf2a,Eukaryota,TSAR_Alveolata_Dinoflagellata,Syndiniales,Dino-Group-II,Dino-Group-II-Clade-7,Dino-Group-II-Clade-7_X,Dino-Group-II-Clade-7_X_sp.
c8a073310ee8453149dd1ae2c658d044,Eukaryota,Haptista_Haptophyta_Haptophyta_X,Prymnesiophyceae,Prymnesiophyceae_X,Braarudosphaeraceae,Braarudosphaera,Braarudosphaera_bigelowii
70cb8032b0d5f3a48c4582725fe3e417,Eukaryota,TSAR_Alveolata_Dinoflagellata,Syndiniales,Dino-Group-I,Dino-Group-I-Clade-1,Dino-Group-I-Clade-1_X,Dino-Group-I-Clade-1_X_sp.
341b5c70e2fcc4b96359edac4ca52ec0,Eukaryota,TSAR_Stramenopiles_Gyrista,Mediophyceae,Chaetocerotales,Leptocylindraceae,Leptocylindrus,
dba6d7410f5dc8de5f92d70c65c78a95,Eukaryota,Archaeplastida_Picozoa_Picozoa_subdivision_1,Picozoa_subdivision_1B,Picozoa_subdivision_1B_X,Picozoa_subdivision_1B_XX,Picozoa_subdivision_1B_XXX,Picozoa_subdivision_1B_XXX_sp.
6f420df25ce86fcbc72aa50e0636dcf0,Eukaryota,TSAR_Telonemia_Telonemia_X,Telonemia_XX,Telonemia_XXX,Telonemia-Group-2,Telonemia-Group-2_X,Telonemia-Group-2_X_sp.
71213036029a9cf9bc40a6b33b1d1eea,Eukaryota,Excavata_Discoba_Euglenozoa,Diplonemea,Diplonemida,Eupelagonemidae,Eupelagonemidae_X,Eupelagonemidae_X_sp.
af7187bc4a5bd7f54f07f3771fb4590d,Eukaryota,TSAR_Alveolata_Dinoflagellata,Syndiniales,Dino-Group-II,,,
a72e1e01f32df03aa489138c2b70b609,Eukaryota,TSAR_Alveolata_Dinoflagellata,Syndiniales,Dino-Group-II,Dino-Group-II-Clade-14,Dino-Group-II-Clade-14_X,Dino-Group-II-Clade-14_X_sp.
4b72f9fb70afdc5db3bae52793ba0301,Eukaryota,TSAR_Alveolata_Dinoflagellata,Syndiniales,Dino-Group-II,Dino-Group-II-Clade-10-and-11,Dino-Group-II-Clade-10-and-11_X,Dino-Group-II-Clade-10-and-11_X_sp.
c557e45c5adef50d0055e67345de867e,Eukaryota,TSAR_Telonemia_Telonemia_X,Telonemia_XX,Telonemia_XXX,Telonemia-Group-2,Telonemia-Group-2_X,Telonemia-Group-2_X_sp.
5bba7bc0010c2ed76f84e295537c1945,Eukaryota,TSAR_Stramenopiles_Bigyra,Sagenista,Sagenista_X,MAST-9,MAST-9A,MAST-9A_sp.
e0171f00607ce961baaf6c6b04580fe8,Eukaryota,Haptista_Haptophyta_Haptophyta_X,Prymnesiophyceae,Prymnesiophyceae_Clade_D,Prymnesiophyceae_Clade_D_X,Prymnesiophyceae_Clade_D_XX,Prymnesiophyceae_Clade_D_XX_sp.
b7842fcd3409b3b23ecf13e4f6fe7dec,Eukaryota,Haptista_Haptophyta_Haptophyta_X,Prymnesiophyceae,Prymnesiales,Chrysochromulinaceae,Chrysochromulina,Chrysochromulina_sp.
f157b12b73471ea3073cf97e1719dd1f,Eukaryota,TSAR_Rhizaria_Radiolaria,Polycystinea,Spumellaria,Astrosphaeridae,Astrosphaera,Astrosphaera_hexagonalis
6ad3fcfb9cd41df3273b392f19100a8b,Eukaryota,TSAR_Rhizaria_Radiolaria,RAD-B,RAD-B_X,RAD-B_X_Group-If,RAD-B_X_Group-If_X,RAD-B_X_Group-If_X_sp.
249c38b91d611b8912614c72f7d067a7,Eukaryota,Archaeplastida_Chlorophyta_Chlorophyta_X,Chloropicophyceae,Chloropicales,Chloropicaceae,Chloropicon,Chloropicon_A6_sp.
9d5f31a0bc12d0f2b0c8db70d8e3bdba,Eukaryota,Excavata_Discoba_Euglenozoa,Diplonemea,Diplonemida,Eupelagonemidae,Eupelagonemidae_X,Eupelagonemidae_X_sp.
c06e155524d6a0fe939c1a37ee7933e4,Eukaryota,TSAR_Alveolata_Dinoflagellata,Dinophyceae,Peridiniales,,,
c8c44eccff32f6fa9b7d42865c32f9f1,Eukaryota,__,,,,,
f44368f91c7386f8de929d0f9939c721,Eukaryota,TSAR_Alveolata_Dinoflagellata,Syndiniales,Dino-Group-II,Dino-Group-II-Clade-7,Dino-Group-II-Clade-7_X,Dino-Group-II-Clade-7_X_sp.
d375022b26a9a0f0125b5c493c2701dc,Eukaryota,Archaeplastida_Picozoa_Picozoa_subdivision_1,Picozoa_subdivision_1B,Picozoa_subdivision_1B_X,Picozoa_subdivision_1B_XX,Picozoa_subdivision_1B_XXX,Picozoa_subdivision_1B_XXX_sp.
bef164320e9f60ab0298c1630c8f7851,Eukaryota,TSAR_Alveolata_Dinoflagellata,Syndiniales,Dino-Group-II,Dino-Group-II-Clade-17,Dino-Group-II-Clade-17_X,Dino-Group-II-Clade-17_X_sp.
580d05024bb62e078b150b7eed4c53c6,Eukaryota,Excavata_Discoba_Euglenozoa,Diplonemea,Diplonemida,Eupelagonemidae,Eupelagonemidae_X,Eupelagonemidae_X_sp.
ba0009fdfc976548584b4fb4175964ec,Eukaryota,TSAR_Alveolata_Dinoflagellata,Syndiniales,Dino-Group-I,Dino-Group-I-Clade-5,Dino-Group-I-Clade-5_X,Dino-Group-I-Clade-5_X_sp.
30313104736419debfede0758a8bff9e,Eukaryota,TSAR_Alveolata_Dinoflagellata,Syndiniales,Dino-Group-II,Dino-Group-II-Clade-9,Dino-Group-II-Clade-9_X,Dino-Group-II-Clade-9_X_sp.
50ded0a7eca5db2960e6b4f5e26eb76a,Eukaryota,TSAR_Alveolata_Dinoflagellata,Dinophyceae,Dinophyceae_X,Dinophyceae_XX,Dinophyceae_XXX,Dinophyceae_XXX_sp.
5a974ccb4dafc5825c9053c74b44e52d,Eukaryota,TSAR_Alveolata_Dinoflagellata,Syndiniales,Dino-Group-I,Dino-Group-I-Clade-5,Dino-Group-I-Clade-5_X,Dino-Group-I-Clade-5_X_sp.
8551f9d8828bfe237dada15100056f05,Eukaryota,TSAR_Alveolata_Dinoflagellata,Dinophyceae,Peridiniales,Amphidomataceae,Azadinium,
313bbf8246862f0429444cb7f457838d,Eukaryota,TSAR_Stramenopiles_Bigyra,Opalozoa,Nanomonadea,MAST-3,MAST-3I,MAST-3I_sp.
d75baff391fd909a30f2097a5504bd29,Eukaryota,TSAR_Alveolata_Dinoflagellata,Syndiniales,Dino-Group-II,Dino-Group-II-Clade-6,Dino-Group-II-Clade-6_X,Dino-Group-II-Clade-6_X_sp.
0dee41b3d32e013980aa0e076e841248,Eukaryota,TSAR_Rhizaria_Radiolaria,RAD-B,RAD-B_X,RAD-B_X_Group-II,RAD-B_X_Group-II_X,RAD-B_X_Group-II_X_sp.
be33d01ff904faa0fddab32f08a2cfde,Eukaryota,TSAR_Alveolata_Dinoflagellata,Syndiniales,Dino-Group-I,Dino-Group-I-Clade-1,Dino-Group-I-Clade-1_X,Dino-Group-I-Clade-1_X_sp.
2caef86addb18cdaf0d8164acc54c610,Eukaryota,TSAR_Alveolata_Dinoflagellata,Syndiniales,Dino-Group-II,Dino-Group-II-Clade-6,Dino-Group-II-Clade-6_X,Dino-Group-II-Clade-6_X_sp.
8b88823d5352fddc77cef2e297e58c9a,Eukaryota,TSAR_Alveolata_Dinoflagellata,Dinophyceae,Suessiales,Suessiaceae,,
ecc1bee630f079a6bb441b5d5b26b3f2,Eukaryota,TSAR_Alveolata_Dinoflagellata,Syndiniales,Dino-Group-I,Dino-Group-I-Clade-5,Dino-Group-I-Clade-5_X,Dino-Group-I-Clade-5_X_sp.
1f794fce92bde871341725fdd0221120,Eukaryota,TSAR_Alveolata_Dinoflagellata,Syndiniales,Dino-Group-II,Dino-Group-II-Clade-10-and-11,Dino-Group-II-Clade-10-and-11_X,Dino-Group-II-Clade-10-and-11_X_sp.
bb04120b2c7fe7ab71980f22f629b5ce,Eukaryota,TSAR_Alveolata_Dinoflagellata,Dinophyceae,Dinophyceae_X,Dinophyceae_XX,Dinophyceae_XXX,Dinophyceae_XXX_sp.
1114d4aef4e571930b8b325a19d50e7c,Eukaryota,TSAR_Rhizaria_Radiolaria,RAD-A,RAD-A_X,RAD-A_Xg,RAD-A_Xg_X,RAD-A_Xg_X_sp.
c83533e9e59c512e724dbcaa96cd1848,Eukaryota,TSAR_Stramenopiles_Gyrista,Gyrista_X,Gyrista_XX,MAST-1,MAST-1C,MAST-1C_sp.
e1e175ad4bc6352e7617a831a6d10d7b,Eukaryota,TSAR_Stramenopiles_Bigyra,Sagenista,Sagenista_X,MAST-9,MAST-9C,MAST-9C_sp.
d35dc910eba8bf8e5ea6561c7eb92a2f,Eukaryota,TSAR_Rhizaria_Radiolaria,RAD-B,RAD-B_X,Taxopodida,Sticholonche,Sticholonche_sp.
0c013d93dd0e1a4de9694a70dce10170,Eukaryota,TSAR_Rhizaria_Radiolaria,Acantharea,Acantharea_A,Acantharea_A_X,Acanthoplegma,Acanthoplegma_sp.
1b19f2cb6562f51e25d6efa27b75f2c2,Eukaryota,TSAR_Alveolata_Dinoflagellata,Syndiniales,Dino-Group-I,Dino-Group-I-Clade-2,Dino-Group-I-Clade-2_X,Dino-Group-I-Clade-2_X_sp.
0b5b3e0328434b7a9a211457cda754e2,Eukaryota,TSAR_Alveolata_Dinoflagellata,Dinophyceae,Gonyaulacales,Pyrocystaceae,Alexandrium,Alexandrium_ostenfeldii
3361e9228d944de6fd34f5a60d38df0a,Eukaryota,TSAR_Alveolata_Dinoflagellata,Syndiniales,Dino-Group-I,Dino-Group-I-Clade-3,Dino-Group-I-Clade-3_X,Dino-Group-I-Clade-3_X_sp.
1c2a3f4fb4b395c53c3fe8c5897db2ab,Eukaryota,Excavata_Discoba_Euglenozoa,Diplonemea,Diplonemida,Eupelagonemidae,Eupelagonemidae_X,Eupelagonemidae_X_sp.
95e8dce6d136221d248f526a9991b7b9,Eukaryota,TSAR_Alveolata_Dinoflagellata,Syndiniales,Dino-Group-I,Dino-Group-I-Clade-4,Dino-Group-I-Clade-4_X,Dino-Group-I-Clade-4_X_sp.
05fea7879bf3674be3cf57d9602ba875,Eukaryota,TSAR_Rhizaria_Radiolaria,Acantharea,Acantharea_B,Acantharea_B1,Acanthochiasma,Acanthochiasma_sp.
6a7280429c87eec0a95312171958c711,Eukaryota,TSAR_Alveolata_Dinoflagellata,Syndiniales,Dino-Group-II,,,
db20826b1a70f6a9025d109d0099003b,Eukaryota,TSAR_Alveolata_Dinoflagellata,Dinophyceae,,,,
72dabeb5558da6cc3785c7711bc35a5f,Eukaryota,Archaeplastida_Picozoa_Picozoa_subdivision_2,Picozoa_subdivision_2_X,Picozoa_subdivision_2_XX,Picozoa_subdivision_2_XXX,Picozoa_subdivision_2_XXXX,Picozoa_subdivision_2_XXXX_sp.
d9630a92cb29e214a28689cbfc4f29c4,Eukaryota,Excavata_Discoba_Euglenozoa,Diplonemea,Diplonemida,Eupelagonemidae,Eupelagonemidae_X,Eupelagonemidae_X_sp.
0daf1348e9b757df4595026b5122f5f8,Eukaryota,TSAR_Alveolata_Dinoflagellata,Dinophyceae,Peridiniales,Thoracosphaeraceae,,
d2a0bc60b4d661ba1cdf23e1004bb197,Eukaryota,TSAR_Rhizaria_Radiolaria,Polycystinea,Nassellaria,Sphaerozoidae,,
f53a64a0a51f3874176995a1142dd838,Eukaryota,TSAR_Alveolata_Dinoflagellata,Syndiniales,,,,
74b532a2e0a751158c259b578ec18fca,Eukaryota,TSAR_Alveolata_Dinoflagellata,Dinophyceae,Gymnodiniales,Gymnodiniaceae,Margalefidinium,Margalefidinium_fulvescens
3ae854c8195efe6c26c59505622b6a02,Eukaryota,TSAR_Alveolata_Dinoflagellata,Syndiniales,Dino-Group-I,Dino-Group-I-Clade-5,Dino-Group-I-Clade-5_X,Dino-Group-I-Clade-5_X_sp.
26105bf5d7a70832165b14b877f3c913,Eukaryota,TSAR_Alveolata_Dinoflagellata,Syndiniales,Dino-Group-V,Dino-Group-V_X,Dino-Group-V_XX,Dino-Group-V_XX_sp.
272fc5687af347ce4e379a827b52b0b8,Eukaryota,Excavata_Discoba_Euglenozoa,Diplonemea,Diplonemida,Eupelagonemidae,Eupelagonemidae_X,Eupelagonemidae_X_sp.
0b8585dedf2475b81a5b4d8b73db6dc7,Eukaryota,TSAR_Rhizaria_Radiolaria,Acantharea,Acantharea_C,Acantharea_C4,,
7a78305c7b35696aa871328f88fcf2ee,Eukaryota,TSAR_Alveolata_Dinoflagellata,Syndiniales,Dino-Group-II,Dino-Group-II-Clade-6,Dino-Group-II-Clade-6_X,Dino-Group-II-Clade-6_X_sp.
8312ff183f16cb50537d7eb4b58297f6,Eukaryota,TSAR_Telonemia_Telonemia_X,Telonemia_XX,Telonemia_XXX,Telonemia-Group-1,Telonemia-Group-1_X,Telonemia-Group-1_X_sp.
87b709c17b825db1ff58c63a233b3483,Eukaryota,TSAR_Alveolata_Dinoflagellata,Syndiniales,Dino-Group-II,Dino-Group-II-Clade-10-and-11,Dino-Group-II-Clade-10-and-11_X,Dino-Group-II-Clade-10-and-11_X_sp.
7c38853e88ce385527ae5c67b975cd98,Eukaryota,TSAR_Alveolata_Dinoflagellata,Dinophyceae,Dinophyceae_X,Dinophyceae_XX,Dinophyceae_XXX,Dinophyceae_XXX_sp.
c0f112d2e25f71698d1b07b2f0908dd9,Eukaryota,TSAR_Alveolata_Dinoflagellata,Syndiniales,Dino-Group-I,Dino-Group-I-Clade-3,Dino-Group-I-Clade-3_X,Dino-Group-I-Clade-3_X_sp.
00a9164684629141a169aa95562fb4ce,Eukaryota,TSAR_Alveolata_Dinoflagellata,Syndiniales,Dino-Group-I,Dino-Group-I-Clade-5,Dino-Group-I-Clade-5_X,Dino-Group-I-Clade-5_X_sp.
2697dbc15b8af24bab46db987b2d88e8,Eukaryota,TSAR_Rhizaria_Radiolaria,Polycystinea,Spumellaria,Astrosphaeridae,Heliosphaera,Heliosphaera_sp.
f28233bb4ffa46028d8fdf96a181577e,Eukaryota,TSAR_Alveolata_Dinoflagellata,Dinophyceae,Dinophyceae_X,Dinophyceae_XX,Dinophyceae_XXX,Dinophyceae_XXX_sp.
b0f8e4297fcc257a29a31d0ba626cf21,Eukaryota,TSAR_Alveolata_Dinoflagellata,Dinophyceae,Gonyaulacales,Pyrocystaceae,Alexandrium,Alexandrium_tamiyavanichii
99f0cfa1970a146185ad73e496667d7d,Eukaryota,TSAR_Rhizaria_Radiolaria,Acantharea,Acantharea_F,Acantharea_F3,Acanthometra,Acanthometra_sp.
3c11f8ac936257fa0a8be981f823f4dc,Eukaryota,TSAR_Alveolata_Dinoflagellata,Syndiniales,Dino-Group-II,Dino-Group-II-Clade-26,Dino-Group-II-Clade-26_X,Dino-Group-II-Clade-26_X_sp.
c48fc83da60fec57031bb61dd2013197,Eukaryota,TSAR_Alveolata_Dinoflagellata,Dinophyceae,Gymnodiniales,Gymnodiniaceae,Polykrikos,Polykrikos_geminatus
2f955e80adcd289133a388d09f2d0151,Eukaryota,TSAR_Stramenopiles_Gyrista,Chrysophyceae,Paraphysomonadales,Paraphysomonadales_Clade-EC1Ga,Paraphysomonadales_Clade-EC1Ga_X,Paraphysomonadales_Clade-EC1Ga_X_sp.
076e9d3c6ed20c47a6929b6d4e692b53,Eukaryota,TSAR_Alveolata_Dinoflagellata,Syndiniales,Dino-Group-I,Dino-Group-I_X,Dino-Group-I_XX,Dino-Group-I_XX_sp.
d8aa170f47d1f4b885877db6d255e85c,Eukaryota,TSAR_Alveolata_Ciliophora,Spirotrichea,Oligotrichida,Strombidiidae,Strombidiidae_X,Strombidiidae_X_sp.
8a7622c4405af29c635796b8850905b1,Eukaryota,TSAR_Alveolata_Dinoflagellata,Syndiniales,Dino-Group-IV,Dino-Group-IV-Hematodinium-Group,Hematodinium,Hematodinium_sp.
73118351d20a3312845a75d3b42da529,Eukaryota,TSAR_Alveolata_Ciliophora,Spirotrichea,Oligotrichida,Oligotrichida_X,Oligotrichida_XX,Oligotrichida_XX_sp.
f6064a973c79ad6db80181858d450d0b,Eukaryota,TSAR_Alveolata_Dinoflagellata,Syndiniales,Dino-Group-I,Dino-Group-I-Clade-5,Dino-Group-I-Clade-5_X,Dino-Group-I-Clade-5_X_sp.
e3099068493e40b24e96f3d3cec75458,Eukaryota,Excavata_Discoba_Euglenozoa,Diplonemea,Diplonemida,Eupelagonemidae,Eupelagonemidae_X,Eupelagonemidae_X_sp.
324e9fcd7ff492d5ee0939d2a4424aa8,Eukaryota,TSAR_Stramenopiles_Bigyra,Sagenista,Sagenista_X,MAST-4,MAST-4E,MAST-4E_sp.
cd7781cb01c17f66114ec974e5bb26ec,Eukaryota,Excavata_Discoba_Euglenozoa,Diplonemea,Diplonemida,Eupelagonemidae,Eupelagonemidae_X,Eupelagonemidae_X_sp.
c3c092e7b7b684b5016a8e134836ec1d,Eukaryota,TSAR_Alveolata_Dinoflagellata,Dinophyceae,Dinophyceae_X,Dinophyceae_XX,Dinophyceae_XXX,Dinophyceae_XXX_sp.
97c771e292d791bf6f95dce0937bd848,Eukaryota,TSAR_Alveolata_Dinoflagellata,Syndiniales,Dino-Group-I,Dino-Group-I-Clade-5,Dino-Group-I-Clade-5_X,Dino-Group-I-Clade-5_X_sp.
3c4673163de1c7fa5cf3dde1585bcd4e,Eukaryota,TSAR_Alveolata_Dinoflagellata,Syndiniales,Dino-Group-I,Dino-Group-I-Clade-1,Dino-Group-I-Clade-1_X,Dino-Group-I-Clade-1_X_sp.
7664d9d65aacb0a8ed0daaa134559b9a,Eukaryota,TSAR_Alveolata_Dinoflagellata,Syndiniales,Dino-Group-I,Dino-Group-I-Clade-5,Dino-Group-I-Clade-5_X,Dino-Group-I-Clade-5_X_sp.
e6b9d9b60c220ff765f820b1f114aaa2,Eukaryota,Obazoa_Opisthokonta_Fungi,Basidiomycota,Ustilaginomycotina,Exobasidiomycetes,,
2b712964c5223fa8e341bcc21903ded1,Eukaryota,TSAR_Alveolata_Dinoflagellata,Syndiniales,Dino-Group-I,Dino-Group-I-Clade-5,Dino-Group-I-Clade-5_X,Dino-Group-I-Clade-5_X_sp.
f916ab26864f01ad147ffc8ece2e0602,Eukaryota,TSAR_Alveolata_Dinoflagellata,Syndiniales,Dino-Group-I,Dino-Group-I-Clade-3,Dino-Group-I-Clade-3_X,Dino-Group-I-Clade-3_X_sp.
ad255e6d3ab6190f2ef9e4256781b52d,Eukaryota,Obazoa_Opisthokonta_Fungi,Ascomycota,Pezizomycotina,Sordariomycetes,,
50c930216e22a126fcba2285ad43a090,Eukaryota,TSAR_Alveolata_Dinoflagellata,,,,,
e90020b76910661b097618cc2630e76c,Eukaryota,TSAR_Stramenopiles_Bigyra,Opalozoa,Nanomonadea,MAST-3,MAST-3D,MAST-3D_sp.
b48c6d2a2519b81f58c94c6914b99564,Eukaryota,TSAR_Alveolata_Dinoflagellata,Syndiniales,Dino-Group-II,Dino-Group-II-Clade-6,Dino-Group-II-Clade-6_X,Dino-Group-II-Clade-6_X_sp.
8c8d17c9bfff1fc5aa26a5c95816d15d,Eukaryota,Archaeplastida_Prasinodermophyta_Prasinodermophyta_X,Palmophyllophyceae,Prasinococcales,Prasinococcaceae,Prasinococcus,Prasinococcus_capsulatus
62f4a8efb91d0a9f7a90075391607776,Eukaryota,Archaeplastida_Picozoa_Picozoa_subdivision_1,Picozoa_subdivision_1B,Picozoa_subdivision_1B_X,Picozoa_subdivision_1B_XX,Picozoa_subdivision_1B_XXX,Picozoa_subdivision_1B_XXX_sp.
e9453d5585ad6455ffa8e7571d85cfd4,Eukaryota,TSAR_Alveolata_Dinoflagellata,Syndiniales,Dino-Group-I,Dino-Group-I-Clade-5,Dino-Group-I-Clade-5_X,Dino-Group-I-Clade-5_X_sp.
2bd7b937e513af871fe7f09985b2f176,Eukaryota,TSAR_Rhizaria_Radiolaria,RAD-A,RAD-A_X,RAD-A_Xc,RAD-A_Xc_X,RAD-A_Xc_X_sp.
a92529c92746214909c8461b359d87d4,Eukaryota,TSAR_Alveolata_Dinoflagellata,Syndiniales,Dino-Group-I,Dino-Group-I-Clade-1,Dino-Group-I-Clade-1_X,Dino-Group-I-Clade-1_X_sp.
976e4d565368c217ec9181fe211afe1c,Eukaryota,TSAR_Alveolata_Dinoflagellata,Syndiniales,Dino-Group-II,Dino-Group-II-Clade-15,Dino-Group-II-Clade-15_X,Dino-Group-II-Clade-15_X_sp.
69b57b4352d41b58c5a43fa778fc52be,Eukaryota,TSAR_Stramenopiles_Bigyra,Sagenista,Sagenista_X,MAST-11,MAST-11_X,MAST-11_X_sp.
03618bc1be0babf96c1600222c533139,Eukaryota,Excavata_Discoba_Euglenozoa,Diplonemea,Diplonemida,Eupelagonemidae,Eupelagonemidae_X,Eupelagonemidae_X_sp.
08e60cdbb4850a837d3998af4fafb558,Eukaryota,TSAR_Alveolata_Dinoflagellata,Syndiniales,Dino-Group-I,Dino-Group-I-Clade-4,Dino-Group-I-Clade-4_X,Dino-Group-I-Clade-4_X_sp.
d61a14793300fdf1ef069fc0da0828e3,Eukaryota,TSAR_Stramenopiles_Bigyra,Sagenista,Labyrinthulomycetes,Labyrinthulomycetes_LAB7,Labyrinthulomycetes_LAB7_X,Labyrinthulomycetes_LAB7_X_sp.
10dab38c90f7b854d61dcaf5eb7a4004,Eukaryota,Excavata_Discoba_Euglenozoa,Diplonemea,Diplonemida,Eupelagonemidae,Eupelagonemidae_X,Eupelagonemidae_X_sp.
06c8cb30aa0e235f6c853d5da423861b,Eukaryota,TSAR_Alveolata_Dinoflagellata,Syndiniales,Dino-Group-I,Dino-Group-I-Clade-4,Dino-Group-I-Clade-4_X,Dino-Group-I-Clade-4_X_sp.
f8d65263c95386a87dcea808900039a2,Eukaryota,TSAR_Alveolata_Dinoflagellata,Dinophyceae,Suessiales,Suessiaceae,Biecheleria,
4b778975cc967711dc3811681c2777c8,Eukaryota,TSAR_Alveolata_Ciliophora,Oligohymenophorea,OLIGO5,OLIGO5_X,OLIGO5_XX,OLIGO5_XX_sp.
a75bfbf183627247ac4592ec02c77575,Eukaryota,TSAR_Stramenopiles_Gyrista,Coscinodiscophyceae,Coscinodiscophyceae_X,Coscinodiscophyceae_XX,Coscinodiscophyceae_XXX,Coscinodiscophyceae_XXX_sp.
8f7a6658b7af744fb1c27d15f4fd6444,Eukaryota,Haptista_Haptophyta_Haptophyta_X,Prymnesiophyceae,Prymnesiales,Chrysochromulinaceae,Chrysochromulina,
edb5d625de7323aeae8bfb83f4f19ced,Eukaryota,TSAR_Alveolata_Dinoflagellata,Syndiniales,Dino-Group-II,Dino-Group-II-Clade-7,Dino-Group-II-Clade-7_X,Dino-Group-II-Clade-7_X_sp.
17b69f27ece37d65e02a5580dba03099,Eukaryota,TSAR_Alveolata_Dinoflagellata,Dinophyceae,Dinophyceae_X,Dinophyceae_XX,Dinophyceae_XXX,Dinophyceae_XXX_sp.
68468c2125a2f107b1fb11c1a503bc7b,Eukaryota,TSAR_Rhizaria_Radiolaria,RAD-A,RAD-A_X,RAD-A_Xb,RAD-A_Xb_X,RAD-A_Xb_X_sp.
ae33f985858eea83eef5e36b15515d9a,Eukaryota,TSAR_Alveolata_Dinoflagellata,Syndiniales,Dino-Group-II,Dino-Group-II-Clade-7,Dino-Group-II-Clade-7_X,Dino-Group-II-Clade-7_X_sp.
a65a4ffa9b60333e301d3ab6cbe1b328,Eukaryota,Obazoa_Opisthokonta_Choanoflagellata,Choanoflagellatea,Craspedida,Monosigidae_Group_B,Monosigidae_Group_B_X,Monosigidae_Group_B_X_sp.
7fa295f357d5f05effe67368a79c1b38,Eukaryota,TSAR_Stramenopiles_Gyrista,Mediophyceae,Thalassiosirales,Skeletonemaceae,Skeletonema,Skeletonema_sp.
8b120e4795ccf79418330b3dbcd01445,Eukaryota,TSAR_Alveolata_Dinoflagellata,Syndiniales,Dino-Group-II,Dino-Group-II-Clade-6,Dino-Group-II-Clade-6_X,Dino-Group-II-Clade-6_X_sp.
7a04f343ec1de4017ae8e9d9be669d27,Eukaryota,Obazoa_Opisthokonta_Fungi,Basidiomycota,Pucciniomycotina,Cystobasidiomycetes,Rhodotorula,
5613940e5e59dd03116f991da258fb21,Eukaryota,TSAR_Alveolata_Dinoflagellata,Syndiniales,Dino-Group-II,Dino-Group-II-Clade-10-and-11,Dino-Group-II-Clade-10-and-11_X,Dino-Group-II-Clade-10-and-11_X_sp.
d2c6b5b3cf2f3656f958fd1945e63f4e,Eukaryota,TSAR_Stramenopiles_Gyrista,Gyrista_X,Gyrista_XX,MAST-1,MAST-1B,MAST-1B_sp.
390c5a9ede90a7f4642b288aa7bb7e79,Eukaryota,TSAR_Rhizaria_Radiolaria,RAD-A,RAD-A_X,RAD-A_Xa,RAD-A_Xa_X,RAD-A_Xa_X_sp.
17ba0fa308be6fc5ee448a4093e0d992,Eukaryota,TSAR_Alveolata_Dinoflagellata,Dinophyceae,Dinophyceae_X,Dinophyceae_XX,Dinophyceae_XXX,Dinophyceae_XXX_sp.
3959d9bd822f1c57a99b672e34c39c20,Eukaryota,Obazoa_Opisthokonta_Fungi,Ascomycota,Saccharomycotina,Saccharomycetales,Candida,
9dda82476f5d90ded73c9fcf080af083,Eukaryota,TSAR_Alveolata_Dinoflagellata,Dinophyceae,Dinophyceae_X,Dinophyceae_XX,Dinophyceae_XXX,Dinophyceae_XXX_sp.
403ea348163f09bf8c3bf80b434ad799,Eukaryota,Excavata_Discoba_Euglenozoa,Diplonemea,Diplonemida,Eupelagonemidae,Eupelagonemidae_X,Eupelagonemidae_X_sp.
8dc1ab1c7582a0eefdeb3aba22da6992,Eukaryota,TSAR_Alveolata_Dinoflagellata,Syndiniales,Dino-Group-I,Dino-Group-I-Clade-4,Dino-Group-I-Clade-4_X,Dino-Group-I-Clade-4_X_sp.
b6550f45879256307534dc713824baaa,Eukaryota,TSAR_Alveolata_Dinoflagellata,Syndiniales,,,,
a363e7474121d4ad934e280c0f103e50,Eukaryota,TSAR_Alveolata_Dinoflagellata,Dinophyceae,Dinophyceae_X,Dinophyceae_XX,Dinophyceae_XXX,Dinophyceae_XXX_sp.
df3c794c3051beabc551ddbd8f28f523,Eukaryota,TSAR_Stramenopiles_Gyrista,Chrysophyceae,Chrysophyceae_env_clade-II,Chrysophyceae_env_clade-II_X,Chrysophyceae_env_clade-II_XX,Chrysophyceae_env_clade-II_XX_sp.
7d9bcee603cf180d3447ade2da87b2d6,Eukaryota,TSAR_Alveolata_Dinoflagellata,Dinophyceae,Dinophyceae_X,Dinophyceae_XX,Dinophyceae_XXX,Dinophyceae_XXX_sp.
0207728f24bd1b0e1afa58352a48614a,Eukaryota,TSAR_Rhizaria_Radiolaria,Polycystinea,Spumellaria,Spumellaria_1,Spumellaria_1_X,Spumellaria_1_X_sp.
052de3a1a31b2245ff3c312462fe8a3b,Eukaryota,Cryptista_Cryptophyta_Cryptophyta_X,Cryptophyceae,Cryptomonadales,Cryptomonadales_X,,
d971ddf3cd4208abe37559897c6c356d,Eukaryota,Haptista_Haptophyta_Haptophyta_X,Prymnesiophyceae,Prymnesiales,Chrysochromulinaceae,Chrysochromulina,Chrysochromulina_parva
3c7c595ac94d44de782c53e970eccf4c,Eukaryota,TSAR_Alveolata_Dinoflagellata,Syndiniales,Dino-Group-I,Dino-Group-I-Clade-1,Dino-Group-I-Clade-1_X,Dino-Group-I-Clade-1_X_sp.
24977b9f38c189574889d7d3a6cb5ade,Eukaryota,TSAR_Alveolata_Dinoflagellata,Dinophyceae,,,,
19c9465953cdf7dd28e633bf8a1f4ebd,Eukaryota,TSAR_Alveolata_Dinoflagellata,Syndiniales,Dino-Group-I,Dino-Group-I-Clade-4,Dino-Group-I-Clade-4_X,Dino-Group-I-Clade-4_X_sp.
55946a96f3801adb2f0e70be7c6b4971,Eukaryota,TSAR_Alveolata_Dinoflagellata,Syndiniales,Dino-Group-I,Dino-Group-I-Clade-1,Dino-Group-I-Clade-1_X,Dino-Group-I-Clade-1_X_sp.
2dd3da626ac3a6eaf902a0603f86752f,Eukaryota,TSAR_Rhizaria_Radiolaria,Polycystinea,Nassellaria,Sphaerozoidae,,
41ae97c8586ec752a02fe6c67c19757d,Eukaryota,TSAR_Stramenopiles_Gyrista,MOCH-2,MOCH-2_X,MOCH-2_XX,MOCH-2_XXX,MOCH-2_XXX_sp.
4386920315ca15590e1b6c3c87fd23b9,Eukaryota,TSAR_Alveolata_Dinoflagellata,Dinophyceae,Dinophyceae_X,Dinophyceae_XX,Dinophyceae_XXX,Dinophyceae_XXX_sp.
dfe65ff4eb7f3e0a0cde704b9e0ac5e9,Eukaryota,TSAR_Alveolata_Dinoflagellata,Dinophyceae,Dinophyceae_X,Dinophyceae_XX,Dinophyceae_XXX,Dinophyceae_XXX_sp.
f9a7bbb1ddaf466d93011438fec09960,Eukaryota,TSAR_Alveolata_Dinoflagellata,Syndiniales,Dino-Group-I,Dino-Group-I-Clade-2,Dino-Group-I-Clade-2_X,Dino-Group-I-Clade-2_X_sp.
9e6cf4824ddb1c54e3a5d592edc9c088,Eukaryota,TSAR_Alveolata_Dinoflagellata,Dinophyceae,Dinophyceae_X,Dinophyceae_XX,Dinophyceae_XXX,Dinophyceae_XXX_sp.
b978e66cede7043ac88f347700e7c37a,Eukaryota,TSAR_Alveolata_Dinoflagellata,Syndiniales,Dino-Group-II,Dino-Group-II-Clade-6,Dino-Group-II-Clade-6_X,Dino-Group-II-Clade-6_X_sp.
cfdc3957415e62dff6aa5e880128d41f,Eukaryota,TSAR_Alveolata_Dinoflagellata,Dinophyceae,Dinophyceae_X,Dinophyceae_XX,Dinophyceae_XXX,Dinophyceae_XXX_sp.
b718394a05ad1d5c095d6908790c9333,Eukaryota,Cryptista_Cryptophyta_Cryptophyta_X,Cryptophyceae,Goniomonadales,Goniomonadales_X,Goniomonas,Goniomonas_sp.
aabcd474793d57297cc9600870be2b46,Eukaryota,TSAR_Stramenopiles_Bigyra,Opalozoa,Nanomonadea,MAST-3,MAST-3K,MAST-3K_sp.
922279d626c67f8f45fa8419ec2b244c,Eukaryota,TSAR_Alveolata_Dinoflagellata,Dinophyceae,Dinophyceae_X,Dinophyceae_XX,Dinophyceae_XXX,Dinophyceae_XXX_sp.
f6220e851bfc42e892244ae24dca7b33,Eukaryota,TSAR_Alveolata_Dinoflagellata,Dinophyceae,Gymnodiniales,Gymnodiniaceae,Akashiwo,Akashiwo_sanguinea
82610363334cfd963b6045b65fc32b25,Eukaryota,TSAR_Rhizaria_Radiolaria,Polycystinea,Nassellaria,Sphaerozoidae,Sphaerozoum,
410d6e0756a314ce99cff3577bb713d9,Eukaryota,TSAR_Stramenopiles_Bigyra,Sagenista,Sagenista_X,MAST-8,,
666f4bcf76f4d0bdfab7ef0b93de756f,Eukaryota,TSAR_Alveolata_Dinoflagellata,,,,,
d453fc647de9f5f37a17a6b8f2adff2a,Eukaryota,TSAR_Alveolata_Dinoflagellata,Dinophyceae,,,,
e9587843fedb75486ab68eb0d91852d4,Eukaryota,Archaeplastida_Picozoa_Picozoa_subdivision_4,Picozoa_subdivision_4_X,Picozoa_subdivision_4_XX,Picozoa_subdivision_4_XXX,Picozoa_subdivision_4_XXXX,Picozoa_subdivision_4_XXXX_sp.
42a048536d524dc17706d0a5a19b3276,Eukaryota,TSAR_Alveolata_Dinoflagellata,Dinophyceae,,,,
6357d6a501fd6049be437514a2fb66fc,Eukaryota,TSAR_Alveolata_Dinoflagellata,Syndiniales,Dino-Group-II,Dino-Group-II-Clade-10-and-11,Dino-Group-II-Clade-10-and-11_X,Dino-Group-II-Clade-10-and-11_X_sp.
75add3ab5bc19fe28f6fea492cf2e1a3,Eukaryota,TSAR_Alveolata_Dinoflagellata,Syndiniales,Dino-Group-I,Dino-Group-I-Clade-3,Dino-Group-I-Clade-3_X,Dino-Group-I-Clade-3_X_sp.
96942dda70a2f01feec6a4faf3321a97,Eukaryota,Obazoa_Opisthokonta_Fungi,Basidiomycota,Ustilaginomycotina,Exobasidiomycetes,Exobasidiomycetes_X,Exobasidiomycetes_X_sp.
f92bba9b6d26f5df15fbf76e562e7ae6,Eukaryota,TSAR_Alveolata_Dinoflagellata,Dinophyceae,Torodiniales,Torodiniaceae,Torodinium,Torodinium_teredo
1b9854504a9b206f24bfc056e61bc3eb,Eukaryota,TSAR_Alveolata_Dinoflagellata,Syndiniales,Dino-Group-II,,,
3b96872f1c42aeda2acc449f93f87b8b,Eukaryota,TSAR_Alveolata_Dinoflagellata,Syndiniales,Dino-Group-II,Dino-Group-II-Clade-6,Dino-Group-II-Clade-6_X,Dino-Group-II-Clade-6_X_sp.
fe1d48664ec6c242662ca81bdd8798bc,Eukaryota,TSAR_Rhizaria_Radiolaria,Polycystinea,Spumellaria,Astrosphaeridae,Cladococcus,Cladococcus_scoparius
77410666d4877d8f04051bb5a7b713fe,Eukaryota,Obazoa_Opisthokonta_Choanoflagellata,Choanoflagellatea,Acanthoecida,Stephanoecidae_Group_D,Stephanoecidae_Group_D_X,Stephanoecidae_Group_D_X_sp.
f49e43f72f6249a9a7fede825e8e05f4,Eukaryota,TSAR_Alveolata_Dinoflagellata,Dinophyceae,Prorocentrales,Prorocentraceae,Prorocentrum,Prorocentrum_sp.
c036d2170e3038c44661ddb5b0dc76d3,Eukaryota,TSAR_Alveolata_Dinoflagellata,Syndiniales,Dino-Group-II,Dino-Group-II-Clade-20,Dino-Group-II-Clade-20_X,Dino-Group-II-Clade-20_X_sp.
068754f8f90f9be140f0e53c8977112a,Eukaryota,Haptista_Haptophyta_Haptophyta_X,Prymnesiophyceae,Prymnesiales,Chrysochromulinaceae,Chrysochromulina,Chrysochromulina_sp.
dc67da158b05820b80d3190b1e1275eb,Eukaryota,Excavata_Discoba_Euglenozoa,Diplonemea,Diplonemida,Eupelagonemidae,Eupelagonemidae_X,Eupelagonemidae_X_sp.
5f382176b8391c658b76407c2f32092e,Eukaryota,TSAR_Alveolata_Dinoflagellata,Syndiniales,Dino-Group-I,Dino-Group-I-Clade-4,Dino-Group-I-Clade-4_X,Dino-Group-I-Clade-4_X_sp.
d7fff42cce45ed7fd9c4f3626cc74726,Eukaryota,TSAR_Alveolata_Dinoflagellata,Syndiniales,Dino-Group-II,Dino-Group-II-Clade-1,Dino-Group-II-Clade-1_X,Dino-Group-II-Clade-1_X_sp.
a91e04fe4f55481abd10985b9bbb034b,Eukaryota,TSAR_Alveolata_Dinoflagellata,Syndiniales,Dino-Group-I,Dino-Group-I-Clade-5,Dino-Group-I-Clade-5_X,Dino-Group-I-Clade-5_X_sp.
b468b220504074148f714947bb8d698e,Eukaryota,TSAR_Alveolata_Dinoflagellata,Syndiniales,Dino-Group-II,Dino-Group-II-Clade-10-and-11,Dino-Group-II-Clade-10-and-11_X,Dino-Group-II-Clade-10-and-11_X_sp.
af2ab2112d2dac89436fa95a55de41b9,Eukaryota,TSAR_Alveolata_Dinoflagellata,Syndiniales,Dino-Group-II,Dino-Group-II-Clade-10-and-11,Dino-Group-II-Clade-10-and-11_X,Dino-Group-II-Clade-10-and-11_X_sp.
bc32127768687f5bf990b0fbc95816ca,Eukaryota,Haptista_Haptophyta_Haptophyta_X,Prymnesiophyceae,Phaeocystales,Phaeocystaceae,Phaeocystis,Phaeocystis_sp.
da1a9f418e1247ffdaee18a40928c449,Eukaryota,TSAR_Stramenopiles_Gyrista,Chrysophyceae,Chrysophyceae_Clade-EC2H,Chrysophyceae_Clade-EC2H_X,Chrysophyceae_Clade-EC2H_XX,Chrysophyceae_Clade-EC2H_XX_sp.
f466ba867992fab4af4fa15185a091da,Eukaryota,TSAR_Alveolata_Dinoflagellata,Syndiniales,Dino-Group-I,Dino-Group-I-Clade-5,Dino-Group-I-Clade-5_X,Dino-Group-I-Clade-5_X_sp.
c6a0385f7cab8017e455114386f2d758,Eukaryota,TSAR_Alveolata_Dinoflagellata,Syndiniales,Dino-Group-II,Dino-Group-II-Clade-9,Dino-Group-II-Clade-9_X,Dino-Group-II-Clade-9_X_sp.
dfbd6502fa605fd60d302ea7736c80e6,Eukaryota,TSAR_Alveolata_Dinoflagellata,Syndiniales,Dino-Group-II,Dino-Group-II-Clade-10-and-11,Dino-Group-II-Clade-10-and-11_X,Dino-Group-II-Clade-10-and-11_X_sp.
a4d988a880bbc79b3b2a93b7f799e424,Eukaryota,TSAR_Alveolata_Dinoflagellata,Dinophyceae,Peridiniales,Heterocapsaceae,Heterocapsa,
6fb7bd4e9ea3f7074a92aaa250543405,Eukaryota,Archaeplastida_Chlorophyta_Chlorophyta_X,Mamiellophyceae,Mamiellales,Mamiellaceae,Micromonas,Micromonas_clade_B5
5dc7472289f907f0a299003a50aa84ed,Eukaryota,TSAR_Alveolata_Dinoflagellata,Syndiniales,Dino-Group-I,Dino-Group-I-Clade-5,Dino-Group-I-Clade-5_X,Dino-Group-I-Clade-5_X_sp.
0fdc145f079dd150aae579f719bf3f32,Eukaryota,TSAR_Alveolata_Dinoflagellata,Dinophyceae,Dinophyceae_X,Dinophyceae_XX,Dinophyceae_XXX,Dinophyceae_XXX_sp.
bfc2ec14a9f72959738c4fe0aee9ad78,Eukaryota,TSAR_Stramenopiles_Gyrista,MOCH-2,MOCH-2_X,MOCH-2_XX,MOCH-2_XXX,MOCH-2_XXX_sp.
32b3ba1a2199df7eed181e6897a42b80,Eukaryota,TSAR_Alveolata_Dinoflagellata,Syndiniales,Dino-Group-II,Dino-Group-II-Clade-6,Dino-Group-II-Clade-6_X,Dino-Group-II-Clade-6_X_sp.
bd6ebd76fe780142a7fc7f09f4b22093,Eukaryota,TSAR_Alveolata_Dinoflagellata,Syndiniales,Dino-Group-II,Dino-Group-II-Clade-14,Dino-Group-II-Clade-14_X,Dino-Group-II-Clade-14_X_sp.
b1b01948a4e288646e113d8d98e8a364,Eukaryota,TSAR_Alveolata_Dinoflagellata,Syndiniales,,,,
de8d910a4d2778e54feeef777cea19ef,Eukaryota,TSAR_Alveolata_Ciliophora,Spirotrichea,Oligotrichida,Tontoniidae,,
88d2e8d75eca5140d40bd4d95b45928d,Eukaryota,TSAR_Alveolata_Dinoflagellata,Syndiniales,Dino-Group-II,Dino-Group-II-Clade-7,Dino-Group-II-Clade-7_X,Dino-Group-II-Clade-7_X_sp.
2c8b540fb460d8b9c184cb2789b9909b,Eukaryota,TSAR_Rhizaria_Radiolaria,RAD-B,RAD-B_X,RAD-B_X_Group-III,RAD-B_X_Group-III_X,RAD-B_X_Group-III_X_sp.
cf2deb87ffc97427411c0e782e4bc7fa,Eukaryota,TSAR_Alveolata_Dinoflagellata,Syndiniales,Dino-Group-I,Dino-Group-I-Clade-5,Dino-Group-I-Clade-5_X,Dino-Group-I-Clade-5_X_sp.
c66491a34cfffb604ee9bb38556077b5,Eukaryota,TSAR_Alveolata_Dinoflagellata,Syndiniales,Dino-Group-II,Dino-Group-II-Clade-10-and-11,Dino-Group-II-Clade-10-and-11_X,Dino-Group-II-Clade-10-and-11_X_sp.
f1fbec3c75b11fb7a63c819a03cde8ea,Eukaryota,TSAR_Alveolata_Dinoflagellata,Syndiniales,Dino-Group-I,Dino-Group-I-Clade-4,Dino-Group-I-Clade-4_X,Dino-Group-I-Clade-4_X_sp.
38a00572c1f881b6ece2ff1524e51c17,Eukaryota,Archaeplastida_Chlorophyta_Chlorophyta_X,Prasino-Clade-9,Prasino-Clade-9_X,Prasino-Clade-9_XX,Prasino-Clade-9_XXX,Prasino-Clade-9_XXX_sp.
b74fd733895198671b7faefad488d49c,Eukaryota,TSAR_Alveolata_Dinoflagellata,Syndiniales,Dino-Group-II,Dino-Group-II-Clade-26,Dino-Group-II-Clade-26_X,Dino-Group-II-Clade-26_X_sp.
c0f5c755ced80342364ffc131e187291,Eukaryota,TSAR_Alveolata_Ciliophora,Colpodea,Colpodea_X,Colpodida,Colpoda,Colpoda_steinii
ed27ee226aee4ace0434cbbec54cab3a,Eukaryota,TSAR_Alveolata_Dinoflagellata,Syndiniales,Dino-Group-I,Dino-Group-I-Clade-5,Dino-Group-I-Clade-5_X,Dino-Group-I-Clade-5_X_sp.
c9477f985968c99581ae7ac3c78ea8bf,Eukaryota,TSAR_Alveolata_Dinoflagellata,Syndiniales,Dino-Group-II,Dino-Group-II-Clade-1,Dino-Group-II-Clade-1_X,Dino-Group-II-Clade-1_X_sp.
2e53cfa5a5b85f3a0ab21f96b1d00804,Eukaryota,TSAR_Stramenopiles_Bigyra,Opalozoa,Nanomonadea,MAST-3,MAST-3F,MAST-3F_sp.
bc9eb2ededd19e2fb352e5983231bb8a,Eukaryota,TSAR_Alveolata_Ciliophora,Spirotrichea,Choreotrichida,Choreotrichida_X,Choreotrichida_XX,Choreotrichida_XX_sp.
662fb6d892d46eedeea331c99b4fcf34,Eukaryota,TSAR_Alveolata_Dinoflagellata,Dinophyceae,Gonyaulacales,Ceratiaceae,Tripos,
3996bcc382ae196b6e746f2123ce9950,Eukaryota,TSAR_Stramenopiles_Bigyra,Sagenista,Sagenista_X,MAST-10,MAST-10_X,MAST-10_X_sp.
1303c81631676c89b280514b33a3121d,Eukaryota,TSAR_Alveolata_Dinoflagellata,Dinophyceae,Dinophyceae_X,Dinophyceae_XX,Dinophyceae_XXX,Dinophyceae_XXX_sp.
601763c9263df340dc059c18c8be75e2,Eukaryota,TSAR_Rhizaria_Radiolaria,RAD-C,RAD-C_X,RAD-C_Xb,RAD-C_Xb_X,RAD-C_Xb_X_sp.
c3046f5f6614ed363ccb2edcd25c09eb,Eukaryota,Haptista_Haptophyta_Haptophyta_X,Prymnesiophyceae,Prymnesiales,Chrysochromulinaceae,Chrysochromulina,Chrysochromulina_sp.
a072c903aeb12b7a9a11bb5b7a55afa2,Eukaryota,TSAR_Alveolata_Dinoflagellata,Dinophyceae,Suessiales,Suessiaceae,Biecheleriopsis,Biecheleriopsis_adriatica
eaba26b7a0a8230457bc6283bef689c1,Eukaryota,TSAR_Alveolata_Dinoflagellata,Syndiniales,Dino-Group-II,Dino-Group-II-Clade-1,Dino-Group-II-Clade-1_X,Dino-Group-II-Clade-1_X_sp.
99e8d666d82fcd18a65f74cfc97219c0,Eukaryota,TSAR_Stramenopiles_Gyrista,Dictyochophyceae,Dictyochophyceae_X,Pedinellales,Pedinellales_X,Pedinellales_X_sp.
39f244c6e7c3100d3fa32a48b1a5e270,Eukaryota,TSAR_Alveolata_Dinoflagellata,Dinophyceae,Dinophyceae_X,Dinophyceae_XX,Dinophyceae_XXX,Dinophyceae_XXX_sp.
207df8a7f0ed8b8c20ad8f06448c6deb,Eukaryota,TSAR_Alveolata_Dinoflagellata,Syndiniales,Dino-Group-II,Dino-Group-II-Clade-14,Dino-Group-II-Clade-14_X,Dino-Group-II-Clade-14_X_sp.
5478eee61b46804d229a59c809400761,Eukaryota,TSAR_Alveolata_Ciliophora,Spirotrichea,Choreotrichida-Tintinnina,Undellidae,Undellidae_X,Undellidae_X_sp.
844c07b1830cf8dff5a9f4d84831a3a9,Eukaryota,TSAR_Alveolata_Dinoflagellata,Syndiniales,Dino-Group-II,Dino-Group-II-Clade-6,Dino-Group-II-Clade-6_X,Dino-Group-II-Clade-6_X_sp.
042c39ada131515e2e6891f8d1d00456,Eukaryota,TSAR_Alveolata_Dinoflagellata,Syndiniales,Dino-Group-II,,,
2f30f61fa0c0ded5d47c9bb674d96032,Eukaryota,Haptista_Haptophyta_Haptophyta_X,Haptophyta_Clade_HAP4,Haptophyta_Clade_HAP4_X,Haptophyta_Clade_HAP4_XX,Haptophyta_Clade_HAP4_XXX,Haptophyta_Clade_HAP4_XXX_sp.
76a83cd76bd0d9b2081d977bff28a4eb,Eukaryota,TSAR_Alveolata_Dinoflagellata,Dinophyceae,Dinophyceae_X,Dinophyceae_XX,Dinophyceae_XXX,Dinophyceae_XXX_sp.
bc9065df6bcc4056f7fbe2fe40aded7e,Eukaryota,Obazoa_Opisthokonta_Fungi,Chytridiomycota,,,,
119e0a796605c3cc9fcb7c07c862dd61,Eukaryota,TSAR_Alveolata_Dinoflagellata,Syndiniales,Dino-Group-I,Dino-Group-I-Clade-5,Dino-Group-I-Clade-5_X,Dino-Group-I-Clade-5_X_sp.
d593a42d7d02b1262f0d9010da5d0599,Eukaryota,TSAR_Rhizaria_Radiolaria,RAD-A,RAD-A_X,RAD-A_Xb,RAD-A_Xb_X,RAD-A_Xb_X_sp.
0bc842c387915da0921439756cd9b98a,Eukaryota,TSAR_Alveolata_Dinoflagellata,Syndiniales,Dino-Group-II,Dino-Group-II-Clade-7,Dino-Group-II-Clade-7_X,Dino-Group-II-Clade-7_X_sp.
5197a4605df17d17bff073549a2799d8,Eukaryota,TSAR_Stramenopiles_Gyrista,Chrysophyceae,Chrysophyceae_Clade-EC2H,Chrysophyceae_Clade-EC2H_X,Chrysophyceae_Clade-EC2H_XX,Chrysophyceae_Clade-EC2H_XX_sp.
ba98d8ae5ee1ed2733dc5c6b1176e54d,Eukaryota,TSAR_Stramenopiles_Gyrista,Chrysophyceae,Chrysophyceae_Clade-EC2I,Chrysophyceae_Clade-EC2I_X,Chrysophyceae_Clade-EC2I_XX,Chrysophyceae_Clade-EC2I_XX_sp.
8ea321642ff01fa142e2065e026beaea,Eukaryota,TSAR_Alveolata_Ciliophora,Phyllopharyngea,Cyrtophoria_1,PHYLL_4,PHYLL_4_X,PHYLL_4_X_sp.
feee9e42081bfd1309d875b68dc128d5,Eukaryota,TSAR_Rhizaria_Radiolaria,Acantharea,Acantharea_B,Acantharea_B1,Acanthochiasma,Acanthochiasma_sp.
583b8d2ae1d9075e54af924e82900a62,Eukaryota,TSAR_Rhizaria_Cercozoa,Filosa-Imbricatea,Filosa-Imbricatea_X,Novel-clade-2,Novel-clade-2_X,Novel-clade-2_X_sp.
3cf9cfd074e74ee97b627dec339f27cd,Eukaryota,TSAR_Alveolata_Dinoflagellata,Syndiniales,Dino-Group-II,Dino-Group-II_X,Dino-Group-II_XX,Dino-Group-II_XX_sp.
fe842c5f9422abf86e0892380bd2ba19,Eukaryota,Excavata_Discoba_Euglenozoa,Diplonemea,Diplonemida,Eupelagonemidae,Eupelagonemidae_X,Eupelagonemidae_X_sp.
cb5b55f07ce8b4130bda6b8942977d7e,Eukaryota,TSAR_Alveolata_Dinoflagellata,Dinophyceae,Dinophysales,Oxyphysiaceae,Phalachroma,
a96a843ef5757671e9ee525161787dd0,Eukaryota,TSAR_Stramenopiles_Gyrista,Mediophyceae,Mediophyceae_X,Mediophyceae_XX,Mediophyceae_XXX,Mediophyceae_XXX_sp.
1cb52cb98491300f3c846eb86165f30e,Eukaryota,TSAR_Alveolata_Dinoflagellata,Syndiniales,Dino-Group-II,Dino-Group-II-Clade-7,Dino-Group-II-Clade-7_X,Dino-Group-II-Clade-7_X_sp.
30f7003f07d017161abae3ff5003328d,Eukaryota,TSAR_Alveolata_Dinoflagellata,Syndiniales,Dino-Group-I,Dino-Group-I-Clade-5,Dino-Group-I-Clade-5_X,Dino-Group-I-Clade-5_X_sp.
b1a923dfffa8bda47feb2e5e839837ff,Eukaryota,TSAR_Rhizaria_Radiolaria,Polycystinea,Nassellaria,Sethophormidae,Protoscenium,Protoscenium_intricatum
5a29bc9df0ca68a01489c2c12e23799d,Eukaryota,Haptista_Haptophyta_Haptophyta_X,Prymnesiophyceae,Prymnesiales,Chrysochromulinaceae,Chrysochromulina,Chrysochromulina_sp.
6c0bd33a973efba974773152e51af955,Eukaryota,TSAR_Stramenopiles_Gyrista,Chrysophyceae,Paraphysomonadales,Paraphysomonadales_Clade-EC1Ga,Paraphysomonadales_Clade-EC1Ga_X,Paraphysomonadales_Clade-EC1Ga_X_sp.
0a46f35efa6a7740336df008a5adc431,Eukaryota,TSAR_Alveolata_Dinoflagellata,Dinophyceae,Dinophyceae_X,Dinophyceae_XX,Dinophyceae_XXX,Dinophyceae_XXX_sp.
662b460c7217918a0357f57bd7ace3a6,Eukaryota,TSAR_Alveolata_Dinoflagellata,Syndiniales,Dino-Group-I,Dino-Group-I-Clade-5,Dino-Group-I-Clade-5_X,Dino-Group-I-Clade-5_X_sp.
cd4201e95f1675bc2400cb246f0cb5cf,Eukaryota,TSAR_Rhizaria_Radiolaria,RAD-B,RAD-B_X,RAD-B_X_Group-Ib,RAD-B_X_Group-Ib_X,RAD-B_X_Group-Ib_X_sp.
da4eb314b6f5bd84698d1c163886b461,Eukaryota,TSAR_Alveolata_Dinoflagellata,Dinophyceae,Dinophyceae_X,Dinophyceae_XX,Dinophyceae_XXX,Dinophyceae_XXX_sp.
7a24e420b0fef024ceaa1d23341bf5d1,Eukaryota,TSAR_Alveolata_Dinoflagellata,Dinophyceae,Dinophyceae_X,Dinophyceae_XX,Dinophyceae_XXX,Dinophyceae_XXX_sp.
ac2b481c4430aff8a9439b201e304f14,Eukaryota,TSAR_Stramenopiles_Gyrista,Gyrista_X,Gyrista_XX,MAST-1,MAST-1A,MAST-1A_sp.
d2a79674023049bc5147f616c6f7f538,Eukaryota,TSAR_Alveolata_Dinoflagellata,Syndiniales,Dino-Group-II,Dino-Group-II-Clade-21,Dino-Group-II-Clade-21_X,Dino-Group-II-Clade-21_X_sp.
fd02a8beede419ada43212047d2c404b,Eukaryota,TSAR_Alveolata_Dinoflagellata,Syndiniales,Dino-Group-II,Dino-Group-II-Clade-16,Dino-Group-II-Clade-16_X,Dino-Group-II-Clade-16_X_sp.
052e33104482f42899c98f167c87bb9f,Eukaryota,TSAR_Alveolata_Dinoflagellata,Syndiniales,Dino-Group-II,Dino-Group-II-Clade-7,Dino-Group-II-Clade-7_X,Dino-Group-II-Clade-7_X_sp.
ab12ca06d9bc0e4244ec6ff2ce6181b3,Eukaryota,Archaeplastida_Chlorophyta_Chlorophyta_X,Trebouxiophyceae,Chlorellales,Chlorellales_X,Picochlorum,Picochlorum_sp.
4eb25be9010f0cf6cc6678ca58768d80,Eukaryota,Excavata_Discoba_Euglenozoa,Diplonemea,Diplonemida,Eupelagonemidae,Eupelagonemidae_X,Eupelagonemidae_X_sp.
e236b2d651844b4cfba59d813137b6aa,Eukaryota,TSAR_Stramenopiles_Bigyra,Sagenista,Sagenista_X,MAST-4,MAST-4D,MAST-4D_sp.
333f35bb2cface7d3c78daec76e4a46b,Eukaryota,TSAR_Alveolata_Dinoflagellata,Syndiniales,Dino-Group-II,Dino-Group-II-Clade-6,Dino-Group-II-Clade-6_X,Dino-Group-II-Clade-6_X_sp.
78cabb6e8682d78b4404e9b263942210,Eukaryota,TSAR_Alveolata_Dinoflagellata,Syndiniales,Dino-Group-I,Dino-Group-I-Clade-5,Dino-Group-I-Clade-5_X,Dino-Group-I-Clade-5_X_sp.
b66fe2a73e7b939114a0398ef0a3f7f1,Eukaryota,TSAR_Rhizaria_Radiolaria,Polycystinea,Spumellaria,Euchitoniidae,,
5ff09c42f9579f4021bd2ea32d67314e,Eukaryota,TSAR_Alveolata_Dinoflagellata,Syndiniales,Dino-Group-II,Dino-Group-II-Clade-26,Dino-Group-II-Clade-26_X,Dino-Group-II-Clade-26_X_sp.
d3eb6ad0e650b1cc051d4d64ddc9969d,Eukaryota,TSAR_Alveolata_Dinoflagellata,Syndiniales,Dino-Group-I,Dino-Group-I-Clade-1,Dino-Group-I-Clade-1_X,Dino-Group-I-Clade-1_X_sp.
6ca42191dd2c9cc786c171fa67973391,Eukaryota,TSAR_Stramenopiles_Bigyra,Sagenista,Sagenista_X,MAST-7,MAST-7B,MAST-7B_sp.
18a9eed8b371fc0dbae33d1b5a5414ab,Eukaryota,TSAR_Alveolata_Dinoflagellata,Syndiniales,Dino-Group-I,Dino-Group-I-Clade-1,Dino-Group-I-Clade-1_X,Dino-Group-I-Clade-1_X_sp.
8e27fc73829344947609b01980e83022,Eukaryota,Excavata_Discoba_Euglenozoa,Diplonemea,Diplonemida,Eupelagonemidae,Eupelagonemidae_X,Eupelagonemidae_X_sp.
1ae3accf5f7dbe42cc86af748f12a36c,Eukaryota,TSAR_Alveolata_Dinoflagellata,Dinophyceae,,,,
16470a6a4c7801cc5dcccd1223140614,Eukaryota,TSAR_Alveolata_Dinoflagellata,Syndiniales,Dino-Group-I,Dino-Group-I-Clade-5,Dino-Group-I-Clade-5_X,Dino-Group-I-Clade-5_X_sp.
7799b29d3820137fc5e99c3e00d9f2f8,Eukaryota,TSAR_Rhizaria_Cercozoa,Chlorarachniophyceae,Chlorarachnida,Chlorarachnida_X,Chlorarachnion,Chlorarachnion_reptans
c0f7136d3681a30ee6888379100d784e,Eukaryota,TSAR_Alveolata_Dinoflagellata,Syndiniales,Dino-Group-I,Dino-Group-I-Clade-6,Dino-Group-I-Clade-6_X,Dino-Group-I-Clade-6_X_sp.
9683291481adc43e0a4d7d2a21724e87,Eukaryota,TSAR_Stramenopiles_Gyrista,MOCH-5,MOCH-5_X,MOCH-5_XX,MOCH-5_XXX,MOCH-5_XXX_sp.
e7694e61fe11048f39ed6b8ec7fbcdf9,Eukaryota,TSAR_Alveolata_Dinoflagellata,Syndiniales,Dino-Group-I,Dino-Group-I-Clade-5,Dino-Group-I-Clade-5_X,Dino-Group-I-Clade-5_X_sp.
802167c4e7a4ef46bdad05c888b6acbe,Eukaryota,TSAR_Alveolata_Dinoflagellata,Syndiniales,Dino-Group-I,Dino-Group-I-Clade-5,Dino-Group-I-Clade-5_X,Dino-Group-I-Clade-5_X_sp.
e1948f3267e7661b85d824ea82e509e0,Eukaryota,TSAR_Rhizaria_Radiolaria,RAD-B,RAD-B_X,RAD-B_X_Group-IVe,RAD-B_X_Group-IVe_X,RAD-B_X_Group-IVe_X_sp.
921564200f5112328caac3d51135b1c7,Eukaryota,TSAR_Alveolata_Dinoflagellata,,,,,
3ad373664198ab38e5b923a3e51577ba,Eukaryota,Excavata_Discoba_Euglenozoa,Diplonemea,Diplonemida,Eupelagonemidae,Eupelagonemidae_X,Eupelagonemidae_X_sp.
2899956fd889d58c1f06250babdca483,Eukaryota,TSAR_Alveolata_Dinoflagellata,Syndiniales,Dino-Group-IV,Dino-Group-IV-Hematodinium-Group,Hematodinium,Hematodinium_sp.
aa3d63bddfa0e842fe28a51802b269c0,Eukaryota,Excavata_Discoba_Euglenozoa,Diplonemea,Diplonemida,Eupelagonemidae,Eupelagonemidae_X,Eupelagonemidae_X_sp.
5c63c6a01ac24ff823038f6ba6ca2615,Eukaryota,TSAR_Alveolata_Dinoflagellata,Dinophyceae,Gymnodiniales,Gymnodiniaceae,Gyrodinium,Gyrodinium_sp.
15038febaa5d0bb397a7078293ec469d,Eukaryota,TSAR_Alveolata_Dinoflagellata,Dinophyceae,Dinophyceae_X,Dinophyceae_XX,Dinophyceae_XXX,Dinophyceae_XXX_sp.
dabac0469d40ff85eeeae91e3219667a,Eukaryota,Archaeplastida_Chlorophyta_Chlorophyta_X,Mamiellophyceae,Mamiellales,Mamiellaceae,Micromonas,
f80a3be7c1ae2f871d0797a2f2e1e33d,Eukaryota,TSAR_Alveolata_Dinoflagellata,Syndiniales,Dino-Group-II,Dino-Group-II-Clade-10-and-11,Dino-Group-II-Clade-10-and-11_X,Dino-Group-II-Clade-10-and-11_X_sp.
3e114470e34361b6871a381ef5555b36,Eukaryota,TSAR_Alveolata_Dinoflagellata,Dinophyceae,Dinophyceae_X,Dinophyceae_XX,Dinophyceae_XXX,Dinophyceae_XXX_sp.
54b8ec5679d06e9935ccf3e9b4003027,Eukaryota,TSAR_Alveolata_Dinoflagellata,Syndiniales,Dino-Group-II,Dino-Group-II-Clade-8,Dino-Group-II-Clade-8_X,Dino-Group-II-Clade-8_X_sp.
40ae501a868c353d520f01a36970e044,Eukaryota,TSAR_Rhizaria_Radiolaria,RAD-B,RAD-B_X,RAD-B_X_Group-If,RAD-B_X_Group-If_X,RAD-B_X_Group-If_X_sp.
908da1a985b2adc6687424ade7c66f39,Eukaryota,TSAR_Rhizaria_Radiolaria,Polycystinea,Spumellaria,Astrosphaeridae,Heliosphaera,Heliosphaera_sp.
1dad98a765df43c8e67f712444a46e0b,Eukaryota,TSAR_Alveolata_Dinoflagellata,Syndiniales,Dino-Group-II,Dino-Group-II-Clade-22,Dino-Group-II-Clade-22_X,Dino-Group-II-Clade-22_X_sp.
4fd447fa40e2718614367b4de570c49a,Eukaryota,TSAR_Stramenopiles_Bigyra,Opalozoa,Nanomonadea,MAST-3,MAST-3D,MAST-3D_sp.
bb29e2a285b70ea20cc7a3dda51ca85c,Eukaryota,TSAR_Alveolata_Dinoflagellata,Syndiniales,Dino-Group-I,Dino-Group-I-Clade-5,Dino-Group-I-Clade-5_X,Dino-Group-I-Clade-5_X_sp.
4bfcdf9861f7e9549c3d305d654345d7,Eukaryota,TSAR_Alveolata_Dinoflagellata,Syndiniales,Dino-Group-II,Dino-Group-II-Clade-10-and-11,Dino-Group-II-Clade-10-and-11_X,Dino-Group-II-Clade-10-and-11_X_sp.
9e8e95a3baf3104e8f01b81a106accfb,Eukaryota,TSAR_Alveolata_Dinoflagellata,Syndiniales,Dino-Group-I,Dino-Group-I-Clade-5,Dino-Group-I-Clade-5_X,Dino-Group-I-Clade-5_X_sp.
df8da157b511ce0bf109c3db5dd727b5,Eukaryota,TSAR_Alveolata_Dinoflagellata,Syndiniales,Dino-Group-II,Dino-Group-II-Clade-10-and-11,Dino-Group-II-Clade-10-and-11_X,Dino-Group-II-Clade-10-and-11_X_sp.
7a55d829570e43252c664dbc126a43a8,Eukaryota,TSAR_Alveolata_Dinoflagellata,Syndiniales,Dino-Group-I,Dino-Group-I-Clade-2,Dino-Group-I-Clade-2_X,Dino-Group-I-Clade-2_X_sp.
c34191c7512bb412792ae6ad498e3a6d,Eukaryota,TSAR_Alveolata_Dinoflagellata,Syndiniales,Dino-Group-I,Dino-Group-I-Clade-5,Dino-Group-I-Clade-5_X,Dino-Group-I-Clade-5_X_sp.
f9713e1ae04ccc7df109debc3d12d11f,Eukaryota,TSAR_Alveolata_Dinoflagellata,Syndiniales,Dino-Group-II,Dino-Group-II-Clade-15,Dino-Group-II-Clade-15_X,Dino-Group-II-Clade-15_X_sp.
95373727c4f162052e8e750b7ea8df93,Eukaryota,TSAR_Rhizaria_Radiolaria,RAD-B,RAD-B_X,RAD-B_X_Group-IVe,RAD-B_X_Group-IVe_X,RAD-B_X_Group-IVe_X_sp.
2215a5bb2e87d3206d1d7c0c072be01a,Eukaryota,TSAR_Alveolata_Dinoflagellata,Syndiniales,Dino-Group-II,Dino-Group-II-Clade-16,Dino-Group-II-Clade-16_X,Dino-Group-II-Clade-16_X_sp.
696c1378bec1c0d0a49a533af95abd01,Eukaryota,TSAR_Telonemia_Telonemia_X,Telonemia_XX,Telonemia_XXX,Telonemia-Group-2,Telonemia-Group-2_X,Telonemia-Group-2_X_sp.
663135e56a35e5fa40209043bbe7accc,Eukaryota,TSAR_Alveolata_Dinoflagellata,Dinophyceae,Prorocentrales,Prorocentraceae,Prorocentrum,Prorocentrum_sp.
74dee37d5a67203570bdcd2465f1176a,Eukaryota,Haptista_Haptophyta_Haptophyta_X,Prymnesiophyceae,Prymnesiales,Chrysochromulinaceae,Chrysochromulina,Chrysochromulina_sp.
0feaf2f5b8f292d9be9cf1fc6402031e,Eukaryota,TSAR_Alveolata_Dinoflagellata,Dinophyceae,Gymnodiniales,,,
ff5f7e4d8b247ee80dd01b761cf497d1,Eukaryota,TSAR_Alveolata_Dinoflagellata,Dinophyceae,Peridiniales,Blastodiniaceae,Blastodinium,Blastodinium_contortum
0cd2eb1a53bddb89f3a7126d0a84a8d5,Eukaryota,TSAR_Alveolata_Dinoflagellata,Syndiniales,Dino-Group-II,Dino-Group-II-Clade-6,Dino-Group-II-Clade-6_X,Dino-Group-II-Clade-6_X_sp.
5e4644dc177363790c445ed8975d92f1,Eukaryota,Archaeplastida_Chlorophyta_Chlorophyta_X,Prasino-Clade-9,Prasino-Clade-9_X,Prasino-Clade-9_XX,Prasino-Clade-9_XXX,Prasino-Clade-9_XXX_sp.
38c0304103d535724832f87b98949812,Eukaryota,TSAR_Alveolata_Dinoflagellata,Syndiniales,Dino-Group-I,Dino-Group-I-Clade-5,Dino-Group-I-Clade-5_X,Dino-Group-I-Clade-5_X_sp.
402988a8c523b2c8673945aa6afcb7a6,Eukaryota,TSAR_Alveolata_Ciliophora,Spirotrichea,Oligotrichida,Oligotrichida_X,Oligotrichida_XX,Oligotrichida_XX_sp.
4d23f84bbdddd51f06687e32b7d0ec54,Eukaryota,Excavata_Discoba_Euglenozoa,Diplonemea,Diplonemida,Eupelagonemidae,Eupelagonemidae_X,Eupelagonemidae_X_sp.
1bc8ae118672fba67ba344927df562ef,Eukaryota,Haptista_Haptophyta_Haptophyta_X,Haptophyta_Clade_HAP5,Haptophyta_Clade_HAP5_X,Haptophyta_Clade_HAP5_XX,Haptophyta_Clade_HAP5_XXX,Haptophyta_Clade_HAP5_XXX_sp.
6af0db787ccde1bf1cb752a6e8d87680,Eukaryota,TSAR_Rhizaria_Radiolaria,Acantharea,Acantharea_1,Acantharea_1_X,Acantharea_1_XX,Acantharea_1_XX_sp.
e7e3e559dfd253029e795ae319bc5156,Eukaryota,Obazoa_Opisthokonta_Fungi,Basidiomycota,Agaricomycotina,Tremellomycetes,Cryptococcus,
ba26fc3a1451a7801008e95cfedc56dc,Eukaryota,TSAR_Rhizaria_Radiolaria,RAD-B,RAD-B_X,RAD-B_X_Group-Ib,RAD-B_X_Group-Ib_X,RAD-B_X_Group-Ib_X_sp.
3b05c9a8fea8c40a890c82fbf71237a4,Eukaryota,TSAR_Alveolata_Dinoflagellata,Dinophyceae,Dinophyceae_X,Dinophyceae_XX,Dinophyceae_XXX,Dinophyceae_XXX_sp.
190d8cc986dbfde5c82fab68f8f477cb,Eukaryota,Excavata_Discoba_Euglenozoa,Diplonemea,Diplonemida,Eupelagonemidae,Eupelagonemidae_X,Eupelagonemidae_X_sp.
f38998194ce9673fe760d85af6ae622c,Eukaryota,TSAR_Stramenopiles_Bigyra,Sagenista,Labyrinthulomycetes,Labyrinthulomycetes_LAB15,Labyrinthulomycetes_LAB15_X,Labyrinthulomycetes_LAB15_X_sp.
0fe2fc52163e27b828d64ed321340cc3,Eukaryota,Archaeplastida_Streptophyta_Streptophyta_X,Embryophyceae,Embryophyceae_X,Embryophyceae_XX,,
580dd43039100784e55b22b22f6f81b1,Eukaryota,TSAR_Alveolata_Dinoflagellata,Syndiniales,Dino-Group-I,Dino-Group-I-Clade-5,Dino-Group-I-Clade-5_X,Dino-Group-I-Clade-5_X_sp.
8657f5cc265f1e17f2a1f5790ce2f68e,Eukaryota,TSAR_Rhizaria_Radiolaria,RAD-B,RAD-B_X,RAD-B_X_Group-Ic,RAD-B_X_Group-Ic_X,RAD-B_X_Group-Ic_X_sp.
87121764334cf0d20abfa059dc3a8597,Eukaryota,TSAR_Alveolata_Dinoflagellata,Syndiniales,Dino-Group-IV,Dino-Group-IV-Syndinium-Group,Syndinium,Syndinium_sp.
07bec3dbca66ba173ba140cee3680fd7,Eukaryota,TSAR_Alveolata_Ciliophora,Spirotrichea,Choreotrichida,Choreotrichida_X,Choreotrichida_XX,Choreotrichida_XX_sp.
6250124134b96516ce77c38f137baf0e,Eukaryota,TSAR_Rhizaria_Radiolaria,RAD-C,RAD-C_X,RAD-C_Xa,RAD-C_Xa_X,RAD-C_Xa_X_sp.
2f0fea265c0a065d030c06bd08233d62,Eukaryota,TSAR_Alveolata_Dinoflagellata,Syndiniales,Dino-Group-II,Dino-Group-II_X,Dino-Group-II_XX,Dino-Group-II_XX_sp.
197789ed1baa245d0977eead0c5f1980,Eukaryota,TSAR_Alveolata_Dinoflagellata,Dinophyceae,Abediniales,Abediniaceae,Abedinium,Abedinium_dasypus
ba56901aaf35a64742c7b1aafe973215,Eukaryota,TSAR_Alveolata_Dinoflagellata,Syndiniales,Dino-Group-I,Dino-Group-I-Clade-5,Dino-Group-I-Clade-5_X,Dino-Group-I-Clade-5_X_sp.
d6d5ba42db3facdec620890c5b41ac6e,Eukaryota,TSAR_Alveolata_Dinoflagellata,Syndiniales,Dino-Group-II,Dino-Group-II-Clade-7,Dino-Group-II-Clade-7_X,Dino-Group-II-Clade-7_X_sp.
75c202a8c949c339564d01e3c2773650,Eukaryota,TSAR_Alveolata_Dinoflagellata,Syndiniales,Dino-Group-II,Dino-Group-II-Clade-10-and-11,Dino-Group-II-Clade-10-and-11_X,Dino-Group-II-Clade-10-and-11_X_sp.
701a0ab4e31df1605fa11bfbdfe518de,Eukaryota,TSAR_Alveolata_Dinoflagellata,Syndiniales,Dino-Group-II,Dino-Group-II-Clade-15,Dino-Group-II-Clade-15_X,Dino-Group-II-Clade-15_X_sp.
7fbe38f6808b0e624ee472890682d14c,Eukaryota,Cryptista_Kathablepharidacea_Kathablepharida,Kathablepharidea,Kathablepharidida,Kathablepharidida_X,Leucocryptos,Leucocryptos_marina
625f89c3298b652c1e8c7e3ca59f3e82,Eukaryota,TSAR_Stramenopiles_Gyrista,Chrysophyceae,Chrysophyceae_Clade-EC2H,Chrysophyceae_Clade-EC2H_X,Chrysophyceae_Clade-EC2H_XX,Chrysophyceae_Clade-EC2H_XX_sp.
e75d5f108b2006474c8be20c97d2fb31,Eukaryota,TSAR_Stramenopiles_Gyrista,Dictyochophyceae,Dictyochophyceae_X,,,
86aa7d2abeaa71ecb1a9c469333fb933,Eukaryota,TSAR_Alveolata_Dinoflagellata,Syndiniales,Dino-Group-I,Dino-Group-I-Clade-5,Dino-Group-I-Clade-5_X,Dino-Group-I-Clade-5_X_sp.
0b7b0dc2afe5e31807ba615537134d3f,Eukaryota,TSAR_Alveolata_Dinoflagellata,Syndiniales,Dino-Group-II,,,
15622cd83a7329a4dcff455e212f9779,Eukaryota,TSAR_Alveolata_Dinoflagellata,Syndiniales,Dino-Group-I,Dino-Group-I-Clade-5,Dino-Group-I-Clade-5_X,Dino-Group-I-Clade-5_X_sp.
375a608bd0af7e0285c066400763142f,Eukaryota,TSAR_Alveolata_Dinoflagellata,Syndiniales,Dino-Group-I,Dino-Group-I-Clade-5,Dino-Group-I-Clade-5_X,Dino-Group-I-Clade-5_X_sp.
cbeff8a7fa2ce27901b547295ebb9fb1,Eukaryota,Excavata_Discoba_Euglenozoa,Diplonemea,Diplonemida,Eupelagonemidae,Eupelagonemidae_X,Eupelagonemidae_X_sp.
88cd8046f0908ec6506cfd21bda2d4a8,Eukaryota,TSAR_Alveolata_Dinoflagellata,Dinophyceae,Peridiniales,Blastodiniaceae,Blastodinium,Blastodinium_galatheanum
23a310aa7b05ca0b4105968decc25822,Eukaryota,TSAR_Stramenopiles_Bigyra,Sagenista,Sagenista_X,MAST-8,,
23a754a4747369d7d2a49e92a1c435b0,Eukaryota,TSAR_Alveolata_Dinoflagellata,Dinophyceae,Gonyaulacales,Gonyaulacaceae,Gonyaulax,Gonyaulax_polygramma
f0888ca903b8ee7cc23c4f5c1aad6b3d,Eukaryota,TSAR_Alveolata_Dinoflagellata,Syndiniales,Dino-Group-II,Dino-Group-II-Clade-6,Dino-Group-II-Clade-6_X,Dino-Group-II-Clade-6_X_sp.
e41ece70ee778a889c86219f12ba740d,Eukaryota,Excavata_Discoba_Euglenozoa,Diplonemea,Diplonemida,Eupelagonemidae,Eupelagonemidae_X,Eupelagonemidae_X_sp.
e25d62e74602846c9c118a15e9d7f6ed,Eukaryota,TSAR_Alveolata_Dinoflagellata,Syndiniales,Dino-Group-II,Dino-Group-II-Clade-1,Dino-Group-II-Clade-1_X,Dino-Group-II-Clade-1_X_sp.
015527895e00a2cb2ff55ad08acc068d,Eukaryota,Archaeplastida_Chlorophyta_Chlorophyta_X,Mamiellophyceae,Mamiellales,Bathycoccaceae,Ostreococcus,Ostreococcus_tauri
ca4432f9f7f4ee64f6ceba3c9e43fbf0,Eukaryota,TSAR_Stramenopiles_Bigyra,Opalozoa,Nanomonadea,MAST-3,MAST-3I,MAST-3I_sp.
f47cd5976e1e91e717e0395919fb2e54,Eukaryota,Excavata_Discoba_Euglenozoa,Diplonemea,Diplonemida,Eupelagonemidae,Eupelagonemidae_X,Eupelagonemidae_X_sp.
c9d33b28343afa22ca62f8fdc4607584,Eukaryota,Obazoa_Opisthokonta_Fungi,Basidiomycota,Pucciniomycotina,Cystobasidiomycetes,,
74c03ecb61758e97d752ace1249df7ad,Eukaryota,TSAR_Alveolata_Dinoflagellata,Syndiniales,Dino-Group-I,Dino-Group-I-Clade-4,Dino-Group-I-Clade-4_X,Dino-Group-I-Clade-4_X_sp.
6ed9bd5523ab9674665d4c9d84ab1718,Eukaryota,Excavata_Discoba_Euglenozoa,Diplonemea,Diplonemida,Eupelagonemidae,Eupelagonemidae_X,Eupelagonemidae_X_sp.
5e402870f745929b863eb521870f0d1d,Eukaryota,TSAR_Alveolata_Dinoflagellata,Syndiniales,Dino-Group-I,Dino-Group-I-Clade-5,Dino-Group-I-Clade-5_X,Dino-Group-I-Clade-5_X_sp.
9310df759667f04909bc77ee4ed07a0b,Eukaryota,TSAR_Alveolata_Dinoflagellata,Syndiniales,Dino-Group-II,Dino-Group-II-Clade-10-and-11,Dino-Group-II-Clade-10-and-11_X,Dino-Group-II-Clade-10-and-11_X_sp.
878fa1d01f1e96f27cb6ec377026d384,Eukaryota,TSAR_Stramenopiles_Bigyra,Sagenista,Sagenista_X,MAST-11,MAST-11_X,MAST-11_X_sp.
05c3f71be894c415289e2e53070e61b8,Eukaryota,TSAR_Alveolata_Dinoflagellata,Syndiniales,Dino-Group-I,Dino-Group-I-Clade-2,Dino-Group-I-Clade-2_X,Dino-Group-I-Clade-2_X_sp.
b1d41f13928e19cb99ae8b08e7fe7750,Eukaryota,TSAR_Rhizaria_Radiolaria,RAD-A,RAD-A_X,RAD-A_Xd,RAD-A_Xd_X,RAD-A_Xd_X_sp.
cf9d3070f42a27d631f6ee8ff121ad4b,Eukaryota,Obazoa_Opisthokonta_Fungi,Fungi_X,Fungi_XX,Fungi_XXX,Fungi_XXXX,Fungi_XXXX_sp.
3d10b43ada9208e0b7ac0b375f3ce997,Eukaryota,Haptista_Haptophyta_Haptophyta_X,Prymnesiophyceae,Prymnesiales,Chrysochromulinaceae,Chrysochromulina,Chrysochromulina_sp.
439579b4e0ef133c055d623e457e9948,Eukaryota,TSAR_Alveolata_Dinoflagellata,Syndiniales,Dino-Group-I,Dino-Group-I-Clade-2,Dino-Group-I-Clade-2_X,Dino-Group-I-Clade-2_X_sp.
358a026dfecbc76427a4554dee1055fc,Eukaryota,TSAR_Stramenopiles_Bigyra,Opalozoa,Nanomonadea,MAST-3,MAST-3E,MAST-3E_sp.
5d1a8fcb6512d27df516b1d9ab017f2d,Eukaryota,TSAR_Stramenopiles_Gyrista,MOCH-2,MOCH-2_X,MOCH-2_XX,MOCH-2_XXX,MOCH-2_XXX_sp.
df4517227cd5a0da8334ed4d420c63de,Eukaryota,TSAR_Alveolata_Dinoflagellata,Syndiniales,Dino-Group-I,Dino-Group-I-Clade-4,Dino-Group-I-Clade-4_X,Dino-Group-I-Clade-4_X_sp.
ab5eb4a804712590109ded4a0f4e8246,Eukaryota,TSAR_Alveolata_Dinoflagellata,Syndiniales,Dino-Group-II,Dino-Group-II-Clade-7,Dino-Group-II-Clade-7_X,Dino-Group-II-Clade-7_X_sp.
7a4e2dbaec43f20b1a62299252b5bf6f,Eukaryota,TSAR_Alveolata_Dinoflagellata,Syndiniales,Dino-Group-I,Dino-Group-I-Clade-5,Dino-Group-I-Clade-5_X,Dino-Group-I-Clade-5_X_sp.
dbc79a560584dc3fce7679d9c00f1761,Eukaryota,Excavata_Discoba_Euglenozoa,Diplonemea,Diplonemida,Eupelagonemidae,Eupelagonemidae_X,Eupelagonemidae_X_sp.
0d3de84afa7e7f4b61724b97acd08da4,Eukaryota,Haptista_Haptophyta_Haptophyta_X,Prymnesiophyceae,Prymnesiales,Prymnesiaceae,,
6541bd36582bc064e9df3bb1b4ce6f24,Eukaryota,Haptista_Haptophyta_Haptophyta_X,Prymnesiophyceae,Prymnesiales,Chrysochromulinaceae,Chrysochromulina,Chrysochromulina_leadbeateri
fd76d466442773cb949871c6ebce2cf5,Eukaryota,Excavata_Discoba_Euglenozoa,Diplonemea,Diplonemida,Eupelagonemidae,Eupelagonemidae_X,Eupelagonemidae_X_sp.
07613f5143978f72fe5779ca8c4d8fe5,Eukaryota,TSAR_Alveolata_Dinoflagellata,Syndiniales,Dino-Group-II,Dino-Group-II-Clade-10-and-11,Dino-Group-II-Clade-10-and-11_X,Dino-Group-II-Clade-10-and-11_X_sp.
0a5655e90bbd89aaf617f1cdc8a9ea50,Eukaryota,Archaeplastida_Chlorophyta_Chlorophyta_X,Pyramimonadophyceae,Pyramimonadales,Pyramimonadaceae,Pyramimonas,
298b9582664f458e35f5893fd0635a6c,Eukaryota,TSAR_Rhizaria_Radiolaria,Polycystinea,Spumellaria,Astrosphaeridae,Cladococcus,Cladococcus_scoparius
e4954b5311b629728a3dfca5d6fc4c91,Eukaryota,TSAR_Alveolata_Dinoflagellata,Syndiniales,Dino-Group-II,Dino-Group-II-Clade-8,Dino-Group-II-Clade-8_X,Dino-Group-II-Clade-8_X_sp.
a72f0b83458cf23d63259acb9e0170c5,Eukaryota,TSAR_Alveolata_Dinoflagellata,Syndiniales,Dino-Group-II,Dino-Group-II-Clade-1,Dino-Group-II-Clade-1_X,Dino-Group-II-Clade-1_X_sp.
81acd089891a4e46ab10d32311bec115,Eukaryota,TSAR_Stramenopiles_Gyrista,Chrysophyceae,Paraphysomonadales,Paraphysomonadales_Clade-EC1Ga,Paraphysomonadales_Clade-EC1Ga_X,Paraphysomonadales_Clade-EC1Ga_X_sp.
0eb684c087a1587135508ba7cff11cea,Eukaryota,TSAR_Stramenopiles_Bigyra,Sagenista,Sagenista_X,MAST-7,MAST-7D,MAST-7D_sp.
a01c380c308a85def437355393fbb2ce,Eukaryota,TSAR_Alveolata_Dinoflagellata,Syndiniales,Dino-Group-II,Dino-Group-II-Clade-6,Dino-Group-II-Clade-6_X,Dino-Group-II-Clade-6_X_sp.
bbefa9c564c6481e8ebc2a1061ea6b82,Eukaryota,TSAR_Stramenopiles_Gyrista,Bolidophyceae,Parmales,Triparmaceae,Triparma,Triparma_mediterranea
a2c19955ca495bd1478b62d9e48bf08b,Eukaryota,Excavata_Discoba_Euglenozoa,Diplonemea,Diplonemida,Eupelagonemidae,Eupelagonemidae_X,Eupelagonemidae_X_sp.
f34b9db01539b98d0a31d6a99165ce7e,Eukaryota,TSAR_Alveolata_Dinoflagellata,Syndiniales,Dino-Group-II,Dino-Group-II-Clade-10-and-11,Dino-Group-II-Clade-10-and-11_X,Dino-Group-II-Clade-10-and-11_X_sp.
a448e4f45611c6e63ec061b74a5f8945,Eukaryota,TSAR_Alveolata_Dinoflagellata,Syndiniales,Dino-Group-I,Dino-Group-I-Clade-4,Dino-Group-I-Clade-4_X,Dino-Group-I-Clade-4_X_sp.
cecb6d2e10cf879ba65549b3653ab9b9,Eukaryota,TSAR_Alveolata_Dinoflagellata,Syndiniales,,,,
04bdacfea5409d29b23a37672c7121bb,Eukaryota,TSAR_Alveolata_Dinoflagellata,Syndiniales,Dino-Group-II,Dino-Group-II-Clade-7,Dino-Group-II-Clade-7_X,Dino-Group-II-Clade-7_X_sp.
5c42fd9b6834142b6432bb23acb11e49,Eukaryota,TSAR_Alveolata_Dinoflagellata,Syndiniales,Dino-Group-II,,,
94241ceb10e0e76e86c07af3fc9c28ca,Eukaryota,TSAR_Alveolata_Dinoflagellata,Syndiniales,Dino-Group-V,Dino-Group-V_X,Dino-Group-V_XX,Dino-Group-V_XX_sp.
4a4df6ffe870fb684e97e56997463fa7,Eukaryota,TSAR_Alveolata_Dinoflagellata,Syndiniales,Dino-Group-II,Dino-Group-II-Clade-10-and-11,Dino-Group-II-Clade-10-and-11_X,Dino-Group-II-Clade-10-and-11_X_sp.
2ce1930a386effca5a47375e2a71b006,Eukaryota,TSAR_Alveolata_Dinoflagellata,Syndiniales,Dino-Group-II,Dino-Group-II-Clade-22,Dino-Group-II-Clade-22_X,Dino-Group-II-Clade-22_X_sp.
a61fdaad41ab748bff26c96bbd9a38fe,Eukaryota,Haptista_Haptophyta_Haptophyta_X,,,,,
218aeca5882f4f147d9e4e92d7514dc8,Eukaryota,TSAR_Alveolata_Dinoflagellata,Syndiniales,Dino-Group-I,Dino-Group-I-Clade-5,Dino-Group-I-Clade-5_X,Dino-Group-I-Clade-5_X_sp.
4a3c1230113fc9f528b98d359c483549,Eukaryota,TSAR_Alveolata_Dinoflagellata,Syndiniales,Dino-Group-II,Dino-Group-II-Clade-22,Dino-Group-II-Clade-22_X,Dino-Group-II-Clade-22_X_sp.
6e67ba6d414974b40dd07b99ce181b55,Eukaryota,Archaeplastida_Chlorophyta_Chlorophyta_X,Pyramimonadophyceae,Pyramimonadales,Pyramimonadaceae,Pyramimonas,Pyramimonas_sp.
c588982122a27a7826fc4cc0b9e26e69,Eukaryota,TSAR_Stramenopiles_Bigyra,Opalozoa,Nanomonadea,MAST-3,MAST-3F,MAST-3F_sp.
43cc032e760126f47ee3f4ee2d823488,Eukaryota,TSAR_Alveolata_Dinoflagellata,Syndiniales,Dino-Group-II,Dino-Group-II-Clade-10-and-11,Dino-Group-II-Clade-10-and-11_X,Dino-Group-II-Clade-10-and-11_X_sp.
9d2ed7b1790f631f8a677c4280d3cd47,Eukaryota,TSAR_Alveolata_Dinoflagellata,Syndiniales,Dino-Group-II,Dino-Group-II-Clade-5,Dino-Group-II-Clade-5_X,Dino-Group-II-Clade-5_X_sp.
7179f324e7763bdd2b960186d29215b7,Eukaryota,TSAR_Alveolata_Dinoflagellata,Syndiniales,Dino-Group-II,Dino-Group-II-Clade-14,Dino-Group-II-Clade-14_X,Dino-Group-II-Clade-14_X_sp.
d3411d9361fe7d78acdc6b5ff25368e3,Eukaryota,Obazoa_Opisthokonta_Fungi,Ascomycota,Saccharomycotina,Saccharomycetales,,
21aa0b4b7e9a1c0c1faf3321078f433e,Eukaryota,Obazoa_Opisthokonta_Choanoflagellata,Choanoflagellatea,Craspedida,Monosigidae_Group_A,Monosiga,Monosiga_brevicollis
46a6e4b7f14e138efc5284c0e92c93bf,Eukaryota,TSAR_Rhizaria_Radiolaria,RAD-B,RAD-B_X,Taxopodida,Sticholonche,Sticholonche_sp.
785792d7ab457b0f712964bf80e734ff,Eukaryota,Haptista_Haptophyta_Haptophyta_X,Prymnesiophyceae,Phaeocystales,Phaeocystaceae,Phaeocystis,
20c24d1e1ce91e90ae6067b14ffd5247,Eukaryota,TSAR_Alveolata_Dinoflagellata,Syndiniales,Dino-Group-I,Dino-Group-I-Clade-3,Dino-Group-I-Clade-3_X,Dino-Group-I-Clade-3_X_sp.
04e6a36d7b6820fd19ded64264012590,Eukaryota,TSAR_Alveolata_Dinoflagellata,Dinophyceae,Peridiniales,Blastodiniaceae,Blastodinium,
67f514031b78e9d8591c9147bf97afd1,Eukaryota,TSAR_Alveolata_Dinoflagellata,Syndiniales,Dino-Group-II,Dino-Group-II-Clade-7,Dino-Group-II-Clade-7_X,Dino-Group-II-Clade-7_X_sp.
8acf03e0e262143b9673ef1c367c7505,Eukaryota,TSAR_Stramenopiles_Bigyra,Sagenista,Sagenista_X,MAST-7,MAST-7E,MAST-7E_sp.
75a23ee08acd77b1f0f9d4464825bea9,Eukaryota,TSAR_Alveolata_Dinoflagellata,Syndiniales,Dino-Group-II,Dino-Group-II_X,Dino-Group-II_XX,Dino-Group-II_XX_sp.
b0ffdac046ad85229dce32e366a6df06,Eukaryota,TSAR_Alveolata_Dinoflagellata,Syndiniales,Dino-Group-II,Dino-Group-II-Clade-7,Dino-Group-II-Clade-7_X,Dino-Group-II-Clade-7_X_sp.
650be01d9a8d773af81bdf64aa725111,Eukaryota,TSAR_Alveolata_Dinoflagellata,Syndiniales,Dino-Group-I,Dino-Group-I-Clade-8,Dino-Group-I-Clade-8_X,Dino-Group-I-Clade-8_X_sp.
93a40df08f017cc74fdb08878e2d2683,Eukaryota,TSAR_Alveolata_Dinoflagellata,Syndiniales,Dino-Group-II,,,
e5165c1e9c20b8a878d405011f582380,Eukaryota,Obazoa_Opisthokonta_Choanoflagellata,Choanoflagellatea,Acanthoecida,Stephanoecidae_Group_E,Stephanoecidae_Group_E_X,Stephanoecidae_Group_E_X_sp.
017b88664ce6931eb59fc682c53e2358,Eukaryota,TSAR_Alveolata_Dinoflagellata,Syndiniales,Dino-Group-II,Dino-Group-II-Clade-10-and-11,Dino-Group-II-Clade-10-and-11_X,Dino-Group-II-Clade-10-and-11_X_sp.
148f817d547445d1e01952d28e94eb73,Eukaryota,TSAR_Rhizaria_Radiolaria,RAD-C,RAD-C_X,RAD-C_Xa,RAD-C_Xa_X,RAD-C_Xa_X_sp.
494f80e767002e58053909988410724c,Eukaryota,TSAR_Rhizaria_Radiolaria,RAD-A,RAD-A_X,RAD-A_Xf,RAD-A_Xf_a,RAD-A_Xf_a_sp.
4c9c8b5df3beaa09b38bb2a0302a63c3,Eukaryota,TSAR_Alveolata_Dinoflagellata,Syndiniales,Dino-Group-I,Dino-Group-I-Clade-5,Dino-Group-I-Clade-5_X,Dino-Group-I-Clade-5_X_sp.
c0612ee7288a555e858aeef96e8f9ddc,Eukaryota,TSAR_Alveolata_Dinoflagellata,Syndiniales,Dino-Group-II,Dino-Group-II_X,Dino-Group-II_XX,Dino-Group-II_XX_sp.
218a3b2c9750533f6552aee9d8eb1555,Eukaryota,TSAR_Alveolata_Dinoflagellata,Syndiniales,Dino-Group-III,Dino-Group-III_X,Dino-Group-III_XX,Dino-Group-III_XX_sp.
9fba90b64f528ffd23af36e90ff825a8,Eukaryota,TSAR_Rhizaria_Radiolaria,Acantharea,Acantharea_D,Acantharea_D1,Trizoma,Trizoma_brandti
1b515d9b139a13f8d9dafa606de1b3eb,Eukaryota,TSAR_Telonemia_Telonemia_X,Telonemia_XX,Telonemia_XXX,Telonemia-Group-2,Telonemia-Group-2_X,Telonemia-Group-2_X_sp.
b9ebee0ee7ba0077412b9bb2d91b746b,Eukaryota,TSAR_Stramenopiles_Bigyra,Sagenista,Sagenista_X,MAST-4,MAST-4B,MAST-4B_sp.
3447ce120928f2b760c06af43d907601,Eukaryota,TSAR_Alveolata_Dinoflagellata,Dinophyceae,Prorocentrales,Prorocentraceae,Prorocentrum,Prorocentrum_cordatum
f754816dc9f6325f919bd08fc8f3b63c,Eukaryota,TSAR_Rhizaria_Radiolaria,Polycystinea,Spumellaria,Euchitoniidae,,
a27be12212d0ac059b943bf5702bcf68,Eukaryota,Haptista_Haptophyta_Haptophyta_X,Prymnesiophyceae,Prymnesiales,Chrysochromulinaceae,Chrysochromulina,Chrysochromulina_sp.
51ddf1a3aa4a0e7e6183803eb61fa069,Eukaryota,TSAR_Alveolata_Dinoflagellata,Syndiniales,Dino-Group-II,,,
8b76e5b5978f24a9c608539de54e5599,Eukaryota,TSAR_Alveolata_Dinoflagellata,Syndiniales,Dino-Group-II,Dino-Group-II-Clade-1,Dino-Group-II-Clade-1_X,Dino-Group-II-Clade-1_X_sp.
7f192c54dd66c2fbfdb1cbecd7319cb8,Eukaryota,TSAR_Rhizaria_Radiolaria,RAD-A,RAD-A_X,RAD-A_Xg,RAD-A_Xg_X,RAD-A_Xg_X_sp.
9f12a068d59a5838b9ebdaa4f5ce6db1,Eukaryota,Haptista_Haptophyta_Haptophyta_X,Prymnesiophyceae,Prymnesiales,Prymnesiophyceae_Clade_B4,Prymnesiophyceae_Clade_B4_X,Prymnesiophyceae_Clade_B4_X_sp.
91935e0290c9c37ab612ca8baf48417a,Eukaryota,Archaeplastida_Chlorophyta_Chlorophyta_X,Trebouxiophyceae,Chlorellales,Chlorellales_X,Picochlorum,Picochlorum_sp.
09d5b01ab76ee5b0eb5b5006114b0706,Eukaryota,TSAR_Stramenopiles_Stramenopiles_X,Stramenopiles_XX,Stramenopiles_XXX,Stramenopiles_XXXX,Stramenopiles_XXXXX,Stramenopiles_XXXXX_sp.
645ea2b965325a42427a601e46f49578,Eukaryota,TSAR_Alveolata_Dinoflagellata,Dinophyceae,Peridiniales,Podolampadaceae,Blepharocysta,
33e19082e437f40cfc2d87b669c3963f,Eukaryota,TSAR_Alveolata_Dinoflagellata,Dinophyceae,Dinophyceae_X,Dinophyceae_XX,Dinophyceae_XXX,Dinophyceae_XXX_sp.
c0cd1d5ea4f82b0f92e12155e3bfed19,Eukaryota,TSAR_Alveolata_Dinoflagellata,Dinophyceae,,,,
c448fca78c93a77a5a087dfd4e73dfc5,Eukaryota,TSAR_Alveolata_Dinoflagellata,Syndiniales,Dino-Group-II,Dino-Group-II-Clade-22,Dino-Group-II-Clade-22_X,Dino-Group-II-Clade-22_X_sp.
fb26bfbd8cfea5d7f951b51b808428b7,Eukaryota,TSAR_Alveolata_Dinoflagellata,Syndiniales,Dino-Group-I,Dino-Group-I-Clade-8,Dino-Group-I-Clade-8_X,Dino-Group-I-Clade-8_X_sp.
97a442b528842311564c1c29e5474f24,Eukaryota,TSAR_Alveolata_Dinoflagellata,Syndiniales,Dino-Group-I,Dino-Group-I_X,Dino-Group-I_XX,Dino-Group-I_XX_sp.
f385bc51802722e465c120ac62dada62,Eukaryota,TSAR_Rhizaria_Radiolaria,Acantharea,Acantharea_B,Acantharea_B2,Phyllostaurus-B2,Phyllostaurus-B2_echinoides
6db9521f7106274ef00178f9116a4075,Eukaryota,TSAR_Alveolata_Dinoflagellata,Syndiniales,Dino-Group-I,Dino-Group-I-Clade-1,Dino-Group-I-Clade-1_X,Dino-Group-I-Clade-1_X_sp.
606dcd6f511ca8c191d26c728b91c013,Eukaryota,TSAR_Alveolata_Dinoflagellata,Syndiniales,Dino-Group-II,Dino-Group-II-Clade-35,Dino-Group-II-Clade-35_X,Dino-Group-II-Clade-35_X_sp.
062b6626cf0085a893a4dab4951bf653,Eukaryota,TSAR_Alveolata_Dinoflagellata,Syndiniales,Dino-Group-I,Dino-Group-I-Clade-5,Dino-Group-I-Clade-5_X,Dino-Group-I-Clade-5_X_sp.
e363aeb1a6d6d6bd61eaeda70423ee7f,Eukaryota,TSAR_Alveolata_Dinoflagellata,Syndiniales,Dino-Group-II,Dino-Group-II-Clade-12,Dino-Group-II-Clade-12_X,Dino-Group-II-Clade-12_X_sp.
b0d63f5b636259ff5b27fd6e8479c898,Eukaryota,TSAR_Alveolata_Dinoflagellata,Syndiniales,Dino-Group-II,Dino-Group-II-Clade-13,Dino-Group-II-Clade-13_X,Dino-Group-II-Clade-13_X_sp.
3d543ced4640adffc35db4d0dcf9649d,Eukaryota,TSAR_Alveolata_Dinoflagellata,Dinophyceae,Gymnodiniales,Gymnodiniaceae,Gyrodinium,
6fccc01ae8d84f677ec55bb55b489172,Eukaryota,TSAR_Rhizaria_Cercozoa,Chlorarachniophyceae,Chlorarachnida,Chlorarachnida_X,Bigelowiella,
04dd96baaa7436849ff162c64949161d,Eukaryota,TSAR_Alveolata_Dinoflagellata,Syndiniales,Dino-Group-I,Dino-Group-I-Clade-5,Dino-Group-I-Clade-5_X,Dino-Group-I-Clade-5_X_sp.
a370f057f05f0f7d871d3f263fedfb2d,Eukaryota,TSAR_Rhizaria_Radiolaria,Acantharea,Acantharea_F,Acantharea_F2,Amphibelone,Amphibelone_heteracanthum
3d1f5abe312ea2446cb0de658d07b1e7,Eukaryota,TSAR_Alveolata_Dinoflagellata,Syndiniales,Dino-Group-II,Dino-Group-II-Clade-6,Dino-Group-II-Clade-6_X,Dino-Group-II-Clade-6_X_sp.
02b78e17fa0a5dda9f8568a89bd15e35,Eukaryota,Excavata_Discoba_Euglenozoa,Kinetoplastea,Kinetoplastea_X,Kinetoplastea_XX,Kinetoplastea_XX_MET6,Kinetoplastea_XX_MET6_sp.
45f7484e8e573f817c391e3c09f7065c,Eukaryota,TSAR_Alveolata_Dinoflagellata,Dinophyceae,Dinophyceae_X,Dinophyceae_XX,Dinophyceae_XXX,Dinophyceae_XXX_sp.
e39c9e6999b4459ab37e9d23eeec07a7,Eukaryota,TSAR_Stramenopiles_Bigyra,Opalozoa,Nanomonadea,MAST-3,MAST-3E,MAST-3E_sp.
82ea20fcf18a9340b213d9301f74de38,Eukaryota,TSAR_Alveolata_Dinoflagellata,Syndiniales,,,,
f63c02a601ba93fa0e9249bd3eac1393,Eukaryota,TSAR_Rhizaria_Radiolaria,Acantharea,Acantharea_4,Acantharea_4d,Acantharea_4d_X,Acantharea_4d_X_sp.
29b4c562b3430df39652d878453d2211,Eukaryota,TSAR_Alveolata_Dinoflagellata,Syndiniales,Dino-Group-I,Dino-Group-I-Clade-5,Dino-Group-I-Clade-5_X,Dino-Group-I-Clade-5_X_sp.
115ee827e40b43679026ef2f40500fb1,Eukaryota,TSAR_Alveolata_Dinoflagellata,Syndiniales,Dino-Group-II,Dino-Group-II-Clade-10-and-11,Dino-Group-II-Clade-10-and-11_X,Dino-Group-II-Clade-10-and-11_X_sp.
cb0aa7e8ab48fa3914408af237236f4b,Eukaryota,Haptista_Haptophyta_Haptophyta_X,Prymnesiophyceae,Prymnesiales,Prymnesiophyceae_Clade_B3,Prymnesiophyceae_Clade_B3_X,Prymnesiophyceae_Clade_B3_X_sp.
0687979b1cf4c43af19dbab5a75d801e,Eukaryota,TSAR_Alveolata_Dinoflagellata,Dinophyceae,Gonyaulacales,Protoceratiaceae,Pentaplacodinium,Pentaplacodinium_usupianum
2a8835ea4855faca8366b3eac2abf1ef,Eukaryota,TSAR_Alveolata_Dinoflagellata,Dinophyceae,Suessiales,Suessiaceae,Pelagodinium,Pelagodinium_beii
7f5b61c6d023ad450501762bda63c9de,Eukaryota,TSAR_Alveolata_Dinoflagellata,Dinophyceae,Dinophyceae_X,Dinophyceae_XX,Dinophyceae_XXX,Dinophyceae_XXX_sp.
5fabf2196a07152b85e08ce4c24d56f6,Eukaryota,TSAR_Stramenopiles_Bigyra,Sagenista,Sagenista_X,MAST-4,MAST-4B,MAST-4B_sp.
9c4918966f5cbd0b6c94c8cba04dfe40,Eukaryota,TSAR_Alveolata_Ciliophora,Oligohymenophorea,Apostomatia,Opalinopsidae,Chromidina,Chromidina_sp.
74a40580c9a3e995bf9707ef6076f6e3,Eukaryota,TSAR_Alveolata_Dinoflagellata,Syndiniales,,,,
2ba6a001810ad6cbab5a16b2063455d6,Eukaryota,TSAR_Rhizaria_Radiolaria,Acantharea,Acantharea_C,Acantharea_C1,Gigartacon-C1,Gigartacon-C1_muelleri
cd1184c6a43a2bd7985ec4ca9267c419,Eukaryota,TSAR_Alveolata_Dinoflagellata,Syndiniales,Dino-Group-I,Dino-Group-I-Clade-2,Dino-Group-I-Clade-2_X,Dino-Group-I-Clade-2_X_sp.
6b5ef5ca78949fe37ce67eb335074c86,Eukaryota,TSAR_Telonemia_Telonemia_X,Telonemia_XX,Telonemia_XXX,Telonemia-Group-2,Telonemia-Group-2_X,Telonemia-Group-2_X_sp.
0f36d66e4927fa00fb06afab3cfa10f3,Eukaryota,TSAR_Alveolata_Dinoflagellata,Syndiniales,Dino-Group-II,Dino-Group-II-Clade-4,Amoebophrya,Amoebophrya_sp.
d7e539140701a33ba30e5e11d9bbc7bc,Eukaryota,TSAR_Rhizaria_Radiolaria,RAD-B,RAD-B_X,RAD-B_X_Group-IV_X,RAD-B_X_Group-IV_XX,RAD-B_X_Group-IV_XX_sp.
a7bce8acefa9b9c3889046e715fdbb94,Eukaryota,TSAR_Alveolata_Dinoflagellata,Dinophyceae,Gonyaulacales,Pyrocystaceae,Alexandrium,
d0332ec06e0cf7284aeeb347c4399a99,Eukaryota,TSAR_Alveolata_Dinoflagellata,Syndiniales,Dino-Group-II,Dino-Group-II-Clade-30,Dino-Group-II-Clade-30_X,Dino-Group-II-Clade-30_X_sp.
3134ee9285e13a6a3baea70675ef4c35,Eukaryota,TSAR_Alveolata_Dinoflagellata,Syndiniales,Dino-Group-II,Dino-Group-II-Clade-7,Dino-Group-II-Clade-7_X,Dino-Group-II-Clade-7_X_sp.
8cf78c45bc872a0e8f1543a994f6d07c,Eukaryota,TSAR_Stramenopiles_Gyrista,Coscinodiscophyceae,Rhizosoleniales,Rhizosoleniaceae,Pseudosolenia,Pseudosolenia_calcar-avis
c3c95864c7392d59979160b0723b5d6e,Eukaryota,TSAR_Stramenopiles_Gyrista,Bacillariophyceae,Bacillariophyceae_X,Bacillariophyceae_XX,Bacillariophyceae_XXX,Bacillariophyceae_XXX_sp.
624cf84022b0c904502b8e343878a8a9,Eukaryota,TSAR_Alveolata_Dinoflagellata,Syndiniales,Dino-Group-I,Dino-Group-I-Clade-5,Dino-Group-I-Clade-5_X,Dino-Group-I-Clade-5_X_sp.
e04e2e4bff9f47e009f716584a3e972a,Eukaryota,TSAR_Alveolata_Dinoflagellata,Syndiniales,Dino-Group-II,Dino-Group-II-Clade-10-and-11,Dino-Group-II-Clade-10-and-11_X,Dino-Group-II-Clade-10-and-11_X_sp.
664a4d25cde006e1567e61c3cc0092b9,Eukaryota,TSAR_Alveolata_Dinoflagellata,Dinophyceae,Dinophyceae_X,Dinophyceae_XX,Dinophyceae_XXX,Dinophyceae_XXX_sp.
9904c09a5b1da22b0c9712e30a95378b,Eukaryota,TSAR_Stramenopiles_Gyrista,Chrysophyceae,Chrysophyceae_env_clade-II,Chrysophyceae_env_clade-II_X,Chrysophyceae_env_clade-II_XX,Chrysophyceae_env_clade-II_XX_sp.
4bb3daa6d0d37b21e39f7423dd7f7aa9,Eukaryota,TSAR_Alveolata_Dinoflagellata,Syndiniales,,,,
16082dc46d247be823f7e637e4048b72,Eukaryota,TSAR_Stramenopiles_Gyrista,Mediophyceae,Thalassiosirales,Thalassiosiraceae,Thalassiosira,
fb23cb2fd02d49f1a41c12119654aff5,Eukaryota,TSAR_Stramenopiles_Bigyra,Sagenista,Labyrinthulomycetes,Labyrinthulaceae,Aplanochytrium,Aplanochytrium_sp.
20f4fa2b89af71cf7d3f624a92d55d8e,Eukaryota,TSAR_Alveolata_Dinoflagellata,Syndiniales,Dino-Group-II,Dino-Group-II-Clade-5,Dino-Group-II-Clade-5_X,Dino-Group-II-Clade-5_X_sp.
14b15c128faca82c70cd057493e1c95a,Eukaryota,TSAR_Stramenopiles_Gyrista,Bacillariophyceae,Bacillariales,Bacillariaceae,Pseudo-nitzschia,
4f25dea9c0d5a30fa3c79b319ed0da9f,Eukaryota,TSAR_Telonemia_Telonemia_X,Telonemia_XX,Telonemia_XXX,Telonemia-Group-2,Telonemia-Group-2_X,Telonemia-Group-2_X_sp.
ceabf5bf9946d8710e63be793e136a2f,Eukaryota,TSAR_Alveolata_Dinoflagellata,Syndiniales,Dino-Group-I,Dino-Group-I-Clade-5,Dino-Group-I-Clade-5_X,Dino-Group-I-Clade-5_X_sp.
d6d295b11f67842d75cf638c7a11c3ad,Eukaryota,TSAR_Telonemia_Telonemia_X,Telonemia_XX,Telonemia_XXX,Telonemia-Group-2,Telonemia-Group-2_X,Telonemia-Group-2_X_sp.
4391da8b5f14987dd5eccd46a4afb8d4,Eukaryota,TSAR_Stramenopiles_Gyrista,Chrysophyceae,Chrysophyceae_Clade-EC2I,Chrysophyceae_Clade-EC2I_X,Chrysophyceae_Clade-EC2I_XX,Chrysophyceae_Clade-EC2I_XX_sp.
70edda4d9180826c86ff9d790a5a3967,Eukaryota,TSAR_Alveolata_Dinoflagellata,Dinophyceae,Dinophyceae_X,Dinophyceae_XX,Dinophyceae_XXX,Dinophyceae_XXX_sp.
0402360d6b67975e1aebe1cd78ba0504,Eukaryota,TSAR_Alveolata_Dinoflagellata,Syndiniales,Dino-Group-II,Dino-Group-II-Clade-7,Dino-Group-II-Clade-7_X,Dino-Group-II-Clade-7_X_sp.
9a980305a5b3a004345b0bbb0a7f4110,Eukaryota,TSAR_Alveolata_Dinoflagellata,,,,,
bec87811d095325cf45e1e3cf1ce3769,Eukaryota,TSAR_Alveolata_Dinoflagellata,Syndiniales,Dino-Group-I,Dino-Group-I-Clade-5,Dino-Group-I-Clade-5_X,Dino-Group-I-Clade-5_X_sp.
c8b624a69c2109fec1d2f7c69bb8e460,Eukaryota,TSAR_Alveolata_Dinoflagellata,Dinophyceae,,,,
8a11023b627d1fc606ac797d27834546,Eukaryota,TSAR_Alveolata_Dinoflagellata,Syndiniales,Dino-Group-II,Dino-Group-II-Clade-7,Dino-Group-II-Clade-7_X,Dino-Group-II-Clade-7_X_sp.
821faf81cd542d683a0818f0f8931678,Eukaryota,Haptista_Haptophyta_Haptophyta_X,Prymnesiophyceae,Prymnesiales,Chrysochromulinaceae,Chrysochromulina,Chrysochromulina_sp.
de282e8eeb763a0e15aebd15fffa3c2c,Eukaryota,TSAR_Stramenopiles_Bigyra,Opalozoa,Nanomonadea,MAST-3,MAST-3K,MAST-3K_sp.
d29e3973f7054be631cefeb3cd320087,Eukaryota,TSAR_Alveolata_Dinoflagellata,Syndiniales,Dino-Group-I,Dino-Group-I-Clade-5,Dino-Group-I-Clade-5_X,Dino-Group-I-Clade-5_X_sp.
12a60213c5eea700c60cee06b044d117,Eukaryota,TSAR_Alveolata_Dinoflagellata,Dinophyceae,Prorocentrales,Prorocentraceae,Prorocentrum,
fd892131a823025e697a72cf7a37b3d9,Eukaryota,TSAR_Stramenopiles_Gyrista,MOCH-5,MOCH-5_X,MOCH-5_XX,MOCH-5_XXX,MOCH-5_XXX_sp.
a4179b15a0e8369d1a7665e9ab694ab1,Eukaryota,TSAR_Alveolata_Dinoflagellata,Syndiniales,Dino-Group-II,Dino-Group-II-Clade-7,Dino-Group-II-Clade-7_X,Dino-Group-II-Clade-7_X_sp.
f1134ddc37aa31d84e714a07cce81d05,Eukaryota,TSAR_Alveolata_Dinoflagellata,Syndiniales,Dino-Group-II,Dino-Group-II-Clade-10-and-11,Dino-Group-II-Clade-10-and-11_X,Dino-Group-II-Clade-10-and-11_X_sp.
5de8f13e85fe3ce8aa3e5b371ab8790e,Eukaryota,TSAR_Stramenopiles_Bigyra,Opalozoa,Nanomonadea,MAST-3,MAST-3F,MAST-3F_sp.
ca8eaef08ca4f808c752d5c2e55345bd,Eukaryota,TSAR_Alveolata_Dinoflagellata,Syndiniales,Dino-Group-I,Dino-Group-I-Clade-2,Dino-Group-I-Clade-2_X,Dino-Group-I-Clade-2_X_sp.
dd782acfd67ed6c92dd9c1c1019e5943,Eukaryota,TSAR_Alveolata_Dinoflagellata,Syndiniales,Dino-Group-II,Dino-Group-II-Clade-1,Dino-Group-II-Clade-1_X,Dino-Group-II-Clade-1_X_sp.
8920833f810b7eea0da4015d60bdab5a,Eukaryota,TSAR_Alveolata_Dinoflagellata,Dinophyceae,Peridiniales,Blastodiniaceae,Blastodinium,Blastodinium_mangini
496cd6426db0c24f5c8e562e671201bb,Eukaryota,TSAR_Alveolata_Dinoflagellata,Syndiniales,Dino-Group-II,Dino-Group-II-Clade-7,Dino-Group-II-Clade-7_X,Dino-Group-II-Clade-7_X_sp.
3eb9fd8ee4f24d78b1669cd657b70f37,Eukaryota,TSAR_Alveolata_Dinoflagellata,Syndiniales,Dino-Group-II,Dino-Group-II-Clade-10-and-11,Dino-Group-II-Clade-10-and-11_X,Dino-Group-II-Clade-10-and-11_X_sp.
bf174820ee45cb0c2677668473a02737,Eukaryota,TSAR_Alveolata_Ciliophora,Spirotrichea,Oligotrichida,Strombidiidae,Strombidiidae_X,Strombidiidae_X_sp.
c3f6aee13c7243de580ad57c4c5e91ac,Eukaryota,TSAR_Rhizaria_Radiolaria,Acantharea,Acantharea_F,Acantharea_F3,,
cd6c6bae84efe30cf149dc4e19c06f5a,Eukaryota,TSAR_Alveolata_Dinoflagellata,Dinophyceae,Gymnodiniales,,,
6bf07f27475a15b303b557223bee3af8,Eukaryota,TSAR_Alveolata_Dinoflagellata,Syndiniales,Dino-Group-II,Dino-Group-II-Clade-10-and-11,Dino-Group-II-Clade-10-and-11_X,Dino-Group-II-Clade-10-and-11_X_sp.
448aa68468c5f68e219b7e0a78b5950a,Eukaryota,TSAR_Stramenopiles_Bigyra,Sagenista,Sagenista_X,MAST-4,MAST-4A,MAST-4A_sp.
48e5922809748773e09e4000e1fd710e,Eukaryota,Haptista_Haptophyta_Haptophyta_X,Prymnesiophyceae,Phaeocystales,Phaeocystaceae,Phaeocystis,Phaeocystis_globosa
43c2ddc38dc481e035bdcc1eab8b2cb1,Eukaryota,TSAR_Alveolata_Dinoflagellata,Syndiniales,Dino-Group-I,Dino-Group-I-Clade-5,Dino-Group-I-Clade-5_X,Dino-Group-I-Clade-5_X_sp.
895482184bbda14cf3d3a5adb7fe817c,Eukaryota,TSAR_Alveolata_Dinoflagellata,Dinophyceae,Gonyaulacales,Gonyaulacaceae,Gonyaulax,Gonyaulax_polygramma
453f38c9693e9c16a33dafaba747df3b,Eukaryota,TSAR_Alveolata_Dinoflagellata,Syndiniales,Dino-Group-II,Dino-Group-II-Clade-14,Dino-Group-II-Clade-14_X,Dino-Group-II-Clade-14_X_sp.
0c166a0a042510d5f58d8e55e8d271a6,Eukaryota,TSAR_Stramenopiles_Gyrista,Mediophyceae,Chaetocerotales,Chaetocerotaceae,Chaetoceros,Chaetoceros_lauderi
b01541c143f5f9099777c2ca14d50584,Eukaryota,TSAR_Alveolata_Dinoflagellata,Syndiniales,Dino-Group-II,Dino-Group-II-Clade-22,Dino-Group-II-Clade-22_X,Dino-Group-II-Clade-22_X_sp.
2b248287aa89a0d15aeceb5908198634,Eukaryota,Obazoa_Opisthokonta_Choanoflagellata,Choanoflagellatea,Acanthoecida,Stephanoecidae_Group_H,Stephanoecidae_Group_H_X,Stephanoecidae_Group_H_X_sp.
4cbe573396b146ef6fe7717bdb9bece1,Eukaryota,TSAR_Alveolata_Dinoflagellata,Syndiniales,Dino-Group-I,Dino-Group-I-Clade-5,Dino-Group-I-Clade-5_X,Dino-Group-I-Clade-5_X_sp.
137a447a59817f416feab5bcd9f15276,Eukaryota,TSAR_Rhizaria_Radiolaria,Polycystinea,Nassellaria,Sphaerozoidae,,
3f60751cb4c4d8c89124c19b4dde0b37,Eukaryota,TSAR_Alveolata_Dinoflagellata,Syndiniales,Dino-Group-II,Dino-Group-II_X,Dino-Group-II_XX,Dino-Group-II_XX_sp.
62effbce6bbb911f6f39f8b5ad5a269a,Eukaryota,TSAR_Alveolata_Dinoflagellata,Syndiniales,Dino-Group-II,Dino-Group-II-Clade-1,Dino-Group-II-Clade-1_X,Dino-Group-II-Clade-1_X_sp.
844323c6edee2afe7f9cef1ae739330e,Eukaryota,TSAR_Telonemia_Telonemia_X,Telonemia_XX,Telonemia_XXX,Telonemia-Group-2,Telonemia-Group-2_X,Telonemia-Group-2_X_sp.
a339e2ba090511eee868959e39667d3d,Eukaryota,TSAR_Stramenopiles_Bigyra,Opalozoa,Nanomonadea,MAST-3,MAST-3F,MAST-3F_sp.
fbb37197a2319397dd19b875136fd723,Eukaryota,Archaeplastida_Chlorophyta_Chlorophyta_X,Trebouxiophyceae,Chlorellales,Chlorellales_X,Picochlorum,Picochlorum_sp.
e0a56d6b029dc7315f6fc6429012bd83,Eukaryota,TSAR_Rhizaria_Radiolaria,RAD-B,RAD-B_X,RAD-B_X_Group-IVd,RAD-B_X_Group-IVd_X,RAD-B_X_Group-IVd_X_sp.
39a982206b4d8d28649b33100e951794,Eukaryota,TSAR_Alveolata_Dinoflagellata,Dinophyceae,Dinophyceae_X,Dinophyceae_XX,Dinophyceae_XXX,Dinophyceae_XXX_sp.
e0e0f09149b533a77d5682215577e7d8,Eukaryota,TSAR_Alveolata_Dinoflagellata,Syndiniales,Dino-Group-II,Dino-Group-II-Clade-26,Dino-Group-II-Clade-26_X,Dino-Group-II-Clade-26_X_sp.
773e2f6ab0096fc781ef4ef0addcead5,Eukaryota,Archaeplastida_Chlorophyta_Chlorophyta_X,Chlorodendrophyceae,Chlorodendrales,Chlorodendraceae,,
a6c4e58484fe5970b1622692feace51b,Eukaryota,TSAR_Alveolata_Dinoflagellata,Syndiniales,Dino-Group-II,Dino-Group-II-Clade-7,Dino-Group-II-Clade-7_X,Dino-Group-II-Clade-7_X_sp.
cada4370892db5eedbc6a79183d2a143,Eukaryota,TSAR_Alveolata_Dinoflagellata,Syndiniales,Dino-Group-II,Dino-Group-II-Clade-10-and-11,Dino-Group-II-Clade-10-and-11_X,Dino-Group-II-Clade-10-and-11_X_sp.
12a2b4d17cf0797de50ab5bc58c915d1,Eukaryota,TSAR_Alveolata_Dinoflagellata,Syndiniales,Dino-Group-I,Dino-Group-I-Clade-8,Dino-Group-I-Clade-8_X,Dino-Group-I-Clade-8_X_sp.
d585528e2261df9b3a3209cc1a1f3e8d,Eukaryota,TSAR_Alveolata_Dinoflagellata,Dinophyceae,Dinophyceae_X,Dinophyceae_XX,Dinophyceae_XXX,Dinophyceae_XXX_sp.
2cc49553b2ceda8e0a86e0bffd478cde,Eukaryota,TSAR_Alveolata_Dinoflagellata,Syndiniales,Dino-Group-II,Dino-Group-II-Clade-7,Dino-Group-II-Clade-7_X,Dino-Group-II-Clade-7_X_sp.
574ed1091690d534c253252a5c6ee703,Eukaryota,TSAR_Alveolata_Dinoflagellata,Syndiniales,Dino-Group-II,Dino-Group-II-Clade-10-and-11,Dino-Group-II-Clade-10-and-11_X,Dino-Group-II-Clade-10-and-11_X_sp.
0d6075d776019a2fa4f7186bc0f77a3f,Eukaryota,TSAR_Rhizaria_Radiolaria,Polycystinea,Spumellaria,Spongopylidae,,
658f92fe2b3bfe20b11a4872fa652fc6,Eukaryota,TSAR_Stramenopiles_Gyrista,Dictyochophyceae,Dictyochophyceae_X,Florenciellales,Florenciellales_X,Florenciellales_X_sp.
b1c8f32dd5c1967f94a4b43bf75c53cd,Eukaryota,TSAR_Stramenopiles_Gyrista,Pelagophyceae,Pelagomonadales,Pelagomonadales_clade_A,,
9c0f0bb8ede86fb854341fb4777139ab,Eukaryota,TSAR_Alveolata_Dinoflagellata,Syndiniales,Dino-Group-II,Dino-Group-II-Clade-2,Dino-Group-II-Clade-2_X,Dino-Group-II-Clade-2_X_sp.
b9e39f11ce5380f856e2af53712ebb2c,Eukaryota,TSAR_Alveolata_Dinoflagellata,Syndiniales,Dino-Group-II,,,
409a6faff315c29c535c0f69e51a9f87,Eukaryota,TSAR_Alveolata_Dinoflagellata,Syndiniales,Dino-Group-II,Dino-Group-II-Clade-7,Dino-Group-II-Clade-7_X,Dino-Group-II-Clade-7_X_sp.
bf9010991c8d1f125399167312d063dd,Eukaryota,Haptista_Haptophyta_Haptophyta_X,Prymnesiophyceae,Prymnesiales,Prymnesiaceae,,
88267817ded11c1d22224ae05f19e937,Eukaryota,TSAR_Alveolata_Dinoflagellata,Syndiniales,Dino-Group-II,Dino-Group-II-Clade-10-and-11,Dino-Group-II-Clade-10-and-11_X,Dino-Group-II-Clade-10-and-11_X_sp.
9a09d5703597eb5312330ba941a74110,Eukaryota,TSAR_Alveolata_Dinoflagellata,Syndiniales,Dino-Group-I,Dino-Group-I-Clade-5,Dino-Group-I-Clade-5_X,Dino-Group-I-Clade-5_X_sp.
f01c9960fb1285a4e5137f5a4220c07a,Eukaryota,TSAR_Alveolata_Dinoflagellata,Dinophyceae,Gonyaulacales,Pyrocystaceae,Alexandrium,Alexandrium_catenella
0c2096122eb79884f6f3b6d23623a70b,Eukaryota,TSAR_Alveolata_Dinoflagellata,Syndiniales,Dino-Group-II,Dino-Group-II-Clade-16,Dino-Group-II-Clade-16_X,Dino-Group-II-Clade-16_X_sp.
957d64746e99f46244ce150306194ba6,Eukaryota,TSAR_Rhizaria_Radiolaria,Polycystinea,Nassellaria,Sphaerozoidae,,
5c8a1280a26ac2a007bdd10969f647d3,Eukaryota,TSAR_Stramenopiles_Stramenopiles_X,Stramenopiles_X-Group-7,Stramenopiles_X-Group-7_X,Stramenopiles_X-Group-7_XX,Stramenopiles_X-Group-7_XXX,Stramenopiles_X-Group-7_XXX_sp.
f874242b356aa9c8dc8a020d0b398e32,Eukaryota,Obazoa_Opisthokonta_Choanoflagellata,Choanoflagellatea,Acanthoecida,Acanthoecidae_Group_G,Calliacantha,Calliacantha_natans
3d721d1df3f144d5502ffd32c3168863,Eukaryota,TSAR_Stramenopiles_Gyrista,Chrysophyceae,Chrysophyceae_Clade-EC2I,Chrysophyceae_Clade-EC2I_X,Chrysophyceae_Clade-EC2I_XX,Chrysophyceae_Clade-EC2I_XX_sp.
5a96a6089629800431d1f97d6c6655f4,Eukaryota,TSAR_Rhizaria_Radiolaria,Acantharea,Acantharea_3,Acantharea_3a,Acantharea_3a_X,Acantharea_3a_X_sp.
1decefa5d9c4d5fb3196ca95017115a3,Eukaryota,TSAR_Alveolata_Dinoflagellata,Syndiniales,Dino-Group-II,,,
adf2ecec2bbb22304140f21425665d67,Eukaryota,TSAR_Alveolata_Dinoflagellata,Syndiniales,Dino-Group-II,Dino-Group-II-Clade-8,Dino-Group-II-Clade-8_X,Dino-Group-II-Clade-8_X_sp.
37ec8b90af3a30858b9dc07295e87f95,Eukaryota,TSAR_Alveolata_Dinoflagellata,Syndiniales,Dino-Group-I,Dino-Group-I-Clade-1,Dino-Group-I-Clade-1_X,Dino-Group-I-Clade-1_X_sp.
5abac63ef2f326d71b764444a2ffcde1,Eukaryota,TSAR_Alveolata_Dinoflagellata,Syndiniales,Dino-Group-II,Dino-Group-II-Clade-1,Dino-Group-II-Clade-1_X,Dino-Group-II-Clade-1_X_sp.
d7530e83fad8b8fb750f8eff08f82227,Eukaryota,TSAR_Alveolata_Dinoflagellata,Syndiniales,Dino-Group-I,Dino-Group-I-Clade-5,Dino-Group-I-Clade-5_X,Dino-Group-I-Clade-5_X_sp.
86c30d081dfdf297d8ff854fd8c0b0e3,Eukaryota,TSAR_Alveolata_Dinoflagellata,Syndiniales,Dino-Group-II,Dino-Group-II-Clade-14,Dino-Group-II-Clade-14_X,Dino-Group-II-Clade-14_X_sp.
8c453158299dd5f23bf2ca8d499f428c,Eukaryota,Obazoa_Opisthokonta_Fungi,Basidiomycota,Ustilaginomycotina,Ustilaginomycetes,,
f92516c0c58e4f39f5a91008019c355c,Eukaryota,TSAR_Stramenopiles_Bigyra,Opalozoa,Nanomonadea,MAST-3,MAST-3E,MAST-3E_sp.
8c7333cc8d25ca96bf5993a08d4478e7,Eukaryota,TSAR_Alveolata_Dinoflagellata,Syndiniales,Dino-Group-II,Dino-Group-II-Clade-7,Dino-Group-II-Clade-7_X,Dino-Group-II-Clade-7_X_sp.
388cbea0c6f968313a0c35d5135166fa,Eukaryota,TSAR_Stramenopiles_Gyrista,Gyrista_X,Gyrista_XX,MAST-1,MAST-1D,MAST-1D_sp.
5613df128e471d3f176808c2b9639307,Eukaryota,TSAR_Alveolata_Dinoflagellata,Syndiniales,Dino-Group-I,Dino-Group-I-Clade-3,Dino-Group-I-Clade-3_X,Dino-Group-I-Clade-3_X_sp.
c8feeb60bccbb401cb89cebe8a205c6a,Eukaryota,TSAR_Rhizaria_Radiolaria,Acantharea,Acantharea_F,Acantharea_F3,,
ad08997942f566f83f90913583d67e69,Eukaryota,Obazoa_Opisthokonta_Fungi,Basidiomycota,Pucciniomycotina,Cystobasidiomycetes,Sporobolomyces,Sporobolomyces_ogasawarensis
f52caf76a2d07e96c3aa73d406d86af4,Eukaryota,TSAR_Alveolata_Dinoflagellata,Syndiniales,Dino-Group-II,Dino-Group-II-Clade-3,Dino-Group-II-Clade-3_X,Dino-Group-II-Clade-3_X_sp.
d180e1646a7166a222dd8cd3444845f0,Eukaryota,TSAR_Alveolata_Dinoflagellata,Dinophyta_X,Dinophyta_XX,Dinophyta_XXX,Dinophyta_XXXX,Dinophyta_XXXX_sp.
2e8d5bd1a39a68ab07f2f2e9e8182268,Eukaryota,Obazoa_Opisthokonta_Fungi,Ascomycota,Pezizomycotina,Eurotiomycetes,,
001a653230e17ef4393ee0c145acfa5a,Eukaryota,TSAR_Alveolata_Dinoflagellata,Dinophyceae,Peridiniales,Heterocapsaceae,Heterocapsa,Heterocapsa_rotundata
2ca9aed08a1e6a1ba20343b1c4a88026,Eukaryota,Obazoa_Opisthokonta_Choanoflagellata,Choanoflagellatea,Acanthoecida,Stephanoecidae_Group_H,Stephanoecidae_Group_H_X,Stephanoecidae_Group_H_X_sp.
00c29ff23958911a6802a4943a5fe09a,Eukaryota,TSAR_Alveolata_Dinoflagellata,Syndiniales,Dino-Group-II,Dino-Group-II-Clade-15,Dino-Group-II-Clade-15_X,Dino-Group-II-Clade-15_X_sp.
3213dcc44beb71757c102730cc522f8a,Eukaryota,Haptista_Haptophyta_Haptophyta_X,Prymnesiophyceae,Prymnesiales,Chrysochromulinaceae,Chrysochromulina,Chrysochromulina_sp.
7ef57d58bae53e06a89848d3fadfa3ca,Eukaryota,TSAR_Alveolata_Dinoflagellata,Syndiniales,Dino-Group-I,Dino-Group-I-Clade-2,Dino-Group-I-Clade-2_X,Dino-Group-I-Clade-2_X_sp.
8e2721b45b39066a0adf9fb490a151cc,Eukaryota,TSAR_Alveolata_Dinoflagellata,Dinophyceae,Dinophyceae_X,Dinophyceae_XX,Dinophyceae_XXX,Dinophyceae_XXX_sp.
6d6610f4d19c0f1bea71fe178a119c8b,Eukaryota,TSAR_Alveolata_Dinoflagellata,Syndiniales,Dino-Group-II,Dino-Group-II-Clade-3,Dino-Group-II-Clade-3_X,Dino-Group-II-Clade-3_X_sp.
acdfc2c41bbbf4f75a2c1c24b8e2e3f8,Eukaryota,Haptista_Haptophyta_Haptophyta_X,Prymnesiophyceae,Prymnesiales,Chrysochromulinaceae,Chrysochromulina,Chrysochromulina_sp.
1911d4a3b58be07fb090779ca5672d52,Eukaryota,TSAR_Alveolata_Dinoflagellata,Syndiniales,Dino-Group-I,Dino-Group-I-Clade-5,Dino-Group-I-Clade-5_X,Dino-Group-I-Clade-5_X_sp.
7426d66027b9b5165db70f3036c51672,Eukaryota,TSAR_Rhizaria_Radiolaria,RAD-C,RAD-C_X,RAD-C_Xb,RAD-C_Xb_X,RAD-C_Xb_X_sp.
a36c38d3ffc05dfa3ee33c0052c4fa53,Eukaryota,Haptista_Haptophyta_Haptophyta_X,Prymnesiophyceae,Prymnesiales,Chrysochromulinaceae,Chrysochromulina,Chrysochromulina_sp.
1b9bc4b33d79642f335908060c882874,Eukaryota,TSAR_Alveolata_Dinoflagellata,Dinophyceae,Dinophyceae_X,Dinophyceae_XX,Dinophyceae_XXX,Dinophyceae_XXX_sp.
31abb388c371af0dd911c3c45dd6e843,Eukaryota,Obazoa_Opisthokonta_Fungi,Ascomycota,Saccharomycotina,Saccharomycetales,Candida,
b30cfae24b7ce12617cd0690a2e99a80,Eukaryota,TSAR_Alveolata_Dinoflagellata,Syndiniales,Dino-Group-I,Dino-Group-I-Clade-3,Dino-Group-I-Clade-3_X,Dino-Group-I-Clade-3_X_sp.
231deba4b2455578f96ade241d436ea2,Eukaryota,TSAR_Alveolata_Dinoflagellata,Syndiniales,Dino-Group-II,Dino-Group-II-Clade-14,Dino-Group-II-Clade-14_X,Dino-Group-II-Clade-14_X_sp.
eaaceb761bb3e9abd15c8d7baee122b6,Eukaryota,TSAR_Alveolata_Dinoflagellata,Syndiniales,Dino-Group-I,Dino-Group-I-Clade-2,Dino-Group-I-Clade-2_X,Dino-Group-I-Clade-2_X_sp.
1f8e4a0a3fbd4ebe159cf4da8eee201c,Eukaryota,TSAR_Rhizaria_Radiolaria,Polycystinea,Nassellaria,Sphaerozoidae,,
03ac9fd04dff6f895730312bdc7e194d,Eukaryota,TSAR_Rhizaria_Cercozoa,Filosa-Thecofilosea,Cryomonadida,Protaspa-lineage,Protaspa,
e457c7639a09b7a65ca260085a5c532e,Eukaryota,TSAR_Alveolata_Dinoflagellata,Syndiniales,Dino-Group-I,Dino-Group-I-Clade-2,Dino-Group-I-Clade-2_X,Dino-Group-I-Clade-2_X_sp.
14126f25c75f0f14b23585edcda1b3bc,Eukaryota,TSAR_Alveolata_Dinoflagellata,Syndiniales,Dino-Group-I,Dino-Group-I-Clade-5,Dino-Group-I-Clade-5_X,Dino-Group-I-Clade-5_X_sp.
925e1b583c4cf51809e780adc1598d43,Eukaryota,Archaeplastida_Streptophyta_Streptophyta_X,Embryophyceae,Embryophyceae_X,Embryophyceae_XX,Nicotiana,Nicotiana_attenuata
9b1b9afd4648751ccf4e4d756281d6fb,Eukaryota,TSAR_Alveolata_Dinoflagellata,Syndiniales,Dino-Group-II,Dino-Group-II-Clade-10-and-11,Dino-Group-II-Clade-10-and-11_X,Dino-Group-II-Clade-10-and-11_X_sp.
ebe688d21187c4d0cd3314396f899ae1,Eukaryota,__,,,,,
dc439504485f791c4992311bf0423b17,Eukaryota,TSAR_Alveolata_Dinoflagellata,Syndiniales,Dino-Group-II,Dino-Group-II-Clade-22,Dino-Group-II-Clade-22_X,Dino-Group-II-Clade-22_X_sp.
dec6e62a99a4188bfb34dc5648b8b61d,Eukaryota,TSAR_Alveolata_Dinoflagellata,Syndiniales,Dino-Group-I,Dino-Group-I-Clade-4,Dino-Group-I-Clade-4_X,Dino-Group-I-Clade-4_X_sp.
5263e681e871f56a14530f320a5ab470,Eukaryota,TSAR_Alveolata_Dinoflagellata,Syndiniales,Dino-Group-I,Dino-Group-I-Clade-5,Dino-Group-I-Clade-5_X,Dino-Group-I-Clade-5_X_sp.
3fe191981470c25b67dd40c343f2458f,Eukaryota,TSAR_Alveolata_Dinoflagellata,Syndiniales,Dino-Group-I,Dino-Group-I-Clade-2,Dino-Group-I-Clade-2_X,Dino-Group-I-Clade-2_X_sp.
b6c3f928ccec908f1d3f2db58b6fe567,Eukaryota,TSAR_Alveolata_Dinoflagellata,Dinophyceae,Gonyaulacales,Ceratiaceae,Tripos,Tripos_furca
dd17928f9f5f98d86dff42a645f125b8,Eukaryota,TSAR_Alveolata_Dinoflagellata,Dinophyceae,Dinophyceae_X,Dinophyceae_XX,Dinophyceae_XXX,Dinophyceae_XXX_sp.
858876a5d2e2f9377f62b8caf37e8dbf,Eukaryota,TSAR_Rhizaria_Radiolaria,RAD-B,RAD-B_X,Taxopodida,Sticholonche,Sticholonche_sp.
d9cb1216d3dd9fd48504371ce3f83623,Eukaryota,TSAR_Stramenopiles_Gyrista,Mediophyceae,Thalassiosirales,Thalassiosiraceae,Thalassiosira,Thalassiosira_concaviuscula
bee3be0c7ee7205c80ab4824658ab2fc,Eukaryota,TSAR_Stramenopiles_Gyrista,Chrysophyceae,Ochromonadales,Ochromonadales_X,Ochromonadales_XX,Ochromonadales_XX_sp.
0925d00c67e011eedd79585ce97dc0f3,Eukaryota,Archaeplastida_Picozoa_Picozoa_subdivision_2,Picozoa_subdivision_2_X,Picozoa_subdivision_2_XX,Picozoa_subdivision_2_XXX,Picozoa_subdivision_2_XXXX,Picozoa_subdivision_2_XXXX_sp.
24e0b3bcba4dce6f56e676baedfb96f6,Eukaryota,Archaeplastida_Streptophyta_Streptophyta_X,Embryophyceae,Embryophyceae_X,Embryophyceae_XX,Pinus,
109c0184c082939704ae814e7e6420dc,Eukaryota,TSAR_Alveolata_Dinoflagellata,Syndiniales,Dino-Group-II,Dino-Group-II-Clade-7,Dino-Group-II-Clade-7_X,Dino-Group-II-Clade-7_X_sp.
2aace99a966419138ca50727ca7bd4f5,Eukaryota,TSAR_Alveolata_Dinoflagellata,Syndiniales,Dino-Group-II,Dino-Group-II-Clade-6,Dino-Group-II-Clade-6_X,Dino-Group-II-Clade-6_X_sp.
de8863d8abdc3d303ec27a0a9833ff89,Eukaryota,TSAR_Alveolata_Dinoflagellata,Syndiniales,Dino-Group-II,,,
1bd53e0cf59933724ce816b1167130b1,Eukaryota,Obazoa_Opisthokonta_Choanoflagellata,Choanoflagellatea,Acanthoecida,Stephanoecidae_Group_E,Stephanoecidae_Group_E_X,Stephanoecidae_Group_E_X_sp.
0f582b4aaaa6dae5561aee0b476335f9,Eukaryota,TSAR_Alveolata_Ciliophora,Spirotrichea,Oligotrichida,Tontoniidae,,
45214aa83f7001d4c42d1464f1e466d6,Eukaryota,TSAR_Alveolata_Dinoflagellata,Syndiniales,Dino-Group-I,Dino-Group-I-Clade-5,Dino-Group-I-Clade-5_X,Dino-Group-I-Clade-5_X_sp.
f10b5e81787dd2b6fc60b6dfc2ce3328,Eukaryota,TSAR_Alveolata_Dinoflagellata,Syndiniales,Dino-Group-I,Dino-Group-I-Clade-1,Dino-Group-I-Clade-1_X,Dino-Group-I-Clade-1_X_sp.
74cfe647fc677d09d71a56d98ecff2a1,Eukaryota,TSAR_Alveolata_Dinoflagellata,Syndiniales,Dino-Group-I,Dino-Group-I-Clade-8,Dino-Group-I-Clade-8_X,Dino-Group-I-Clade-8_X_sp.
d405f67faca98575d11dd8db73fd0947,Eukaryota,Cryptista_Cryptophyta_Cryptophyta_X,Cryptophyceae,Cryptomonadales,Cryptomonadales_X,Teleaulax,Teleaulax_amphioxeia
6a69c9d97b2baf365ecfb8699424855b,Eukaryota,TSAR_Rhizaria_Cercozoa,Filosa-Imbricatea,Euglyphida,Paulinellidae,Paulinella,Paulinella_sp.
a78e397b5fa20b0a7a9ba4a6fdfe53ed,Eukaryota,Obazoa_Opisthokonta_Fungi,Ascomycota,Pezizomycotina,Eurotiomycetes,Aspergillus,
42cf9555c621d9930074e783a1391a9a,Eukaryota,TSAR_Stramenopiles_Gyrista,Bacillariophyceae,Bacillariales,Bacillariaceae,Pseudo-nitzschia,
89233419ccacd7f57d56f53feb730383,Eukaryota,TSAR_Telonemia_Telonemia_X,Telonemia_XX,Telonemia_XXX,Telonemia-Group-2,Telonemia-Group-2_X,Telonemia-Group-2_X_sp.
85e03d0dabeb9c37f4de7480a33f55a2,Eukaryota,TSAR_Alveolata_Dinoflagellata,Syndiniales,Dino-Group-I,Dino-Group-I-Clade-5,Dino-Group-I-Clade-5_X,Dino-Group-I-Clade-5_X_sp.
25199f296736a0bce9554ffc98c65abb,Eukaryota,TSAR_Stramenopiles_Gyrista,Mediophyceae,Chaetocerotales,Chaetocerotaceae,Chaetoceros,Chaetoceros_muelleri
377867cd60656c885c4535513b4aff17,Eukaryota,TSAR_Alveolata_Dinoflagellata,Syndiniales,Dino-Group-I,Dino-Group-I-Clade-4,Euduboscquella,Euduboscquella_crenulata
c0ed05ae07d2513a96c6f63a3016742d,Eukaryota,TSAR_Stramenopiles_Gyrista,Gyrista_X,Gyrista_XX,MAST-1,MAST-1A,MAST-1A_sp.
8c665e5e54c1cbf919f041148384a137,Eukaryota,TSAR_Alveolata_Dinoflagellata,Dinophyceae,Dinophyceae_X,Dinophyceae_XX,Dinophyceae_XXX,Dinophyceae_XXX_sp.
e9ee9befbdb044646188e4a0f68538c1,Eukaryota,Obazoa_Opisthokonta_Choanoflagellata,Choanoflagellatea,,,,
94c37753034373906efeae83be0f5cea,Eukaryota,TSAR_Rhizaria_Radiolaria,Polycystinea,Spumellaria,Hexalonchidae,Hexacontium,
6a4cb73481d2515a922c7dc639434d23,Eukaryota,TSAR_Stramenopiles_Bigyra,Opalozoa,Nanomonadea,MAST-3,MAST-3C,MAST-3C_sp.
d70d3f7c0fe634629f9aeb5645255d1f,Eukaryota,TSAR_Stramenopiles_Gyrista,Mediophyceae,Hemiaulales,Hemiaulaceae,Eucampia,
9aafa4cd9b30843d8c8f797c720c382c,Eukaryota,TSAR_Alveolata_Dinoflagellata,Syndiniales,Dino-Group-V,Dino-Group-V_X,Dino-Group-V_XX,Dino-Group-V_XX_sp.
8d32344939ad65af9194b74e4f230060,Eukaryota,TSAR_Stramenopiles_Bigyra,Opalozoa,Nanomonadea,MAST-3,MAST-3A,MAST-3A_sp.
669390bc07842aff05151c32dfb8cc94,Eukaryota,TSAR_Alveolata_Dinoflagellata,Syndiniales,Dino-Group-I,Dino-Group-I-Clade-5,Dino-Group-I-Clade-5_X,Dino-Group-I-Clade-5_X_sp.
c2271c60fc15b002b9e1519256796c45,Eukaryota,TSAR_Alveolata_Dinoflagellata,Dinophyceae,Gonyaulacales,Gonyaulacaceae,Gonyaulax,Gonyaulax_polygramma
e31a6b4e693b3aecedf7b3e1b96c521f,Eukaryota,TSAR_Alveolata_Dinoflagellata,Syndiniales,Dino-Group-II,Dino-Group-II-Clade-7,Dino-Group-II-Clade-7_X,Dino-Group-II-Clade-7_X_sp.
9b1757e5d3df88502a5ed66dd253a080,Eukaryota,TSAR_Alveolata_Dinoflagellata,Dinophyceae,Dinophyceae_X,Dinophyceae_XX,Dinophyceae_XXX,Dinophyceae_XXX_sp.
c11cc8d55e371b144a39f5dc25894c9e,Eukaryota,TSAR_Rhizaria_Radiolaria,RAD-A,RAD-A_X,RAD-A_Xb,RAD-A_Xb_X,RAD-A_Xb_X_sp.
55016ab0837f7f4d58623e54eee3aae2,Eukaryota,TSAR_Alveolata_Dinoflagellata,Syndiniales,Dino-Group-II,Dino-Group-II-Clade-6,Dino-Group-II-Clade-6_X,Dino-Group-II-Clade-6_X_sp.
af4937fd5d14292a934c9d79f1ece41a,Eukaryota,TSAR_Alveolata_Dinoflagellata,Dinophyceae,Gymnodiniales,Gymnodiniaceae,Margalefidinium,Margalefidinium_fulvescens
c9ff4eec1890621c03cb955fd6b26d9c,Eukaryota,TSAR_Alveolata_Dinoflagellata,Syndiniales,Dino-Group-I,Dino-Group-I-Clade-5,Dino-Group-I-Clade-5_X,Dino-Group-I-Clade-5_X_sp.
ad18345a6b6463b041054ffb96795d29,Eukaryota,TSAR_Alveolata_Dinoflagellata,Syndiniales,Dino-Group-II,Dino-Group-II-Clade-10-and-11,Dino-Group-II-Clade-10-and-11_X,Dino-Group-II-Clade-10-and-11_X_sp.
164392161576a2dd17dc28a3d803b4db,Eukaryota,TSAR_Alveolata_Dinoflagellata,Syndiniales,Dino-Group-I,Dino-Group-I-Clade-5,Dino-Group-I-Clade-5_X,Dino-Group-I-Clade-5_X_sp.
f4aa68783f9dabcab82707e874a64612,Eukaryota,Archaeplastida_Picozoa_Picozoa_subdivision_2,Picozoa_subdivision_2_X,Picozoa_subdivision_2_XX,Picozoa_subdivision_2_XXX,Picozoa_subdivision_2_XXXX,Picozoa_subdivision_2_XXXX_sp.
3871e452000fda5b603b2bde8d3a616a,Eukaryota,TSAR_Alveolata_Dinoflagellata,Syndiniales,Dino-Group-II,Dino-Group-II-Clade-6,Dino-Group-II-Clade-6_X,Dino-Group-II-Clade-6_X_sp.
e9373a3be036e5b88ffc93719f1d7e02,Eukaryota,TSAR_Alveolata_Dinoflagellata,Syndiniales,Dino-Group-II,Dino-Group-II-Clade-3,Dino-Group-II-Clade-3_X,Dino-Group-II-Clade-3_X_sp.
edcbba00409e411a55ed358d2bb9d043,Eukaryota,TSAR_Alveolata_Dinoflagellata,Syndiniales,Dino-Group-II,Dino-Group-II-Clade-10-and-11,Dino-Group-II-Clade-10-and-11_X,Dino-Group-II-Clade-10-and-11_X_sp.
d1282f1410ffd5bb9310a23d2fd78bd6,Eukaryota,TSAR_Stramenopiles_Bigyra,Sagenista,Sagenista_X,MAST-9,MAST-9A,MAST-9A_sp.
aaad7ed79c826938cdf126c426e21487,Eukaryota,TSAR_Stramenopiles_Gyrista,Peronosporomycetes,Peronosporomycetes_X,Peronosporomycetes_XX,Peronosporomycetes_XXX,Peronosporomycetes_XXX_sp.
6cdc8ccc3f6a9a07ff785a95a342afdf,Eukaryota,TSAR_Stramenopiles_Gyrista,MOCH-2,MOCH-2_X,MOCH-2_XX,MOCH-2_XXX,MOCH-2_XXX_sp.
2d7027ff1e1aa507fd1ebd53aeb02936,Eukaryota,TSAR_Stramenopiles_Bigyra,Opalozoa,Nanomonadea,MAST-3,MAST-3E,MAST-3E_sp.
595b8bc8a55a9569b588571d5b091b98,Eukaryota,TSAR_Alveolata_Dinoflagellata,Syndiniales,Dino-Group-II,Dino-Group-II_X,Dino-Group-II_XX,Dino-Group-II_XX_sp.
01badeb655c519f0c2a5e8dd549288da,Eukaryota,TSAR_Alveolata_Dinoflagellata,Syndiniales,Dino-Group-II,Dino-Group-II-Clade-26,Dino-Group-II-Clade-26_X,Dino-Group-II-Clade-26_X_sp.
e414ef43fbcfdfce1fe28c88c2d02d90,Eukaryota,TSAR_Stramenopiles_Gyrista,Gyrista_X,Gyrista_XX,MAST-2,MAST-2C,MAST-2C_sp.
18a0229d17e2c4c66e0e62d83ec2a58c,Eukaryota,TSAR_Alveolata_Dinoflagellata,Syndiniales,Dino-Group-I,Dino-Group-I-Clade-5,Dino-Group-I-Clade-5_X,Dino-Group-I-Clade-5_X_sp.
53bc79c30c7946a11d70034bbe961390,Eukaryota,TSAR_Alveolata_Dinoflagellata,Syndiniales,,,,
9d61a0fbc0c57574f3e8a6abf6692fcf,Eukaryota,TSAR_Alveolata_Dinoflagellata,Dinophyta_X,Dinophyta_XX,Dinophyta_XXX,Dinophyta_XXXX,Dinophyta_XXXX_sp.
a23ff1c51380ce688423e0bb24fe7f03,Eukaryota,TSAR_Alveolata_Dinoflagellata,Syndiniales,,,,
11130c7460c3cdb0869bff767c82f46d,Eukaryota,TSAR_Alveolata_Dinoflagellata,Syndiniales,Dino-Group-II,Dino-Group-II-Clade-3,Dino-Group-II-Clade-3_X,Dino-Group-II-Clade-3_X_sp.
7e6805da05cde40c3942d267849a50a0,Eukaryota,TSAR_Alveolata_Dinoflagellata,Dinophyceae,Gymnodiniales,Gymnodiniaceae,Gymnoxanthella,Gymnoxanthella_radiolariae
b9e357430660b7dbaae3bad1e33acd7a,Eukaryota,TSAR_Alveolata_Dinoflagellata,Syndiniales,Dino-Group-II,Dino-Group-II-Clade-1,Dino-Group-II-Clade-1_X,Dino-Group-II-Clade-1_X_sp.
1c2c6de5eda6f3d07ed9e05179fa44b4,Eukaryota,TSAR_Alveolata_Dinoflagellata,Syndiniales,,,,
e9bda5a550bb13bb54d0716b930ba8e0,Eukaryota,TSAR_Alveolata_Dinoflagellata,Dinophyceae,,,,
5245d180a2863c914fa3e9e30fbce992,Eukaryota,TSAR_Alveolata_Dinoflagellata,Syndiniales,Dino-Group-II,Dino-Group-II-Clade-15,Dino-Group-II-Clade-15_X,Dino-Group-II-Clade-15_X_sp.
a1b4977c5f0a3225a127edada177a365,Eukaryota,TSAR_Alveolata_Dinoflagellata,Syndiniales,Dino-Group-II,Dino-Group-II-Clade-15,Dino-Group-II-Clade-15_X,Dino-Group-II-Clade-15_X_sp.
81fffc23818cbfb0c68ecd963847bd69,Eukaryota,TSAR_Alveolata_Dinoflagellata,Syndiniales,Dino-Group-II,,,
ae3e8f9b0405032fc8fac098b9f60ef3,Eukaryota,TSAR_Alveolata_Dinoflagellata,Syndiniales,Dino-Group-II,Dino-Group-II-Clade-5,Dino-Group-II-Clade-5_X,Dino-Group-II-Clade-5_X_sp.
9641d676454f2fd57ee2ab54a9d2d15b,Eukaryota,TSAR_Alveolata_Dinoflagellata,Syndiniales,Dino-Group-I,Dino-Group-I-Clade-5,Dino-Group-I-Clade-5_X,Dino-Group-I-Clade-5_X_sp.
20061000d380c0a70b31e2d5413c686e,Eukaryota,TSAR_Alveolata_Dinoflagellata,Syndiniales,Dino-Group-I,Dino-Group-I-Clade-8,Dino-Group-I-Clade-8_X,Dino-Group-I-Clade-8_X_sp.
6bd711823a0bfa79790ed2e43588e321,Eukaryota,TSAR_Stramenopiles_Bigyra,Sagenista,Sagenista_X,MAST-4,MAST-4B,MAST-4B_sp.
c02d04c78e70fdca486b333701569c13,Eukaryota,TSAR_Alveolata_Dinoflagellata,Syndiniales,Dino-Group-II,Dino-Group-II-Clade-10-and-11,Dino-Group-II-Clade-10-and-11_X,Dino-Group-II-Clade-10-and-11_X_sp.
3f3f23e99295b51acc3d383931936926,Eukaryota,TSAR_Rhizaria_Radiolaria,RAD-B,RAD-B_X,RAD-B_X_Group-IVd,RAD-B_X_Group-IVd_X,RAD-B_X_Group-IVd_X_sp.
b67b25afdc7dbd3915aa2be13dec2bbc,Eukaryota,TSAR_Stramenopiles_Gyrista,Bolidophyceae,Parmales,Triparmaceae,Triparma,Triparma_eleuthera
bf5c611ec639088a7478e13828549b82,Eukaryota,TSAR_Stramenopiles_Gyrista,Pelagophyceae,Pelagomonadales,Pelagomonadaceae,Pelagomonadaceae_clade_C,Pelagomonadaceae_clade_C_sp.
89931ff3e17581bccbfaddcf8b43e14b,Eukaryota,Excavata_Discoba_Euglenozoa,Diplonemea,Diplonemida,Eupelagonemidae,Eupelagonemidae_X,Eupelagonemidae_X_sp.
7c33a680619517186bf17aa71952f8f3,Eukaryota,TSAR_Stramenopiles_Gyrista,Bacillariophyceae,Rhabdonematales,Tabellariaceae,,
5d6d835ebf27d3f83548c1f0bda51915,Eukaryota,Haptista_Haptophyta_Haptophyta_X,Haptophyta_XX,Haptophyta_XXX,Haptophyta_XXXX,Haptophyta_XXXXX,Haptophyta_XXXXX_sp.
88664bd75e60c2bddb8869a75d605a86,Eukaryota,TSAR_Alveolata_Dinoflagellata,Syndiniales,Dino-Group-I,Dino-Group-I-Clade-5,Dino-Group-I-Clade-5_X,Dino-Group-I-Clade-5_X_sp.
290efe9156cc4046dce3df2540863016,Eukaryota,TSAR_Alveolata_Dinoflagellata,Syndiniales,Dino-Group-V,Dino-Group-V_X,Dino-Group-V_XX,Dino-Group-V_XX_sp.
06d094132844cf6a7df7bc8f81226682,Eukaryota,TSAR_Alveolata_Ciliophora,Spirotrichea,Choreotrichida-Tintinnina,TIN_02,Climacocylis,Climacocylis_sp.
ac34d4bcd7bba1d9ea1ac20cf210c83d,Eukaryota,Haptista_Centroplasthelida_Centroplasthelida_X,Pterocystida,Pterocystida_X,Pterocystida_XX,Pterocystida_XXX,Pterocystida_XXX_sp.
0c6c215e8c1fe623ad527bd895da3433,Eukaryota,TSAR_Alveolata_Dinoflagellata,Dinophyceae,Peridiniales,Heterocapsaceae,Heterocapsa,Heterocapsa_sp.
389b1f4a432a269dddc3f2301749008f,Eukaryota,TSAR_Alveolata_Dinoflagellata,Syndiniales,Dino-Group-I,Dino-Group-I-Clade-4,Dino-Group-I-Clade-4_X,Dino-Group-I-Clade-4_X_sp.
84423de3246d10488a5c1e2289d46de3,Eukaryota,TSAR_Alveolata_Dinoflagellata,Syndiniales,Dino-Group-I,Dino-Group-I-Clade-5,Dino-Group-I-Clade-5_X,Dino-Group-I-Clade-5_X_sp.
c684993b224239ec6352dba9deb77921,Eukaryota,Cryptista_Cryptophyta_Cryptophyta_X,Cryptophyceae,Cryptomonadales,Cryptomonadales_X,,
254fd7a402bcfbd3a46d1e3857157632,Eukaryota,Excavata_Discoba_Euglenozoa,Diplonemea,Diplonemida,Eupelagonemidae,Eupelagonemidae_X,Eupelagonemidae_X_sp.
74ff0929a38d92c4428fc510a56e5db7,Eukaryota,TSAR_Rhizaria_Radiolaria,Polycystinea,Nassellaria,Cycladophoridae,Cycladophora,Cycladophora_cornuta
1dbe6b1934cd7b2569c5f21e057053dd,Eukaryota,TSAR_Alveolata_Dinoflagellata,Dinophyceae,,,,
5158481565dad12d041da10caca5bb1c,Eukaryota,TSAR_Alveolata_Dinoflagellata,Syndiniales,Dino-Group-II,Dino-Group-II-Clade-20,Dino-Group-II-Clade-20_X,Dino-Group-II-Clade-20_X_sp.
52f3c18b48217c39f6a89364e1490892,Eukaryota,TSAR_Alveolata_Dinoflagellata,Dinophyceae,,,,
8d0f07eedf483fd5675ccb374f1fd7c1,Eukaryota:nucl,TSAR:nucl_Rhizaria:nucl_Cercozoa:nucl,Chlorarachniophyceae:nucl,Chlorarachnida:nucl,Chlorarachnida_X:nucl,Lotharella:nucl,Lotharella_oceanica:nucl
73b9fc950d10e557a66ff130ae7ad62f,Eukaryota,TSAR_Alveolata_Ciliophora,Spirotrichea,Oligotrichida,Strombidiidae,Strombidiidae_X,Strombidiidae_X_sp.
5f7b67c4c48a565b310df2ba284c9c95,Eukaryota,TSAR_Alveolata_Dinoflagellata,Syndiniales,,,,
931c340581dfcce6e5764b009b9cd7fa,Eukaryota,TSAR_Alveolata_Dinoflagellata,Syndiniales,Dino-Group-I,Dino-Group-I-Clade-4,Dino-Group-I-Clade-4_X,Dino-Group-I-Clade-4_X_sp.
15f8082d5386f51567b03a5696b7b973,Eukaryota,TSAR_Alveolata_Dinoflagellata,Syndiniales,Dino-Group-II,Dino-Group-II-Clade-1,Dino-Group-II-Clade-1_X,Dino-Group-II-Clade-1_X_sp.
81ae32ca95853bc7957e26aa1f04adb1,Eukaryota,TSAR_Rhizaria_Radiolaria,Polycystinea,Spumellaria,Hexalonchidae,Stigmostylus,Stigmostylus_ferrusi
af72acf4d590985124c23c5425864dbd,Eukaryota,TSAR_Alveolata_Dinoflagellata,Syndiniales,Dino-Group-II,Dino-Group-II-Clade-10-and-11,Dino-Group-II-Clade-10-and-11_X,Dino-Group-II-Clade-10-and-11_X_sp.
55992e0fd2eb038369a8fc7cd89cbb75,Eukaryota,TSAR_Alveolata_Dinoflagellata,Syndiniales,,,,
90ef2254d9c8d58cdc92ab575edf0510,Eukaryota,TSAR_Alveolata_Dinoflagellata,Dinophyceae,Dinophyceae_X,Dinophyceae_XX,Dinophyceae_XXX,Dinophyceae_XXX_sp.
31718ab91bc0f8ee4c4a7a5572f2b918,Eukaryota,Archaeplastida_Chlorophyta_Chlorophyta_X,Pyramimonadophyceae,Pyramimonadales,Pyramimonadaceae,Pyramimonas,Pyramimonas_disomata
b6271123dccd7c3ac359f858a4d79d3b,Eukaryota,TSAR_Alveolata_Dinoflagellata,Syndiniales,Dino-Group-II,Dino-Group-II-Clade-20,Dino-Group-II-Clade-20_X,Dino-Group-II-Clade-20_X_sp.
5165e6a212eeb14b3098a477a880d006,Eukaryota,TSAR_Rhizaria_Radiolaria,Acantharea,Acantharea_3,Acantharea_3a,Acantharea_3a_X,Acantharea_3a_X_sp.
63f1bf5c778d29432b4f454634f23fc1,Eukaryota,TSAR_Alveolata_Dinoflagellata,Syndiniales,Dino-Group-II,Dino-Group-II-Clade-40,Dino-Group-II-Clade-40_X,Dino-Group-II-Clade-40_X_sp.
4823633e20761633da820806842814be,Eukaryota,TSAR_Alveolata_Dinoflagellata,Syndiniales,Dino-Group-II,Dino-Group-II-Clade-10-and-11,Dino-Group-II-Clade-10-and-11_X,Dino-Group-II-Clade-10-and-11_X_sp.
20999ac28317e655fb5d7d5aa9a048bf,Eukaryota,TSAR_Alveolata_Dinoflagellata,Dinophyceae,Peridiniales,Blastodiniaceae,Blastodinium,Blastodinium_contortum
daa1484ac1d40f14df59b73e92b9060e,Eukaryota,TSAR_Stramenopiles_Gyrista,Gyrista_X,Gyrista_XX,MAST-1,MAST-1A,MAST-1A_sp.
189c442c55ff75775299d7bf78bcf05f,Eukaryota,TSAR_Alveolata_Dinoflagellata,Syndiniales,Dino-Group-II,Dino-Group-II-Clade-10-and-11,Dino-Group-II-Clade-10-and-11_X,Dino-Group-II-Clade-10-and-11_X_sp.
f50f77d1250dbff2cf2fff427b2a8477,Eukaryota,TSAR_Alveolata_Dinoflagellata,Syndiniales,Dino-Group-III,Dino-Group-III_X,Dino-Group-III_XX,Dino-Group-III_XX_sp.
4c4edb3bf8f948472cb1c3b32c255965,Eukaryota,TSAR_Alveolata_Ciliophora,Oligohymenophorea,Apostomatia,Opalinopsidae,Chromidina,Chromidina_sp.
ba4327a44276defd6e578757294e3741,Eukaryota,TSAR_Alveolata_Dinoflagellata,Syndiniales,Dino-Group-II,Dino-Group-II-Clade-5,Dino-Group-II-Clade-5_X,Dino-Group-II-Clade-5_X_sp.
62d58d99181919edd7ff8595e1c3aa02,Eukaryota,TSAR_Alveolata_Dinoflagellata,Syndiniales,Dino-Group-II,Dino-Group-II-Clade-15,Dino-Group-II-Clade-15_X,Dino-Group-II-Clade-15_X_sp.
f58a1bc197a81066967e25ac03a48578,Eukaryota,TSAR_Alveolata_Dinoflagellata,Syndiniales,Dino-Group-II,Dino-Group-II-Clade-15,Dino-Group-II-Clade-15_X,Dino-Group-II-Clade-15_X_sp.
92f780155610c28ac22ec096c3484ac2,Eukaryota,TSAR_Alveolata_Dinoflagellata,Syndiniales,Dino-Group-II,,,
5c63433332cf99392ec2e229aebbe386,Eukaryota,Haptista_Haptophyta_Haptophyta_X,Prymnesiophyceae,Prymnesiales,Chrysochromulinaceae,Chrysochromulina,Chrysochromulina_sp.
0500bcc4139eed31b2022c1857628c41,Eukaryota,TSAR_Alveolata_Dinoflagellata,Syndiniales,Dino-Group-II,Dino-Group-II-Clade-8,Dino-Group-II-Clade-8_X,Dino-Group-II-Clade-8_X_sp.
a092908d779f836c3a985390b0e92fde,Eukaryota,TSAR_Alveolata_Dinoflagellata,Syndiniales,Dino-Group-I,Dino-Group-I-Clade-1,Dino-Group-I-Clade-1_X,Dino-Group-I-Clade-1_X_sp.
9c018b0464d354156fe6d98aeceea72e,Eukaryota,Obazoa_Opisthokonta_Choanoflagellata,Choanoflagellatea,,,,
07653da32279a969ca260d7edf947389,Eukaryota,TSAR_Stramenopiles_Gyrista,Gyrista_X,Gyrista_XX,MAST-2,MAST-2D,MAST-2D_sp.
dc0d09e7485061a05ccf3edadbd729b4,Eukaryota,TSAR_Stramenopiles_Bigyra,Sagenista,Labyrinthulomycetes,Labyrinthulomycetes_LAB16,Labyrinthulomycetes_LAB16_X,Labyrinthulomycetes_LAB16_X_sp.
cd2a320c3937c7ca1ba56ea2e71c59a3,Eukaryota,TSAR_Alveolata_Dinoflagellata,Syndiniales,Dino-Group-II,Dino-Group-II-Clade-7,Dino-Group-II-Clade-7_X,Dino-Group-II-Clade-7_X_sp.
06c7eeec41e377348ab6a7cd90e11e16,Eukaryota,TSAR_Alveolata_Dinoflagellata,,,,,
cb939fecda8f2c09243ba987e2d81e7d,Eukaryota,TSAR_Alveolata_Dinoflagellata,,,,,
e246064bcc1eb9c69f29c8e80b87f1ec,Eukaryota,TSAR_Alveolata_Ciliophora,Oligohymenophorea,OLIGO5,OLIGO5_X,OLIGO5_XX,OLIGO5_XX_sp.
21a91492866578cd20416e8ea44f3016,Eukaryota,TSAR_Alveolata_Dinoflagellata,Dinophyceae,Dinophyceae_X,Dinophyceae_XX,Dinophyceae_XXX,Dinophyceae_XXX_sp.
cbc342b625adc9f646aa12dc841218ed,Eukaryota,TSAR_Alveolata_Dinoflagellata,Syndiniales,Dino-Group-I,Dino-Group-I-Clade-4,Dino-Group-I-Clade-4_X,Dino-Group-I-Clade-4_X_sp.
f97bdebaff3b103ee8cf5548e9d160ed,Eukaryota,TSAR_Stramenopiles_Bigyra,Opalozoa,Nanomonadea,MAST-3,MAST-3J,MAST-3J_sp.
68e905041d2df76c40227f5f5eab6bf9,Eukaryota,TSAR_Alveolata_Dinoflagellata,Syndiniales,Dino-Group-II,Dino-Group-II-Clade-14,Dino-Group-II-Clade-14_X,Dino-Group-II-Clade-14_X_sp.
db379078da14fb959cde733a1de24e6b,Eukaryota,TSAR_Stramenopiles_Bigyra,Opalozoa,Nanomonadea,MAST-3,MAST-3J,MAST-3J_sp.
0eb6b5a338631df14a7c3bc88f0ef27e,Eukaryota,TSAR_Alveolata_Dinoflagellata,Dinophyceae,Gonyaulacales,Gonyaulacaceae,Gonyaulax,Gonyaulax_baltica
e7e553dc829fe8ed90bc54575ccf9bc4,Eukaryota,Cryptista_Cryptophyta_Cryptophyta_X,Cryptophyceae,Cryptomonadales,Cryptomonadales_X,Proteomonas,Proteomonas_sulcata
8509d2c8db348e9f77142c27320d1d17,Eukaryota,TSAR_Alveolata_Dinoflagellata,Dinophyceae,Dinophyceae_X,Dinophyceae_XX,Dinophyceae_XXX,Dinophyceae_XXX_sp.
6c741938af146d8eea5dba9b438114dc,Eukaryota,TSAR_Stramenopiles_Gyrista,Gyrista_X,Gyrista_XX,MAST-2,MAST-2C,MAST-2C_sp.
4ac92ad994ea523e32b84b0fd75d5f7b,Eukaryota,TSAR_Stramenopiles_Bigyra,Opalozoa,Opalozoa_X,MAST-12,MAST-12D,MAST-12D_sp.
9d6f9461f7e34427c722b3aa6d2cb8f1,Eukaryota,TSAR_Alveolata_Dinoflagellata,Syndiniales,Dino-Group-II,Dino-Group-II-Clade-10-and-11,Dino-Group-II-Clade-10-and-11_X,Dino-Group-II-Clade-10-and-11_X_sp.
e5e34100dd858dc64f57a15f53e505a8,Eukaryota,TSAR_Alveolata_Dinoflagellata,Syndiniales,Dino-Group-II,Dino-Group-II-Clade-20,Dino-Group-II-Clade-20_X,Dino-Group-II-Clade-20_X_sp.
1971cbf3f6d3a65b5187c1e83277bef8,Eukaryota,TSAR_Alveolata_Dinoflagellata,Syndiniales,Dino-Group-II,Dino-Group-II-Clade-14,Dino-Group-II-Clade-14_X,Dino-Group-II-Clade-14_X_sp.
1c2c4c740d174e17fb8920e1543f4a7d,Eukaryota,TSAR_Alveolata_Dinoflagellata,Dinophyceae,Dinophyceae_X,Dinophyceae_XX,Dinophyceae_XXX,Dinophyceae_XXX_sp.
03a2c1f10f4ca26ba8d71ebd491f67b0,Eukaryota,TSAR_Alveolata_Dinoflagellata,Syndiniales,Dino-Group-I,Dino-Group-I-Clade-2,Dino-Group-I-Clade-2_X,Dino-Group-I-Clade-2_X_sp.
ef22834fb3bd8573d5e029541bb84b0f,Eukaryota,Obazoa_Opisthokonta_Fungi,Chytridiomycota,Spizellomycetales,Spizellomycetales_X,Spizellomycetales_XX,Spizellomycetales_XX_sp.
d3a542bda4e8f11b92686c555e159ef7,Eukaryota,TSAR_Alveolata_Dinoflagellata,Dinophyceae,Dinophyceae_X,Dinophyceae_XX,Dinophyceae_XXX,Dinophyceae_XXX_sp.
e0e462e33db7cc5457b9bf2dadac2b85,Eukaryota,TSAR_Alveolata_Dinoflagellata,Syndiniales,Dino-Group-II,Dino-Group-II-Clade-10-and-11,Dino-Group-II-Clade-10-and-11_X,Dino-Group-II-Clade-10-and-11_X_sp.
f8674e9c4699703e6aa17fc0459c7668,Eukaryota,TSAR_Alveolata_Dinoflagellata,Syndiniales,Dino-Group-I,Dino-Group-I-Clade-1,Dino-Group-I-Clade-1_X,Dino-Group-I-Clade-1_X_sp.
abfdd7c34a07ba5b8cc0768a2c4c5431,Eukaryota,TSAR_Stramenopiles_Gyrista,Chrysophyceae,Paraphysomonadales,Paraphysomonadales_Clade-EC1Ga,Paraphysomonadales_Clade-EC1Ga_X,Paraphysomonadales_Clade-EC1Ga_X_sp.
18fd7d3f886ffd4115742a0ac2acf5bc,Eukaryota,TSAR_Alveolata_Dinoflagellata,Syndiniales,Dino-Group-II,Dino-Group-II-Clade-18,Dino-Group-II-Clade-18_X,Dino-Group-II-Clade-18_X_sp.
5c57006b56e9aa1084cc86b5b47fcfb2,Eukaryota,TSAR_Alveolata_Dinoflagellata,Dinophyceae,Peridiniales,Protoperidiniaceae,Protoperidinium,Protoperidinium_sp.
78a9b5ee770d9e13bcd1d965061ad617,Eukaryota,TSAR_Alveolata_Ciliophora,Spirotrichea,Oligotrichida,Tontoniidae,Spirotontonia,Spirotontonia_sp.
293c116f188f2d5f36bfde9bb61a8fd4,Eukaryota,TSAR_Alveolata_Dinoflagellata,Dinophyceae,Dinophyceae_X,Dinophyceae_XX,Dinophyceae_XXX,Dinophyceae_XXX_sp.
d004f3ba9b6fdb8179441c07f0109549,Eukaryota,TSAR_Alveolata_Dinoflagellata,Syndiniales,,,,
a066045d150ce9d2acc8e112412cd388,Eukaryota,TSAR_Alveolata_Ciliophora,Spirotrichea,Oligotrichida,Strombidiidae,Strombidiidae_X,Strombidiidae_X_sp.
d0605ba7fb45b21b3b22afa25d5c7786,Eukaryota,TSAR_Stramenopiles_Gyrista,Pelagophyceae,Pelagomonadales,Pelagomonadaceae,Pelagomonadaceae_clade_C,Pelagomonadaceae_clade_C_sp.
c03f36a4755b82a771c0a9ed66bccf35,Eukaryota,TSAR_Alveolata_Ciliophora,Oligohymenophorea,OLIGO5,OLIGO5_X,OLIGO5_XX,OLIGO5_XX_sp.
8e8d6fe7a9948213abd5ae09346d4149,Eukaryota,TSAR_Alveolata_Ciliophora,Spirotrichea,Choreotrichida,Lynnellidae,Lynnella,
5cd9ae272f195db731f4ef4ddddd280f,Eukaryota,TSAR_Alveolata_Dinoflagellata,Syndiniales,Dino-Group-II,Dino-Group-II-Clade-39,Dino-Group-II-Clade-39_X,Dino-Group-II-Clade-39_X_sp.
3d548745bf569b403d9354e6ed2c8121,Eukaryota,TSAR_Alveolata_Dinoflagellata,Syndiniales,Dino-Group-II,Dino-Group-II-Clade-22,Dino-Group-II-Clade-22_X,Dino-Group-II-Clade-22_X_sp.
41540f50d97b050144150b6f1e85b0fd,Eukaryota,TSAR_Alveolata_Dinoflagellata,Syndiniales,Dino-Group-I,Dino-Group-I-Clade-4,Dino-Group-I-Clade-4_X,Dino-Group-I-Clade-4_X_sp.
322664b0f9d3c6a92c6a38209cf359df,Eukaryota,TSAR_Alveolata_Dinoflagellata,Syndiniales,Dino-Group-I,Dino-Group-I-Clade-4,Dino-Group-I-Clade-4_X,Dino-Group-I-Clade-4_X_sp.
5c2f81f915904bfd7c72d5fde503dc4b,Eukaryota,TSAR_Alveolata_Dinoflagellata,Syndiniales,Dino-Group-I,Dino-Group-I-Clade-4,Dino-Group-I-Clade-4_X,Dino-Group-I-Clade-4_X_sp.
a2e02dee359ce679160fe9954d475dff,Eukaryota,TSAR_Alveolata_Dinoflagellata,Dinophyceae,,,,
b680362d3f2d8cdf9342275c19ade3e6,Eukaryota,TSAR_Alveolata_Dinoflagellata,Syndiniales,Dino-Group-I,Dino-Group-I-Clade-3,Dino-Group-I-Clade-3_X,Dino-Group-I-Clade-3_X_sp.
29a8046891d49fb54b80da74e67fd9d7,Eukaryota,TSAR_Alveolata_Dinoflagellata,Dinophyceae,Gymnodiniales,Kareniaceae,Gertia,Gertia_stigmatica
b406508208c03906875b9bea5776ed54,Eukaryota,TSAR_Alveolata_Ciliophora,Spirotrichea,Choreotrichida-Tintinnina,Tintinnidae,Tintinnidae_X,Tintinnidae_X_sp.
cb2ebe53e00f8043c9618f1ed95766b4,Eukaryota,TSAR_Stramenopiles_Gyrista,Mediophyceae,Thalassiosirales,Skeletonemaceae,Skeletonema,
77c84021481eecc4198d0eb1ad1f3298,Eukaryota,TSAR_Alveolata_Dinoflagellata,Dinophyceae,Dinophyceae_X,Dinophyceae_XX,Dinophyceae_XXX,Dinophyceae_XXX_sp.
fae7617678a053ddcdc7925b7de89071,Eukaryota,Obazoa_Opisthokonta_Fungi,Chytridiomycota,Spizellomycetales,Spizellomycetales_X,Spizellomycetales_XX,Spizellomycetales_XX_sp.
92f1a0bb8880a989b8103f78d755d58c,Eukaryota,TSAR_Alveolata_Dinoflagellata,Dinophyceae,Dinophyceae_X,Dinophyceae_XX,Dinophyceae_XXX,Dinophyceae_XXX_sp.
2371f9f9c7abb56175d7036d6ff25e2d,Eukaryota,TSAR_Alveolata_Dinoflagellata,Syndiniales,Dino-Group-II,Dino-Group-II-Clade-8,Dino-Group-II-Clade-8_X,Dino-Group-II-Clade-8_X_sp.
c598ca94fba41069f4e73a4f1fa52e13,Eukaryota,Archaeplastida_Chlorophyta_Chlorophyta_X,Mamiellophyceae,Mamiellales,Mamiellaceae,Micromonas,Micromonas_commoda
db3ea21a4d338d3f05c537033c05f9be,Eukaryota,TSAR_Alveolata_Dinoflagellata,Syndiniales,Dino-Group-II,Dino-Group-II_X,Dino-Group-II_XX,Dino-Group-II_XX_sp.
cb67955b91288ba552af7a203ef9d980,Eukaryota,TSAR_Alveolata_Dinoflagellata,Syndiniales,Dino-Group-I,Dino-Group-I-Clade-5,Dino-Group-I-Clade-5_X,Dino-Group-I-Clade-5_X_sp.
10c423d58e44950378d4fe1471758fec,Eukaryota,TSAR_Alveolata_Dinoflagellata,,,,,
69df784aef4f701b402e38418dd6ada3,Eukaryota,TSAR_Stramenopiles_Bigyra,Opalozoa,Nanomonadea,MAST-3,MAST-3E,MAST-3E_sp.
3a42170207d94ca3ecd19b2a4a6b86e4,Eukaryota,Obazoa_Opisthokonta_Fungi,Ascomycota,Pezizomycotina,Eurotiomycetes,Aspergillus,Aspergillus_penicillioides
ae4c558f6a80f4ecf65094a0cdc094e9,Eukaryota,TSAR_Alveolata_Dinoflagellata,Syndiniales,Dino-Group-II,Dino-Group-II-Clade-1,Dino-Group-II-Clade-1_X,Dino-Group-II-Clade-1_X_sp.
00ab1b1be114e9255cbfc2067b17471b,Eukaryota,TSAR_Alveolata_Dinoflagellata,Dinophyceae,Dinophyceae_X,Dinophyceae_XX,Dinophyceae_XXX,Dinophyceae_XXX_sp.
e3b7fb3bee45f2a03a6f1dd9ae7e1388,Eukaryota,Haptista_Haptophyta_Haptophyta_X,Haptophyta_Clade_HAP4,Haptophyta_Clade_HAP4_X,Haptophyta_Clade_HAP4_XX,Haptophyta_Clade_HAP4_XXX,Haptophyta_Clade_HAP4_XXX_sp.
e22dc7597e272857543b6d90b9f4c9c3,Eukaryota,TSAR_Alveolata_Dinoflagellata,Syndiniales,Dino-Group-II,Dino-Group-II_X,Dino-Group-II_XX,Dino-Group-II_XX_sp.
993f473c12cd963381949421db1c474c,Eukaryota,TSAR_Rhizaria_Radiolaria,Polycystinea,Spumellaria,Spumellaria_3,Spumellaria_3_X,Spumellaria_3_X_sp.
c2b08ec8453f0e0c6fd2440caba86716,Eukaryota,Obazoa_Opisthokonta_Choanoflagellata,Choanoflagellatea,Choanoflagellatea_X,Choanoflagellatea_XX,Choanoflagellatea_XXX,Choanoflagellatea_XXX_sp.
14707deb631531a7086c5864138e18cf,Eukaryota,TSAR_Alveolata_Dinoflagellata,Syndiniales,Dino-Group-II,,,
fda94d4a5fecc8dc3253f8730037bf51,Eukaryota,Haptista_Haptophyta_Haptophyta_X,Prymnesiophyceae,Prymnesiales,Chrysochromulinaceae,Chrysochromulina,Chrysochromulina_sp.
eeef44c07075ce5a1489162e7a2dc449,Eukaryota,TSAR_Stramenopiles_Gyrista,Dictyochophyceae,Dictyochophyceae_X,Dictyochales,Dictyochales_X,Dictyochales_X_sp.
d6929640e25fabe136110a3fc87cb980,Eukaryota,TSAR_Stramenopiles_Gyrista,Gyrista_X,Gyrista_XX,MAST-1,MAST-1A,MAST-1A_sp.
a14c8c52c9b58cbc415962f5960bef89,Eukaryota,TSAR_Alveolata_Dinoflagellata,Dinophyceae,Peridiniales,Blastodiniaceae,Blastodinium,Blastodinium_contortum
102c3d98c1736b21c6cbcfa0b93b2bbb,Eukaryota,TSAR_Alveolata_Dinoflagellata,Dinophyceae,,,,
ac62ae1ff58b11a11c72b9e5667754d2,Eukaryota,Haptista_Haptophyta_Haptophyta_X,Prymnesiophyceae,Prymnesiophyceae_Clade_E,Prymnesiophyceae_Clade_E_X,Prymnesiophyceae_Clade_E_XX,Prymnesiophyceae_Clade_E_XX_sp.
4c3573b2ae17bec4d262a7a4f8409eff,Eukaryota,TSAR_Alveolata_Dinoflagellata,Dinophyceae,Gonyaulacales,Pyrocystaceae,Triadinium,Triadinium_polyedricum
0451aa15ad1c25c5919cae7ca1b0bfba,Eukaryota,TSAR_Alveolata_Dinoflagellata,Syndiniales,Dino-Group-I,Dino-Group-I-Clade-3,Dino-Group-I-Clade-3_X,Dino-Group-I-Clade-3_X_sp.
1d8b40e28718c28bda3545a4f26fd610,Eukaryota,TSAR_Alveolata_Dinoflagellata,Syndiniales,Dino-Group-II,Dino-Group-II-Clade-1,Dino-Group-II-Clade-1_X,Dino-Group-II-Clade-1_X_sp.
149e18e9284ca2ee5ecbeee0e863987e,Eukaryota,TSAR_Rhizaria_Radiolaria,Polycystinea,Spumellaria,Spongopylidae,,
3583413260a4daf4b2ece23891cf6e8d,Eukaryota,TSAR_Alveolata_Dinoflagellata,Dinophyceae,Dinophyceae_X,Dinophyceae_XX,Dinophyceae_XXX,Dinophyceae_XXX_sp.
f1654a895af038108a06f526e2ced243,Eukaryota,Excavata_Discoba_Euglenozoa,Diplonemea,Diplonemida,Eupelagonemidae,Eupelagonemidae_X,Eupelagonemidae_X_sp.
7c6792f744befaa136fdb47312e1bb3a,Eukaryota,Archaeplastida_Chlorophyta_Chlorophyta_X,Pseudoscourfieldiophyceae,Pseudoscourfieldiales,Pseudoscourfieldiaceae,Pseudoscourfieldia,Pseudoscourfieldia_marina
2f2e238d5169749673045cb535ce83aa,Eukaryota,TSAR_Alveolata_Dinoflagellata,Syndiniales,Dino-Group-I,Dino-Group-I-Clade-4,Euduboscquella,Euduboscquella_cachoni
07de72434ef2a5364e1f9d8d84c1c6e8,Eukaryota,TSAR_Alveolata_Dinoflagellata,Syndiniales,Dino-Group-III,Dino-Group-III_X,Dino-Group-III_XX,Dino-Group-III_XX_sp.
b38d096fc4848290d3d8c8dd65fefd08,Eukaryota,TSAR_Alveolata_Dinoflagellata,Syndiniales,Dino-Group-II,Dino-Group-II-Clade-10-and-11,Dino-Group-II-Clade-10-and-11_X,Dino-Group-II-Clade-10-and-11_X_sp.
7fceaefa91910eab0d955e3779a9979a,Eukaryota,Archaeplastida_Chlorophyta_Chlorophyta_X,Pyramimonadophyceae,Pyramimonadales,Halosphaeraceae,Halosphaera,Halosphaera_sp.
a644d50d9a0f78f9a044c9cd7c61b292,Eukaryota,TSAR_Alveolata_Dinoflagellata,Syndiniales,Dino-Group-II,Dino-Group-II-Clade-1,Dino-Group-II-Clade-1_X,Dino-Group-II-Clade-1_X_sp.
b1ac9caaddfadeddd611a6a23d487407,Eukaryota,TSAR_Alveolata_Dinoflagellata,Syndiniales,Dino-Group-II,Dino-Group-II-Clade-7,Dino-Group-II-Clade-7_X,Dino-Group-II-Clade-7_X_sp.
783c2cb70be469298485c65b776d3ccf,Eukaryota,Haptista_Haptophyta_Haptophyta_X,Prymnesiophyceae,Prymnesiales,Chrysochromulinaceae,Chrysochromulina,
55664bff2414444a076872da6c487143,Eukaryota,TSAR_Alveolata_Dinoflagellata,Syndiniales,Dino-Group-I,Dino-Group-I-Clade-1,Dino-Group-I-Clade-1_X,Dino-Group-I-Clade-1_X_sp.
cf37d8bb22b5053c215047ce6dcf7813,Eukaryota,TSAR_Stramenopiles_Bigyra,Opalozoa,Placidida,Placidiales,Placidia,Placidia_cafeteriopsis
e1fe8d5216418cd1cb4568daf4a23738,Eukaryota,TSAR_Alveolata_Dinoflagellata,Syndiniales,Dino-Group-II,Dino-Group-II-Clade-16,Dino-Group-II-Clade-16_X,Dino-Group-II-Clade-16_X_sp.
3d88e57adaf460d1d34d2d813a19b647,Eukaryota,Haptista_Haptophyta_Haptophyta_X,Prymnesiophyceae,Prymnesiales,Chrysochromulinaceae,Chrysochromulina,Chrysochromulina_sp.
cf442ac619e13265c3f5e170aef7c9e7,Eukaryota,TSAR_Alveolata_Dinoflagellata,Dinophyceae,Gonyaulacales,Pyrophacaceae,Fragilidium,Fragilidium_mexicanum
5e53ef64339abf3cae214c2524ab34d1,Eukaryota,TSAR_Alveolata_Dinoflagellata,Dinophyceae,Suessiales,Suessiaceae,Yihiella,Yihiella_yeosuensis
cc8b0d38c806793f46bb5dd3053544b3,Eukaryota,TSAR_Alveolata_Dinoflagellata,Dinophyceae,Peridiniales,Blastodiniaceae,Blastodinium,Blastodinium_sp.
2e60c4caca8285e2bb6a8c20c4640f3a,Eukaryota,Haptista_Haptophyta_Haptophyta_X,Prymnesiophyceae,Prymnesiales,Chrysochromulinaceae,Chrysochromulina,Chrysochromulina_sp.
5f49202f1d1f6e52f6c69098dc0576ff,Eukaryota,TSAR_Alveolata_Dinoflagellata,Syndiniales,Dino-Group-II,,,
207a3ff4e2d27c1ac6fc5da92c0c3ee1,Eukaryota,TSAR_Alveolata_Dinoflagellata,Dinophyceae,Dinophyceae_X,Dinophyceae_XX,Dinophyceae_XXX,Dinophyceae_XXX_sp.
636cd543f6aa7bffb9757ec3d69e481e,Eukaryota,TSAR_Stramenopiles_Gyrista,Coscinodiscophyceae,Rhizosoleniales,Rhizosoleniaceae,Guinardia,Guinardia_striata
316e06447dbf03aa0560d8a0f1395602,Eukaryota,TSAR_Alveolata_Dinoflagellata,Dinophyceae,Dinophyceae_X,Dinophyceae_XX,Dinophyceae_XXX,Dinophyceae_XXX_sp.
6cb78e4f4886523a64fdf8b5b73af746,Eukaryota,TSAR_Alveolata_Dinoflagellata,Syndiniales,Dino-Group-II,Dino-Group-II-Clade-20,Dino-Group-II-Clade-20_X,Dino-Group-II-Clade-20_X_sp.
b739eec419a29a80b26e195a3c5b4820,Eukaryota,TSAR_Alveolata_Dinoflagellata,Syndiniales,Dino-Group-II,,,
af2da244c4fe75d71e42993608155e93,Eukaryota,TSAR_Stramenopiles_Bigyra,Sagenista,Sagenista_X,MAST-7,MAST-7D,MAST-7D_sp.
61e5e69837548571d6a30d0efa54d668,Eukaryota,Haptista_Haptophyta_Haptophyta_X,Prymnesiophyceae,Prymnesiales,Chrysochromulinaceae,Chrysochromulina,Chrysochromulina_sp.
fb733ec551beace001bd582ceebc33a6,Eukaryota,TSAR_Alveolata_Dinoflagellata,Dinophyceae,Gymnodiniales,Gymnodiniaceae,Gymnodinium,Gymnodinium_sp.
b150f9deda7370ae9404fb1954124d40,Eukaryota,TSAR_Stramenopiles_Bigyra,Opalozoa,Nanomonadea,MAST-3,MAST-3B,MAST-3B_sp.
af789e8e8540b4f3450b930a7f819431,Eukaryota,Archaeplastida_Chlorophyta_Chlorophyta_X,Pyramimonadophyceae,Pyramimonadales,Pterospermaceae,Pterosperma,Pterosperma_cristatum
ed7db3d6bc41ffc5e55a4f167308cedf,Eukaryota,TSAR_Stramenopiles_Bigyra,Sagenista,Sagenista_X,MAST-4,MAST-4D,MAST-4D_sp.
cbccb9b4faa0b1e86202fd7c2c234c6a,Eukaryota,TSAR_Alveolata_Dinoflagellata,Syndiniales,Dino-Group-II,,,
16e70a7e17e21cf80bef724731b78968,Eukaryota,TSAR_Alveolata_Ciliophora,Oligohymenophorea,OLIGO5,OLIGO5_X,OLIGO5_XX,OLIGO5_XX_sp.
83823a628d77e2cf1334dc2dd6ea8370,Eukaryota,TSAR_Alveolata_Dinoflagellata,Dinophyceae,Peridiniales,Protoperidiniaceae,Protoperidinium,Protoperidinium_sp.
4069254ae2b68690461d0daceb59abe4,Eukaryota,TSAR_Alveolata_Dinoflagellata,Dinophyceae,Gymnodiniales,Gymnodiniaceae,Margalefidinium,Margalefidinium_polykrikoides
d0234e11520405e7627cd396ed797012,Eukaryota,TSAR_Alveolata_Dinoflagellata,Syndiniales,Dino-Group-II,,,
29055f4bc1da454f9cefb17833c1e0cf,Eukaryota,TSAR_Alveolata_Dinoflagellata,Dinophyceae,Dinophyceae_X,Dinophyceae_XX,Dinophyceae_XXX,Dinophyceae_XXX_sp.
952ef91c63dbc2eaa91494825d932f9b,Eukaryota,TSAR_Alveolata_Dinoflagellata,Syndiniales,Dino-Group-II,,,
d126d59c5d0ae93eb01a8a46a7bd46f3,Eukaryota,TSAR_Alveolata_Dinoflagellata,Dinophyceae,Dinophyceae_X,Dinophyceae_XX,Dinophyceae_XXX,Dinophyceae_XXX_sp.
848425ef67e3ece2f0f6356bbc03f868,Eukaryota,TSAR_Alveolata_Dinoflagellata,Syndiniales,Dino-Group-II,Dino-Group-II-Clade-20,Dino-Group-II-Clade-20_X,Dino-Group-II-Clade-20_X_sp.
33c8fc305ca20374cb81c57361e41ee1,Eukaryota,TSAR_Alveolata_Dinoflagellata,Dinophyceae,Gymnodiniales,,,
93ed0b4cd4057eac427470825c5d802d,Eukaryota,Haptista_Haptophyta_Haptophyta_X,Prymnesiophyceae,Prymnesiales,Chrysochromulinaceae,Chrysochromulina,Chrysochromulina_sp.
eac3d339fbc3149eaf20d98c6aa19573,Eukaryota,TSAR_Alveolata_Dinoflagellata,Syndiniales,,,,
de537e4d1e22d24a27fc7cfd140dab9c,Eukaryota,TSAR_Alveolata_Dinoflagellata,Syndiniales,Dino-Group-II,Dino-Group-II-Clade-20,Dino-Group-II-Clade-20_X,Dino-Group-II-Clade-20_X_sp.
ff5cc917d8f3e61f174faa006b32e677,Eukaryota,TSAR_Stramenopiles_Gyrista,Mediophyceae,Cymatosirales,Cymatosiraceae,Minutocellus,
2a36ddce6aa755a19ab4d163b08ae486,Eukaryota,TSAR_Alveolata_Dinoflagellata,Syndiniales,Dino-Group-II,Dino-Group-II-Clade-10-and-11,Dino-Group-II-Clade-10-and-11_X,Dino-Group-II-Clade-10-and-11_X_sp.
281ab3d1edaaf5db29b8ac0d7bdd6a34,Eukaryota,TSAR_Alveolata_Dinoflagellata,Dinophyceae,Gymnodiniales,Gymnodiniaceae,Gymnodinium,Gymnodinium_catenatum
85515f61b7f10a5dede27fb2d93e25cd,Eukaryota,TSAR_Alveolata_Dinoflagellata,Dinophyceae,Dinophysales,Oxyphysiaceae,Phalachroma,Phalacroma_oxytoxoides
1b94e80d232c3ed1fbf22683d712db17,Eukaryota,TSAR_Rhizaria_Radiolaria,Acantharea,Acantharea_C,Acantharea_C2,Gigartacon-C2,Gigartacon-C2_fragilis
bc2d7a542f4a742be6900bcc7fc3e9cd,Eukaryota,TSAR_Alveolata_Dinoflagellata,,,,,
3af6c4daf21c540baccb4e2309aa4e08,Eukaryota,TSAR_Alveolata_Dinoflagellata,Syndiniales,Dino-Group-I,Dino-Group-I-Clade-5,Dino-Group-I-Clade-5_X,Dino-Group-I-Clade-5_X_sp.
e5f7ed5128a99ae0c5d966bde7f73efb,Eukaryota,TSAR_Stramenopiles_Gyrista,Mediophyceae,Chaetocerotales,Chaetocerotaceae,Chaetoceros,Chaetoceros_contortus
679226a3131c99e8056f35bb33c3775d,Eukaryota,TSAR_Alveolata_Dinoflagellata,Dinophyceae,Peridiniales,Blastodiniaceae,Blastodinium,Blastodinium_navicula
9417a3f124f36fa4d4a3aa4ca7ecbd08,Eukaryota,TSAR_Rhizaria_Cercozoa,Chlorarachniophyceae,Chlorarachniophyceae_X,NPK2-lineage,NPK2-lineage_X,NPK2-lineage_X_sp.
e3162a81c2f04d70893018e1e6b55ec4,Eukaryota,Obazoa_Opisthokonta_Fungi,Basidiomycota,Ustilaginomycotina,Exobasidiomycetes,Exobasidiomycetes_X,Exobasidiomycetes_X_sp.
d2fe18e8b68eebe28f909ecccf38f7bb,Eukaryota,TSAR_Alveolata_Dinoflagellata,Syndiniales,Dino-Group-I,Dino-Group-I-Clade-5,Dino-Group-I-Clade-5_X,Dino-Group-I-Clade-5_X_sp.
ed756688419928fabac10275db93ffb8,Eukaryota,TSAR_Rhizaria_Radiolaria,RAD-B,RAD-B_X,RAD-B_X_Group-Ic,RAD-B_X_Group-Ic_X,RAD-B_X_Group-Ic_X_sp.
35b7c6654c89c3ffc7b56e7c713b9f66,Eukaryota,Haptista_Haptophyta_Haptophyta_X,Prymnesiophyceae,Prymnesiales,Chrysochromulinaceae,Chrysochromulina,Chrysochromulina_scutellum
c85379867f8e1955e654e50cacbf278a,Eukaryota,TSAR_Alveolata_Dinoflagellata,Syndiniales,Dino-Group-II,Dino-Group-II-Clade-15,Dino-Group-II-Clade-15_X,Dino-Group-II-Clade-15_X_sp.
2aa97bd23dc752461d59a701904bf0c6,Eukaryota,TSAR_Alveolata_Dinoflagellata,Syndiniales,Dino-Group-I,Dino-Group-I-Clade-5,Dino-Group-I-Clade-5_X,Dino-Group-I-Clade-5_X_sp.
d6e0be99cdce89b81cba53483ea77d8e,Eukaryota,Haptista_Haptophyta_Haptophyta_X,Prymnesiophyceae,Prymnesiales,Prymnesiaceae,,
6a50b0bc2839b9e3d20d9730d86c9074,Eukaryota,TSAR_Alveolata_Dinoflagellata,Syndiniales,Dino-Group-III,Dino-Group-III_X,Dino-Group-III_XX,Dino-Group-III_XX_sp.
89ec34e9e638f9fd705925a5bd3667e5,Eukaryota,TSAR_Alveolata_Dinoflagellata,Syndiniales,Dino-Group-II,Dino-Group-II-Clade-15,Dino-Group-II-Clade-15_X,Dino-Group-II-Clade-15_X_sp.
88e80342afb8a4bfa10fa9e9845ebf84,Eukaryota,TSAR_Alveolata_Apicomplexa,Gregarinomorphea,Eugregarinorida,Cephaloidophoridae,Cephaloidophora,Cephaloidophora_sp.
1d80b560f3e019de3812e70100280ff8,Eukaryota,TSAR_Stramenopiles_Gyrista,Bacillariophyceae,Bacillariophyceae_X,Bacillariophyceae_XX,Bacillariophyceae_XXX,Bacillariophyceae_XXX_sp.
cc17ef8fcae06bd0e34bae5015a1b65f,Eukaryota,TSAR_Alveolata_Dinoflagellata,Syndiniales,Dino-Group-I,Dino-Group-I-Clade-5,Dino-Group-I-Clade-5_X,Dino-Group-I-Clade-5_X_sp.
e63309752e35dc0caaf75de6fcfd1024,Eukaryota,TSAR_Alveolata_Dinoflagellata,Syndiniales,Dino-Group-I,Dino-Group-I-Clade-2,Dino-Group-I-Clade-2_X,Dino-Group-I-Clade-2_X_sp.
2f0747c9cde4be2e885c57bbe2c8c226,Eukaryota,TSAR_Alveolata_Dinoflagellata,Syndiniales,Dino-Group-I,Dino-Group-I-Clade-5,Dino-Group-I-Clade-5_X,Dino-Group-I-Clade-5_X_sp.
cd74d89db48e3c4733344c584295b636,Eukaryota,TSAR_Alveolata_Dinoflagellata,Syndiniales,Dino-Group-II,Dino-Group-II-Clade-3,Dino-Group-II-Clade-3_X,Dino-Group-II-Clade-3_X_sp.
8bead99f84ec9a8de3c742b9cfef0e50,Eukaryota,TSAR_Alveolata_Dinoflagellata,Dinophyceae,Gonyaulacales,Gonyaulacaceae,Gonyaulax,
be809b3a0ca6a8601d7d5a419533de26,Eukaryota,TSAR_Stramenopiles_Bigyra,Sagenista,Sagenista_X,MAST-4,MAST-4D,MAST-4D_sp.
e30a9927db32f6d99fec40f1a503277e,Eukaryota,TSAR_Alveolata_Dinoflagellata,Syndiniales,Dino-Group-I,Dino-Group-I-Clade-5,Dino-Group-I-Clade-5_X,Dino-Group-I-Clade-5_X_sp.
bb27bb76fe916774a75b001a8fe20f40,Eukaryota,TSAR_Alveolata_Dinoflagellata,Syndiniales,Dino-Group-II,Dino-Group-II-Clade-6,Dino-Group-II-Clade-6_X,Dino-Group-II-Clade-6_X_sp.
54e7e3b0ea92ca791ceebe8ddf8db787,Eukaryota,TSAR_Alveolata_Dinoflagellata,Syndiniales,Dino-Group-I,Dino-Group-I-Clade-5,Dino-Group-I-Clade-5_X,Dino-Group-I-Clade-5_X_sp.
3efe8c270ffeb3010710b6c74433c96f,Eukaryota,TSAR_Alveolata_Dinoflagellata,Syndiniales,Dino-Group-II,Dino-Group-II-Clade-3,Dino-Group-II-Clade-3_X,Dino-Group-II-Clade-3_X_sp.
454a944f0e10efc10d9bd0f7ac3ff94c,Eukaryota,TSAR_Alveolata_Dinoflagellata,Syndiniales,Dino-Group-I,Dino-Group-I-Clade-3,Dino-Group-I-Clade-3_X,Dino-Group-I-Clade-3_X_sp.
0ad6a9ab4d282f2ffa3e9fab582647bf,Eukaryota,Archaeplastida_Chlorophyta_Chlorophyta_X,Chlorodendrophyceae,Chlorodendrales,Chlorodendraceae,Tetraselmis,Tetraselmis_sp.
18f0d611c19dcce2dc5bf705e1c941e1,Eukaryota,TSAR_Alveolata_Dinoflagellata,Syndiniales,Dino-Group-II,Dino-Group-II-Clade-10-and-11,Dino-Group-II-Clade-10-and-11_X,Dino-Group-II-Clade-10-and-11_X_sp.
e22ce9a19491dd8cea51218d7761e065,Eukaryota,TSAR_Alveolata_Dinoflagellata,Syndiniales,Dino-Group-II,Dino-Group-II-Clade-21,Dino-Group-II-Clade-21_X,Dino-Group-II-Clade-21_X_sp.
1a447686edb91d57e140a580a748ed5c,Eukaryota,TSAR_Alveolata_Dinoflagellata,Dinophyceae,Dinophyceae_X,Dinophyceae_XX,Dinophyceae_XXX,Dinophyceae_XXX_sp.
86c05d9e333b2b3d2dfb4b80e7aec0fc,Eukaryota,TSAR_Stramenopiles_Gyrista,Mediophyceae,Thalassiosirales,Stephanodiscaceae,Cyclotella,
6dbc415358cf85abd24c12986f1b7ed1,Eukaryota,Obazoa_Opisthokonta_Fungi,Ascomycota,Pezizomycotina,Eurotiomycetes,,
5618acf67982a49e6256408e2a17a710,Eukaryota,TSAR_Alveolata_Dinoflagellata,Dinophyceae,Dinophyceae_X,Dinophyceae_XX,Dinophyceae_XXX,Dinophyceae_XXX_sp.
829f7b126e3387faa6bc1854b6e90d0e,Eukaryota,TSAR_Alveolata_Dinoflagellata,Syndiniales,Dino-Group-III,Dino-Group-III_X,Dino-Group-III_XX,Dino-Group-III_XX_sp.
f55648a732edb7e4599ef8b1ce3da2dd,Eukaryota,TSAR_Stramenopiles_Gyrista,Chrysophyceae,Ochromonadales,Ochromonadales_clade-V,Ochromonadales_clade-V_X,Ochromonadales_clade-V_X_sp.
1ab46411dd9fb821197531ae51c1d787,Eukaryota,Amoebozoa_Discosea_Discosea_X,Centramoebia,Acanthopodida,Acanthamoebidae,Acanthamoeba,
110bc62a673f1a2b665fa4247cacecbb,Eukaryota,TSAR_Alveolata_Dinoflagellata,Syndiniales,Dino-Group-II,Dino-Group-II-Clade-21,Dino-Group-II-Clade-21_X,Dino-Group-II-Clade-21_X_sp.
d55bd4630c051a8319c148c0aeb3394d,Eukaryota,TSAR_Alveolata_Dinoflagellata,Syndiniales,Dino-Group-II,Dino-Group-II-Clade-22,Dino-Group-II-Clade-22_X,Dino-Group-II-Clade-22_X_sp.
ba5153e58f4b89c817a62bfe925744bd,Eukaryota,TSAR_Alveolata_Dinoflagellata,Syndiniales,Dino-Group-II,Dino-Group-II-Clade-1,Dino-Group-II-Clade-1_X,Dino-Group-II-Clade-1_X_sp.
63dc8cc5b71ccd298c50b9289b497730,Eukaryota,TSAR_Alveolata_Dinoflagellata,Syndiniales,Dino-Group-I,Dino-Group-I-Clade-3,Dino-Group-I-Clade-3_X,Dino-Group-I-Clade-3_X_sp.
c86c762aa5f33183aff45547bfc903d5,Eukaryota,TSAR_Alveolata_Dinoflagellata,Syndiniales,Dino-Group-II,Dino-Group-II-Clade-1,Dino-Group-II-Clade-1_X,Dino-Group-II-Clade-1_X_sp.
ad644e118f7c29e979b9dd5df51c91dd,Eukaryota,TSAR_Rhizaria_Cercozoa,Filosa-Thecofilosea,Cryomonadida,Cryothecomonas-lineage,Cryothecomonas,
548e6cb906db5736662f2d4a70671f44,Eukaryota,TSAR_Alveolata_Dinoflagellata,Dinophyceae,Dinophyceae_X,Dinophyceae_XX,Dinophyceae_XXX,Dinophyceae_XXX_sp.
ae5bff010dd8682c8548b7fe098d3e15,Eukaryota,TSAR_Alveolata_Dinoflagellata,Dinophyceae,Dinophyceae_X,Dinophyceae_XX,Dinophyceae_XXX,Dinophyceae_XXX_sp.
2988f56220f0029d1460559441fb8e7a,Eukaryota,TSAR_Alveolata_Dinoflagellata,Syndiniales,Dino-Group-II,Dino-Group-II-Clade-7,Dino-Group-II-Clade-7_X,Dino-Group-II-Clade-7_X_sp.
e2594f150be344c22f52d88c532f4c38,Eukaryota,__,,,,,
8a9e8b1fc525dec58569be1df98399b1,Eukaryota,TSAR_Alveolata_Dinoflagellata,Syndiniales,Dino-Group-II,Dino-Group-II-Clade-6,Dino-Group-II-Clade-6_X,Dino-Group-II-Clade-6_X_sp.
a4fcbf873db09eb11723c59da6b93094,Eukaryota,TSAR_Alveolata_Dinoflagellata,Syndiniales,Dino-Group-I,Dino-Group-I-Clade-5,Dino-Group-I-Clade-5_X,Dino-Group-I-Clade-5_X_sp.
0535e05fcbb603ed3091fe8a70332494,Eukaryota,TSAR_Alveolata_Dinoflagellata,Syndiniales,Dino-Group-I,Dino-Group-I-Clade-3,Dino-Group-I-Clade-3_X,Dino-Group-I-Clade-3_X_sp.
8d4734eb6a12784dc755d12e9e233794,Eukaryota,TSAR_Rhizaria_Radiolaria,Polycystinea,Spumellaria,Rhizosphaeridae,Rhizosphaera,Rhizosphaera_sp.
c7ee0748837e2e4e7891ac54bc844db6,Eukaryota,TSAR_Alveolata_Dinoflagellata,Syndiniales,Dino-Group-I,Dino-Group-I-Clade-5,Dino-Group-I-Clade-5_X,Dino-Group-I-Clade-5_X_sp.
024cfe8ae58195d6ea73a924854e483a,Eukaryota,TSAR_Alveolata_Dinoflagellata,Syndiniales,Dino-Group-I,Dino-Group-I-Clade-2,Dino-Group-I-Clade-2_X,Dino-Group-I-Clade-2_X_sp.
2638b88ba0f83d8f1d19bc5bc5dbb6b2,Eukaryota,TSAR_Alveolata_Dinoflagellata,Syndiniales,Dino-Group-II,Dino-Group-II-Clade-10-and-11,Dino-Group-II-Clade-10-and-11_X,Dino-Group-II-Clade-10-and-11_X_sp.
0498a75bae1d9720c13a766546d52747,Eukaryota,Obazoa_Opisthokonta_Fungi,Ascomycota,Saccharomycotina,Saccharomycetales,Hanseniaspora,Hanseniaspora_uvarum
d156c69e84c4b67db5c7445024905322,Eukaryota,TSAR_Alveolata_Dinoflagellata,Dinophyceae,Dinophyceae_X,Dinophyceae_XX,Dinophyceae_XXX,Dinophyceae_XXX_sp.
c79132b6bcab989aaac664e815749865,Eukaryota,TSAR_Alveolata_Dinoflagellata,Syndiniales,Dino-Group-II,Dino-Group-II-Clade-28,Dino-Group-II-Clade-28_X,Dino-Group-II-Clade-28_X_sp.
3d95d6d71d86b63bc87234a406a0c657,Eukaryota,TSAR_Alveolata_Ciliophora,CONThreeP,CONThreeP_X,Discotrichidae,NASSO_1,NASSO_1_sp.
94ff523f011125bdf26b9b71809fa4a9,Eukaryota,TSAR_Alveolata_Dinoflagellata,Syndiniales,Dino-Group-II,Dino-Group-II-Clade-6,Dino-Group-II-Clade-6_X,Dino-Group-II-Clade-6_X_sp.
3d9e51d9420aaa8a3bf7659bb72a2eb6,Eukaryota,TSAR_Alveolata_Dinoflagellata,Syndiniales,Dino-Group-I,Dino-Group-I-Clade-5,Dino-Group-I-Clade-5_X,Dino-Group-I-Clade-5_X_sp.
16a10dd63fd39fedf8fcf32e08ce6f51,Eukaryota,TSAR_Alveolata_Dinoflagellata,Dinophyceae,Dinophyceae_X,Dinophyceae_XX,Dinophyceae_XXX,Dinophyceae_XXX_sp.
ca9d1f3d3a30e6d4a2a6792744dfbb64,Eukaryota,TSAR_Alveolata_Dinoflagellata,Syndiniales,Dino-Group-II,Dino-Group-II-Clade-2,Dino-Group-II-Clade-2_X,Dino-Group-II-Clade-2_X_sp.
e818d57914b05b9fb13f819fb14d47ec,Eukaryota,TSAR_Alveolata_Dinoflagellata,Syndiniales,Dino-Group-I,Dino-Group-I-Clade-2,Dino-Group-I-Clade-2_X,Dino-Group-I-Clade-2_X_sp.
7f246c69a9d74c9b97def5505beaee5e,Eukaryota,TSAR_Alveolata_Dinoflagellata,Syndiniales,Dino-Group-II,Dino-Group-II-Clade-23,Dino-Group-II-Clade-23_X,Dino-Group-II-Clade-23_X_sp.
f9dd157c9dcf78fd733a2ae28253d627,Eukaryota,TSAR_Alveolata_Dinoflagellata,Syndiniales,Dino-Group-I,Dino-Group-I-Clade-5,Dino-Group-I-Clade-5_X,Dino-Group-I-Clade-5_X_sp.
591009fe7995998d91b3cd30210b194c,Eukaryota,Amoebozoa_Discosea_Discosea_X,Flabellinia,Vannellida,Vannellidae,Vannella,Vannella_sp.
77d6a8ca4fc07058537e392d2930d67c,Eukaryota,TSAR_Alveolata_Dinoflagellata,Syndiniales,Dino-Group-II,Dino-Group-II-Clade-10-and-11,Dino-Group-II-Clade-10-and-11_X,Dino-Group-II-Clade-10-and-11_X_sp.
0033f96abcb97085a75b5ced47a47165,Eukaryota,TSAR_Alveolata_Ciliophora,Spirotrichea,Oligotrichida,Tontoniidae,Laboea,Laboea_sp.
ad58a5683e403f2282dca0424337cd0c,Eukaryota,TSAR_Alveolata_Dinoflagellata,Dinophyceae,Gonyaulacales,Protoceratiaceae,Protoceratium,Protoceratium_reticulatum
c5784b71c14d2db88461844e00b6c98f,Eukaryota,TSAR_Alveolata_Ciliophora,Oligohymenophorea,Apostomatia,Pseudocolliniidae,,
186a82ef0cfb085a8fbe9a6fed078430,Eukaryota,TSAR_Alveolata_Dinoflagellata,Syndiniales,Dino-Group-I,Dino-Group-I-Clade-2,Dino-Group-I-Clade-2_X,Dino-Group-I-Clade-2_X_sp.
94bddf1bb23de53a92ec74af3399ea6a,Eukaryota,TSAR_Alveolata_Dinoflagellata,Syndiniales,Dino-Group-II,Dino-Group-II-Clade-10-and-11,Dino-Group-II-Clade-10-and-11_X,Dino-Group-II-Clade-10-and-11_X_sp.
c3ca41ee5418bea9dc04585f9a003baa,Eukaryota,TSAR_Alveolata_Dinoflagellata,Syndiniales,Dino-Group-II,Dino-Group-II-Clade-44,Dino-Group-II-Clade-44_X,Dino-Group-II-Clade-44_X_sp.
8b1524b6dc625fd5dc61b40c4d2b0d17,Eukaryota,TSAR_Alveolata_Dinoflagellata,Syndiniales,Dino-Group-II,Dino-Group-II-Clade-16,Dino-Group-II-Clade-16_X,Dino-Group-II-Clade-16_X_sp.
8f7b4784bdb24e8318698abb69de0169,Eukaryota,Excavata_Discoba_Euglenozoa,Kinetoplastea,Neobodonida,Rhynchomonadidae,Rhynchomonas,Rhynchomonas_sp.
69ffe0dde7706212f810bd9b3dc31def,Eukaryota,TSAR_Alveolata_Ciliophora,Spirotrichea,Oligotrichida,Tontoniidae,Spirotontonia,Spirotontonia_sp.
bee67bf7096c7685edade11798b20f42,Eukaryota,TSAR_Alveolata_Dinoflagellata,Syndiniales,Dino-Group-II,Dino-Group-II-Clade-10-and-11,Dino-Group-II-Clade-10-and-11_X,Dino-Group-II-Clade-10-and-11_X_sp.
efc045d35907b8a96a020543827d4945,Eukaryota,TSAR_Alveolata_Dinoflagellata,Syndiniales,Dino-Group-II,Dino-Group-II-Clade-18,Dino-Group-II-Clade-18_X,Dino-Group-II-Clade-18_X_sp.
e0c85a465238627e8467c8a191bdf833,Eukaryota,TSAR_Alveolata_Dinoflagellata,Syndiniales,Dino-Group-I,Dino-Group-I-Clade-5,Dino-Group-I-Clade-5_X,Dino-Group-I-Clade-5_X_sp.
034ea86a5bd7bba64d1ebe78ff1a23d8,Eukaryota,Haptista_Haptophyta_Haptophyta_X,Prymnesiophyceae,Prymnesiales,Chrysochromulinaceae,Chrysochromulina,Chrysochromulina_sp.
11b271a9c188ff0fe17e09dee57063fb,Eukaryota,TSAR_Alveolata_Dinoflagellata,Syndiniales,Dino-Group-II,Dino-Group-II-Clade-10-and-11,Dino-Group-II-Clade-10-and-11_X,Dino-Group-II-Clade-10-and-11_X_sp.
f1956b7a5378044f7852a0d814dafddd,Eukaryota,TSAR_Rhizaria_Radiolaria,Polycystinea,Spumellaria,Spumellaria_1,Spumellaria_1_X,Spumellaria_1_X_sp.
099bf2a3e0b86d65a387c94924d5e9f4,Eukaryota,TSAR_Alveolata_Dinoflagellata,Syndiniales,Dino-Group-II,Dino-Group-II-Clade-10-and-11,Dino-Group-II-Clade-10-and-11_X,Dino-Group-II-Clade-10-and-11_X_sp.
cf30e087cc0cfc1af5f62f94b9ddc92c,Eukaryota,TSAR_Alveolata_Dinoflagellata,Syndiniales,Dino-Group-II,Dino-Group-II-Clade-6,Dino-Group-II-Clade-6_X,Dino-Group-II-Clade-6_X_sp.
468af60b57fb2b7f894aef5d42221370,Eukaryota,TSAR_Alveolata_Ciliophora,Spirotrichea,Choreotrichida,Strobilidiidae,Strobilidiidae_X,Strobilidiidae_X_sp.
5608dc3ad965d4b4760cd8dfe9396ab8,Eukaryota,TSAR_Alveolata_Dinoflagellata,Syndiniales,Dino-Group-II,Dino-Group-II-Clade-10-and-11,Dino-Group-II-Clade-10-and-11_X,Dino-Group-II-Clade-10-and-11_X_sp.
22dd8b37f26ee761d89ed03170d2677a,Eukaryota,TSAR_Stramenopiles_Gyrista,Bacillariophyceae,,,,
b15d5c2f0822580d266757682f07f49d,Eukaryota,TSAR_Alveolata_Ciliophora,Spirotrichea,Oligotrichida,Strombidiidae,Strombidiidae_X,Strombidiidae_X_sp.
e12516ad8410db501df9ab3714e79c11,Eukaryota,TSAR_Alveolata_Dinoflagellata,Syndiniales,Dino-Group-II,Dino-Group-II-Clade-7,Dino-Group-II-Clade-7_X,Dino-Group-II-Clade-7_X_sp.
8647270348a0608b4f4746f1674ca338,Eukaryota,TSAR_Alveolata_Dinoflagellata,Syndiniales,Dino-Group-II,Dino-Group-II-Clade-10-and-11,Dino-Group-II-Clade-10-and-11_X,Dino-Group-II-Clade-10-and-11_X_sp.
f15b290ae39138317483ed5c5cf62e7b,Eukaryota,TSAR_Alveolata_Dinoflagellata,Syndiniales,Dino-Group-II,,,
4419eaf6411f406453cd960b39883cee,Eukaryota,TSAR_Alveolata_Dinoflagellata,Syndiniales,Dino-Group-II,Dino-Group-II-Clade-3,Dino-Group-II-Clade-3_X,Dino-Group-II-Clade-3_X_sp.
9c4473d70c6ff8cfff4cd3323ad658a0,Eukaryota,TSAR_Rhizaria_Radiolaria,RAD-B,RAD-B_X,RAD-B_X_Group-IVd,RAD-B_X_Group-IVd_X,RAD-B_X_Group-IVd_X_sp.
9d53616fc795011cac729d02717b0f47,Eukaryota,TSAR_Alveolata_Dinoflagellata,Syndiniales,Dino-Group-II,Dino-Group-II-Clade-7,Dino-Group-II-Clade-7_X,Dino-Group-II-Clade-7_X_sp.
a7f9d6ef99e8f6aced69d65a1cabd329,Eukaryota,TSAR_Alveolata_Dinoflagellata,Syndiniales,Dino-Group-II,Dino-Group-II-Clade-7,Dino-Group-II-Clade-7_X,Dino-Group-II-Clade-7_X_sp.
8b3819339cfdacf86c7aedcbac4ec76a,Eukaryota,TSAR_Alveolata_Dinoflagellata,Syndiniales,Dino-Group-I,Dino-Group-I-Clade-8,Dino-Group-I-Clade-8_X,Dino-Group-I-Clade-8_X_sp.
9fd19c203dcbe22b3ebf164c5c7fa190,Eukaryota,TSAR_Stramenopiles_Bigyra,Sagenista,Sagenista_X,MAST-7,MAST-7D,MAST-7D_sp.
f55d382489f407ff081339f714cedba4,Eukaryota,TSAR_Rhizaria_Cercozoa,Filosa-Thecofilosea,Ebriacea,TAGIRI1-lineage,TAGIRI1-lineage_X,TAGIRI1-lineage_X_sp.
c8a09d777e432ee040942d45c9529aae,Eukaryota,TSAR_Alveolata_Dinoflagellata,Syndiniales,Dino-Group-II,Dino-Group-II-Clade-1,Dino-Group-II-Clade-1_X,Dino-Group-II-Clade-1_X_sp.
4b6d5280f10f3c84b00694606198e963,Eukaryota,Cryptista_Kathablepharidacea_Kathablepharida,Kathablepharidea,Kathablepharidida,Kathablepharidida_X,Kathablepharidida_XX,Kathablepharidida_XX_sp.
3b10272aec1fd26db7af3104e8285500,Eukaryota,TSAR_Alveolata_Dinoflagellata,Dinophyceae,Dinophyceae_X,Dinophyceae_XX,Dinophyceae_XXX,Dinophyceae_XXX_sp.
82fd8e3a0107769e610c0f32a72b047c,Eukaryota,TSAR_Alveolata_Dinoflagellata,Syndiniales,Dino-Group-II,Dino-Group-II-Clade-10-and-11,Dino-Group-II-Clade-10-and-11_X,Dino-Group-II-Clade-10-and-11_X_sp.
ad077231960fbeb384a9dd648eaf4299,Eukaryota,TSAR_Alveolata_Ciliophora,Oligohymenophorea,OLIGO5,OLIGO5_X,OLIGO5_XX,OLIGO5_XX_sp.
49a7efe715dc430348c2096d2ab001fe,Eukaryota,TSAR_Alveolata_Dinoflagellata,Syndiniales,Dino-Group-II,Dino-Group-II-Clade-32,Dino-Group-II-Clade-32_X,Dino-Group-II-Clade-32_X_sp.
698541728ed9d6d823aed378d31ad4d2,Eukaryota,TSAR_Alveolata_Dinoflagellata,Syndiniales,Dino-Group-II,,,
00e39460189e0e0290972eb171cf7e71,Eukaryota,TSAR_Alveolata_Dinoflagellata,Syndiniales,Dino-Group-II,Dino-Group-II-Clade-26,Dino-Group-II-Clade-26_X,Dino-Group-II-Clade-26_X_sp.
4b0d8b4f3f99c495a02d2bfd249b4ab6,Eukaryota,TSAR_Alveolata_Dinoflagellata,Syndiniales,Dino-Group-II,Dino-Group-II-Clade-7,Dino-Group-II-Clade-7_X,Dino-Group-II-Clade-7_X_sp.
cef0a518726937a6c465c4f5fcbb67fa,Eukaryota,TSAR_Alveolata_Dinoflagellata,Dinophyceae,Peridiniales,Thoracosphaeraceae,Stoeckeria,
e51488508d33bcedaf0bd2169f449767,Eukaryota,TSAR_Stramenopiles_Bigyra,Sagenista,Labyrinthulomycetes,Labyrinthulomycetes_LAB15,Labyrinthulomycetes_LAB15_X,Labyrinthulomycetes_LAB15_X_sp.
4af07f73c27351890c254777f1d1bd5c,Eukaryota,TSAR_Alveolata_Dinoflagellata,Syndiniales,Dino-Group-II,Dino-Group-II-Clade-10-and-11,Dino-Group-II-Clade-10-and-11_X,Dino-Group-II-Clade-10-and-11_X_sp.
5dcc5412f537feb45f762761693a8f16,Eukaryota,Excavata_Discoba_Euglenozoa,Diplonemea,Diplonemida,Eupelagonemidae,Eupelagonemidae_X,Eupelagonemidae_X_sp.
9993362ed62c2cdc83c62cf14d07075b,Eukaryota,TSAR_Alveolata_Dinoflagellata,Dinophyceae,Peridiniales,,,
71f7fcb5cc7e994e6cf7b34f2b546f5e,Eukaryota,Obazoa_Opisthokonta_Fungi,Basidiomycota,Agaricomycotina,Tremellomycetes,Tremellomycetes_X,Tremellomycetes_X_sp.
59f2434f134fea3bf042778b21c12443,Eukaryota,TSAR_Alveolata_Dinoflagellata,Syndiniales,Dino-Group-II,Dino-Group-II-Clade-10-and-11,Dino-Group-II-Clade-10-and-11_X,Dino-Group-II-Clade-10-and-11_X_sp.
fe05b8ec3dfe53c54cbb910661fefa13,Eukaryota,TSAR_Alveolata_Dinoflagellata,Syndiniales,Dino-Group-I,Dino-Group-I-Clade-2,Dino-Group-I-Clade-2_X,Dino-Group-I-Clade-2_X_sp.
6b190c80740c945ed7ad8c3aa8eba1f8,Eukaryota,TSAR_Alveolata_Dinoflagellata,Syndiniales,Dino-Group-III,Dino-Group-III_X,Dino-Group-III_XX,Dino-Group-III_XX_sp.
2097a5dfde153fe02a4ba63789bf3e7d,Eukaryota,TSAR_Alveolata_Ciliophora,Spirotrichea,Choreotrichida-Tintinnina,Dictyocystidae,Dictyocysta,Dictyocysta_sp.
94f1429f5ddb91ee3ddde313fa9038b4,Eukaryota,TSAR_Rhizaria_Cercozoa,Chlorarachniophyceae,Chlorarachnida,Chlorarachnida_X,Partenskyella,Partenskyella_glossopodia
c2403823e7d216042680a88b2361f218,Eukaryota,TSAR_Alveolata_Dinoflagellata,Dinophyceae,,,,
d6d93d52fa20520dba81285f1e75c001,Eukaryota,TSAR_Alveolata_Dinoflagellata,Syndiniales,Dino-Group-I,Dino-Group-I-Clade-2,Dino-Group-I-Clade-2_X,Dino-Group-I-Clade-2_X_sp.
853ab03cae91ab37ba9f9816383649d0,Eukaryota,Haptista_Haptophyta_Haptophyta_X,Prymnesiophyceae,Prymnesiales,Chrysochromulinaceae,Chrysochromulina,
569707b745d280121fda1f316c4bcfb0,Eukaryota,TSAR_Alveolata_Dinoflagellata,Dinophyceae,Dinophyceae_X,Dinophyceae_XX,Dinophyceae_XXX,Dinophyceae_XXX_sp.
11c54cf3a18bf288cb36861ed4ed7db4,Eukaryota,TSAR_Alveolata_Dinoflagellata,Dinophyceae,Dinophyceae_X,Dinophyceae_XX,Dinophyceae_XXX,Dinophyceae_XXX_sp.
5d7b498be11f806f40259e055b23ba25,Eukaryota,TSAR_Alveolata_Dinoflagellata,Syndiniales,Dino-Group-II,Dino-Group-II-Clade-1,Dino-Group-II-Clade-1_X,Dino-Group-II-Clade-1_X_sp.
cf6a4f2ba4339a8049e1c1942dcfa90c,Eukaryota,TSAR_Alveolata_Dinoflagellata,Syndiniales,Dino-Group-I,Dino-Group-I-Clade-5,Dino-Group-I-Clade-5_X,Dino-Group-I-Clade-5_X_sp.
92395b1c35e1c121f2e20eaf29ca4892,Eukaryota,TSAR_Stramenopiles_Gyrista,Mediophyceae,Thalassiosirales,Lauderiaceae,Lauderia,Lauderia_annulata
825700f9bbe55cba09a8c70c72753b6e,Eukaryota,TSAR_Stramenopiles_Gyrista,Coscinodiscophyceae,Coscinodiscophyceae_X,Coscinodiscophyceae_XX,Coscinodiscophyceae_XXX,Coscinodiscophyceae_XXX_sp.
b7c1670b964198d2636440147ca88865,Eukaryota,TSAR_Alveolata_Dinoflagellata,Syndiniales,Dino-Group-II,Dino-Group-II-Clade-10-and-11,Dino-Group-II-Clade-10-and-11_X,Dino-Group-II-Clade-10-and-11_X_sp.
3d58348ba365142f3f8b1a354a7daf73,Eukaryota,Haptista_Haptophyta_Haptophyta_X,Prymnesiophyceae,Prymnesiales,Chrysochromulinaceae,Chrysochromulina,
1c1ce67b031558ed44adc6451a3cec70,Eukaryota,TSAR_Rhizaria_Radiolaria,Polycystinea,Nassellaria,Collophidiidae,Collophidiidae_X,Collophidiidae_X_sp.
80dfd1938eb6f4f6b5f49db1a873a1c0,Eukaryota,TSAR_Stramenopiles_Gyrista,Gyrista_X,Gyrista_XX,MAST-1,MAST-1C,MAST-1C_sp.
b89326fb3697d37a969eafe962bc82dc,Eukaryota,Haptista_Haptophyta_Haptophyta_X,Prymnesiophyceae,Prymnesiales,Prymnesiales_X,Chrysocampanula,Chrysocampanula_spinifera
c16f0e9bde78ac5c989fdcb9f68cd5dc,Eukaryota,TSAR_Stramenopiles_Gyrista,Coscinodiscophyceae,Rhizosoleniales,Rhizosoleniaceae,Rhizosolenia,Rhizosolenia_shrubsolei
c1dcbe2e14aabe4582a69be459f7b169,Eukaryota,TSAR_Alveolata_Dinoflagellata,Syndiniales,Dino-Group-I,Dino-Group-I-Clade-5,Dino-Group-I-Clade-5_X,Dino-Group-I-Clade-5_X_sp.
d113735c10834999ac959ad4339c5d82,Eukaryota,TSAR_Alveolata_Dinoflagellata,Dinophyceae,Dinophyceae_X,Dinophyceae_XX,Dinophyceae_XXX,Dinophyceae_XXX_sp.
2bfac8369d83852c4ce58305b9c04a9a,Eukaryota,TSAR_Rhizaria_Radiolaria,RAD-B,RAD-B_X,RAD-B_X_Group-Ic,RAD-B_X_Group-Ic_X,RAD-B_X_Group-Ic_X_sp.
9d3f78c25e1adf95ce8ac07ea64c1050,Eukaryota,TSAR_Alveolata_Dinoflagellata,Syndiniales,Dino-Group-II,Dino-Group-II-Clade-26,Dino-Group-II-Clade-26_X,Dino-Group-II-Clade-26_X_sp.
8188a4fa4b82889d9ea3aae4dae6e052,Eukaryota,TSAR_Alveolata_Dinoflagellata,Syndiniales,Dino-Group-I,Dino-Group-I-Clade-5,Dino-Group-I-Clade-5_X,Dino-Group-I-Clade-5_X_sp.
aaa3d8047acd9acaf5fa063c0a7e9048,Eukaryota,Amoebozoa_Discosea_Discosea_X,Flabellinia,Dactylopodida,Paramoebidae,,
c9a9b35f5156c1fc19abdbaa84ab7f88,Eukaryota,TSAR_Alveolata_Dinoflagellata,Dinophyceae,Gonyaulacales,Protoceratiaceae,Schuettiella,Schuettiella_mitra
d040e42ffd721fcb709518d5f3843f89,Eukaryota,TSAR__,,,,,
237eb1c3a2b882e876baccaa977f9f8c,Eukaryota,Cryptista_Cryptophyta_Cryptophyta_X,Cryptophyceae,Cryptomonadales,Cryptomonadales_X,Teleaulax,Teleaulax_acuta
69c247b3eb3f40d55f1953db298cc706,Eukaryota,TSAR_Alveolata_Dinoflagellata,Syndiniales,Dino-Group-II,Dino-Group-II-Clade-31,Dino-Group-II-Clade-31_X,Dino-Group-II-Clade-31_X_sp.
5a93847107f4b3da2391fa417ca47ecb,Eukaryota,TSAR_Stramenopiles_Bigyra,Sagenista,Labyrinthulomycetes,Labyrinthulaceae,Labyrinthulaceae_ANT10_3,Labyrinthulaceae_ANT10_3_sp.
0ce565d780cc504948cce0db6b979a56,Eukaryota,TSAR__,,,,,
a8a9e848f48033c55c4458d58565af8d,Eukaryota,TSAR_Alveolata_Dinoflagellata,Dinophyceae,Gonyaulacales,Pyrocystaceae,Alexandrium,
9d1b80ba5c48ef1acf19ae0e598ed61d,Eukaryota,TSAR_Alveolata_Dinoflagellata,Syndiniales,Dino-Group-II,Dino-Group-II-Clade-10-and-11,Dino-Group-II-Clade-10-and-11_X,Dino-Group-II-Clade-10-and-11_X_sp.
c75a4cb54eb07086a2ca5db4b428dc15,Eukaryota,Excavata_Discoba_Euglenozoa,Diplonemea,Diplonemida,Eupelagonemidae,Eupelagonemidae_X,Eupelagonemidae_X_sp.
e171c2860f4a579c44ea61d1516e8c17,Eukaryota,TSAR_Stramenopiles_Bigyra,Sagenista,Sagenista_X,MAST-8,,
172f7dc4aa88cd6125cab3a61d3d97f6,Eukaryota,Archaeplastida_Chlorophyta_Chlorophyta_X,Pyramimonadophyceae,Pyramimonadales,Pyramimonadaceae,Pyramimonas,
ff2f52b86d2f0a26bbdae6a84f9f5c2d,Eukaryota,TSAR_Alveolata_Dinoflagellata,Syndiniales,Dino-Group-II,Dino-Group-II-Clade-21,Dino-Group-II-Clade-21_X,Dino-Group-II-Clade-21_X_sp.
f3e72e63b44f06f007e880d47050a883,Eukaryota,TSAR_Alveolata_Dinoflagellata,Syndiniales,Dino-Group-I,Dino-Group-I-Clade-1,Dino-Group-I-Clade-1_X,Dino-Group-I-Clade-1_X_sp.
d3984dab75dd59d2c6819c1845a82c6a,Eukaryota,TSAR_Rhizaria_Radiolaria,Acantharea,Acantharea_F,Acantharea_F3,Acanthometra,Acanthometra_sp.
5982385a05f1b90d367cdc51419767ae,Eukaryota,TSAR_Alveolata_Dinoflagellata,Syndiniales,Dino-Group-II,Dino-Group-II-Clade-15,Dino-Group-II-Clade-15_X,Dino-Group-II-Clade-15_X_sp.
b6c2555501db545bedf701a86ff44372,Eukaryota,TSAR_Alveolata_Dinoflagellata,Dinophyceae,Dinophyceae_X,Dinophyceae_XX,Dinophyceae_XXX,Dinophyceae_XXX_sp.
7966cf00fbbdde8f18b31a8023d3afd1,Eukaryota,TSAR_Alveolata_Dinoflagellata,Dinophyceae,Gonyaulacales,Pyrocystaceae,Pyrocystis,Pyrocystis_lunula
1211c84d46bd010a8759926a3d50e4e3,Eukaryota,TSAR_Alveolata_Dinoflagellata,,,,,
cfba67cd19cc7a4add468ae61d338eeb,Eukaryota,TSAR_Stramenopiles_Stramenopiles_X,Stramenopiles_XX,Stramenopiles_XXX,Stramenopiles_XXXX,Stramenopiles_XXXXX,Stramenopiles_XXXXX_sp.
a07e7530f1dd6349c89ca67324fbdc6d,Eukaryota,TSAR_Alveolata_Dinoflagellata,Syndiniales,Dino-Group-II,Dino-Group-II-Clade-1,Dino-Group-II-Clade-1_X,Dino-Group-II-Clade-1_X_sp.
3fd6597db68b68ec6afcaf4439f2a9b7,Eukaryota,TSAR_Alveolata_Dinoflagellata,Syndiniales,Dino-Group-I,Dino-Group-I-Clade-5,Dino-Group-I-Clade-5_X,Dino-Group-I-Clade-5_X_sp.
99abbbd91ce288a2796eec3ff003647a,Eukaryota,TSAR_Alveolata_Dinoflagellata,Syndiniales,Dino-Group-II,Dino-Group-II-Clade-1,Dino-Group-II-Clade-1_X,Dino-Group-II-Clade-1_X_sp.
307ab06f44d86f3b218f72729afd6e08,Eukaryota,TSAR_Alveolata_Dinoflagellata,Syndiniales,Dino-Group-I,Dino-Group-I-Clade-6,Dino-Group-I-Clade-6_X,Dino-Group-I-Clade-6_X_sp.
1108bdb67147020bddf3c9c4a7dfdfca,Eukaryota,Archaeplastida_Chlorophyta_Chlorophyta_X,Nephroselmidophyceae,Nephroselmidales,Nephroselmidales_X,Nephroselmis,Nephroselmis_viridis
8ebc9aecfbdfb4b53823b2ed97428826,Eukaryota,TSAR_Alveolata_Dinoflagellata,Syndiniales,Dino-Group-II,Dino-Group-II_X,Dino-Group-II_XX,Dino-Group-II_XX_sp.
4adddeb6a2900b9ab7ca8dd2e94951e3,Eukaryota,TSAR_Stramenopiles_Gyrista,Chrysophyceae,Ochromonadales,Ochromonadales_clade-VIII,Ochromonadales_clade-VIII_X,Ochromonadales_clade-VIII_X_sp.
9e28cceecd57f9214cd0aaa93a57a47f,Eukaryota,TSAR_Alveolata_Dinoflagellata,Syndiniales,Dino-Group-I,Dino-Group-I-Clade-5,Dino-Group-I-Clade-5_X,Dino-Group-I-Clade-5_X_sp.
6b44cb3e8d9f3ae6e008af17e7bb93c4,Eukaryota,TSAR_Alveolata_Dinoflagellata,Syndiniales,Dino-Group-I,Dino-Group-I-Clade-3,Dino-Group-I-Clade-3_X,Dino-Group-I-Clade-3_X_sp.
acb5db9622292b97d00d0e7d47c268e7,Eukaryota,TSAR_Alveolata_Dinoflagellata,Syndiniales,Dino-Group-II,Dino-Group-II-Clade-9,Dino-Group-II-Clade-9_X,Dino-Group-II-Clade-9_X_sp.
e24b26dcff483becb64ca9f84fbe35e3,Eukaryota,TSAR_Alveolata_Ciliophora,Oligohymenophorea,Apostomatia,Pseudocolliniidae,Pseudocolliniidae_X,Pseudocolliniidae_X_sp.
641412ded477930c21d5811bfcf4171b,Eukaryota,TSAR_Alveolata_Dinoflagellata,Syndiniales,Dino-Group-I,Dino-Group-I-Clade-1,Dino-Group-I-Clade-1_X,Dino-Group-I-Clade-1_X_sp.
2c360e42b1d27e73425fa8d214090b27,Eukaryota,TSAR_Alveolata_Dinoflagellata,Syndiniales,Dino-Group-II,Dino-Group-II-Clade-20,Dino-Group-II-Clade-20_X,Dino-Group-II-Clade-20_X_sp.
594782e64524084039db36a196fc6682,Eukaryota,TSAR_Alveolata_Dinoflagellata,Dinophyceae,Gymnodiniales,Gymnodiniaceae,Gymnodinium,Gymnodinium_sp.
075057767d4948484c146db27066de93,Eukaryota,TSAR_Stramenopiles_Gyrista,Mediophyceae,Thalassiosirales,Skeletonemaceae,Skeletonema,Skeletonema_pseudocostatum
9def02d79313744e3f7f22933d5853f3,Eukaryota,TSAR_Stramenopiles_Bigyra,Opalozoa,Nanomonadea,MAST-3,MAST-3D,MAST-3D_sp.
9d27b6b830f4318c316c1a0679339319,Eukaryota,TSAR_Stramenopiles_Gyrista,Mediophyceae,Thalassiosirales,Thalassiosiraceae,Thalassiosira,
9efb5da0161c16bfed28c5e0b03a564d,Eukaryota,TSAR_Stramenopiles_Gyrista,Gyrista_X,Gyrista_XX,MAST-2,MAST-2C,MAST-2C_sp.
56e6a1b655977ae5a5d22a98343ca6ac,Eukaryota,TSAR_Alveolata_Dinoflagellata,Syndiniales,Dino-Group-I,Dino-Group-I-Clade-5,Dino-Group-I-Clade-5_X,Dino-Group-I-Clade-5_X_sp.
7a2eee639032b1b92d003bcd2168d882,Eukaryota,TSAR_Stramenopiles_Gyrista,MOCH-4,MOCH-4_X,MOCH-4_XX,MOCH-4_XXX,MOCH-4_XXX_sp.
738c211fcc2dd9c39cfe42bdda52a657,Eukaryota,TSAR_Alveolata_Dinoflagellata,Dinophyceae,Dinophyceae_X,Dinophyceae_XX,Dinophyceae_XXX,Dinophyceae_XXX_sp.
d56cdc1b9b95d21b33584e37dfa72027,Eukaryota,TSAR_Stramenopiles_Bigyra,Bicoecea,Bicoecales,Bicoecaceae,Bicosoeca,Bicosoeca_vacillans
5198a1a1d37e4f8d298f06bac22a0b51,Eukaryota,TSAR_Rhizaria_Cercozoa,Filosa-Imbricatea,Filosa-Imbricatea_X,Novel-clade-2,Novel-clade-2_X,Novel-clade-2_X_sp.
aac06d7c516a6500457234b94baba6d4,Eukaryota,TSAR_Rhizaria_Radiolaria,Polycystinea,Spumellaria,Spongosphaeridae,Spongosphaera,Spongosphaera_streptacantha
425ac49d9c883830fcf48ef628549ba4,Eukaryota,TSAR_Alveolata_Dinoflagellata,Dinophyceae,Gonyaulacales,Pyrophacaceae,Fragilidium,Fragilidium_mexicanum
0e938b31d7ac19bd9a78249f78e40f9d,Eukaryota,Haptista_Haptophyta_Haptophyta_X,Prymnesiophyceae,Prymnesiales,Chrysochromulinaceae,Chrysochromulina,Chrysochromulina_sp.
9fd051506bd56137e6b6e602a53b6481,Eukaryota,TSAR_Alveolata_Dinoflagellata,Dinophyceae,Dinophyceae_X,Dinophyceae_XX,Dinophyceae_XXX,Dinophyceae_XXX_sp.
6525e17f88ab05a589df4c402c7b5f5d,Eukaryota,Excavata_Discoba_Euglenozoa,Diplonemea,Diplonemida,Eupelagonemidae,Eupelagonemidae_X,Eupelagonemidae_X_sp.
186552737c235cca79a3b5c452d28c5f,Eukaryota,TSAR_Rhizaria_Radiolaria,Polycystinea,Spumellaria,Stylodictyidae,Stylodictya,
8149789b1720bece045dfcd5f6a8f820,Eukaryota,TSAR_Alveolata_Dinoflagellata,Syndiniales,Dino-Group-II,Dino-Group-II-Clade-1,Dino-Group-II-Clade-1_X,Dino-Group-II-Clade-1_X_sp.
7b0420721e440cfc0a429f38df18e971,Eukaryota,Amoebozoa_Discosea_Discosea_X,Flabellinia,Dactylopodida,Paramoebidae,,
2107fd6f45e8c998c61c7990976b5819,Eukaryota,Haptista_Haptophyta_Haptophyta_X,Prymnesiophyceae,Prymnesiales,Chrysochromulinaceae,Chrysochromulina,Chrysochromulina_sp.
6f68146b9affc30a9a88b7b8f881ecc4,Eukaryota,TSAR_Stramenopiles_Gyrista,Bacillariophyceae,Bacillariophyceae_X,Bacillariophyceae_XX,Bacillariophyceae_XXX,Bacillariophyceae_XXX_sp.
103af8da70ca14a19694b06be9e5abc8,Eukaryota,Haptista_Haptophyta_Haptophyta_X,Prymnesiophyceae,Prymnesiales,Chrysochromulinaceae,Chrysochromulina,Chrysochromulina_sp.
42608494709a81d6658ead1ca849b362,Eukaryota,Archaeplastida_Chlorophyta_Chlorophyta_X,Mamiellophyceae,Mamiellales,Mamiellaceae,Mantoniella,
8a4f4096d66fcb849bc305a7bba44f2c,Eukaryota,TSAR_Alveolata_Ciliophora,Spirotrichea,Oligotrichida,Oligotrichida_X,Oligotrichida_XX,Oligotrichida_XX_sp.
a245f50e1f975273a784b668c584098c,Eukaryota,TSAR_Alveolata_Dinoflagellata,Dinophyceae,Dinophyceae_X,Dinophyceae_XX,Dinophyceae_XXX,Dinophyceae_XXX_sp.
9a73d8befaff23ecb96fbc6131a7d000,Eukaryota,TSAR_Alveolata_Dinoflagellata,Syndiniales,Dino-Group-II,Dino-Group-II-Clade-1,Dino-Group-II-Clade-1_X,Dino-Group-II-Clade-1_X_sp.
8a638f8b2187f47ceb7a7f98e161e253,Eukaryota,TSAR_Alveolata_Dinoflagellata,Dinophyceae,Dinophyceae_X,Dinophyceae_XX,Dinophyceae_XXX,Dinophyceae_XXX_sp.
fff41249d11d07080fc181c225d80222,Eukaryota,TSAR_Alveolata_Dinoflagellata,Dinophyceae,Gonyaulacales,Pyrocystaceae,Alexandrium,Alexandrium_affine
e64863e01882085435238a759f5ab077,Eukaryota,TSAR_Rhizaria_Radiolaria,Polycystinea,Spumellaria,Spumellaria_6,Spumellaria_6_X,Spumellaria_6_X_sp.
5e3561b5ff92023263c38cfef1d2493e,Eukaryota,TSAR_Rhizaria_Radiolaria,Polycystinea,Spumellaria,Rhizosphaeridae,Rhizosphaera,Rhizosphaera_sp.
8fb15190de77b6d14d1100fb21644a37,Eukaryota,TSAR_Rhizaria_Radiolaria,Acantharea,Acantharea_E,Acantharea_E1,Lychnaspis-E1,Lychnaspis-E1_giltschii
74e644786cbd1c130a97b7a640bfda9d,Eukaryota,TSAR_Alveolata_Dinoflagellata,Dinophyceae,Dinophyceae_X,Dinophyceae_XX,Dinophyceae_XXX,Dinophyceae_XXX_sp.
4ffa54b89bf5e0b8852bc77474979976,Eukaryota,TSAR_Alveolata_Ciliophora,Spirotrichea,Choreotrichida-Tintinnina,TIN_13,Tintinnopsis_13,
e008ae0b04a9cf7d1bd477a102223597,Eukaryota,TSAR_Alveolata_Ciliophora,Spirotrichea,Choreotrichida,Choreotrichida_X,Choreotrichida_XX,Choreotrichida_XX_sp.
ab90941cca3020f1ebefd60170e10c8d,Eukaryota,TSAR_Alveolata_Dinoflagellata,Syndiniales,Dino-Group-I,Dino-Group-I-Clade-1,Dino-Group-I-Clade-1_X,Dino-Group-I-Clade-1_X_sp.
058b3eb3a887b1c328f82dfb2950c885,Eukaryota,TSAR_Alveolata_Ciliophora,Spirotrichea,Oligotrichida,Tontoniidae,,
5f34bc0f30cb88c8eb1bdd2fdf60ba27,Eukaryota,TSAR_Alveolata_Dinoflagellata,Dinophyceae,,,,
6d7d5b7d11c95f1a30b2754313780e6b,Eukaryota,TSAR_Alveolata_Dinoflagellata,Syndiniales,Dino-Group-II,Dino-Group-II-Clade-7,Dino-Group-II-Clade-7_X,Dino-Group-II-Clade-7_X_sp.
747ad486cc38bdc85b6a6f167f8be31d,Eukaryota,TSAR_Alveolata_Dinoflagellata,Dinophyceae,Gymnodiniales,Gymnodiniaceae,Lepidodinium,
7dbf4f6ab017d7f3395973bc72966bc6,Eukaryota,TSAR_Alveolata_Dinoflagellata,Syndiniales,Dino-Group-I,Dino-Group-I-Clade-5,Dino-Group-I-Clade-5_X,Dino-Group-I-Clade-5_X_sp.
2e5d5efd05235a9390c1fc0902f26f50,Eukaryota,TSAR_Alveolata_Dinoflagellata,Syndiniales,Dino-Group-II,Dino-Group-II-Clade-20,Dino-Group-II-Clade-20_X,Dino-Group-II-Clade-20_X_sp.
89351b9fc3f62e43d7008e6e4acf3479,Eukaryota,TSAR_Alveolata_Apicomplexa,Gregarinomorphea,Eugregarinorida,Cephaloidophoridae,Cephaloidophora,Cephaloidophora_sp.
047d2d3c727fa2132d523dfe481fb1ba,Eukaryota,TSAR_Alveolata_Dinoflagellata,Syndiniales,Dino-Group-II,Dino-Group-II_X,Dino-Group-II_XX,Dino-Group-II_XX_sp.
73cea566d2f01294fc9bbaae4cedc811,Eukaryota,TSAR_Alveolata_Dinoflagellata,Syndiniales,Dino-Group-I,Dino-Group-I-Clade-4,Dino-Group-I-Clade-4_X,Dino-Group-I-Clade-4_X_sp.
f657c6919cdf33381866e7b84a477123,Eukaryota,TSAR_Alveolata_Dinoflagellata,Syndiniales,Dino-Group-I,Dino-Group-I-Clade-3,Dino-Group-I-Clade-3_X,Dino-Group-I-Clade-3_X_sp.
375321a22737a99b16f9bd3560108936,Eukaryota,TSAR_Alveolata_Dinoflagellata,Dinophyceae,Dinophyceae_X,Dinophyceae_XX,Dinophyceae_XXX,Dinophyceae_XXX_sp.
65ea9ade368a1da081005703672ff5b4,Eukaryota,TSAR_Alveolata_Dinoflagellata,Dinophyceae,Dinophyceae_X,Dinophyceae_XX,Dinophyceae_XXX,Dinophyceae_XXX_sp.
ef93fe9ee4b409efb28c4ee753aad12a,Eukaryota,TSAR_Alveolata_Dinoflagellata,Syndiniales,Dino-Group-II,Dino-Group-II-Clade-5,Dino-Group-II-Clade-5_X,Dino-Group-II-Clade-5_X_sp.
0e3e8b37c75ef3b5930219fa49b56908,Eukaryota,TSAR_Alveolata_Dinoflagellata,Dinophyceae,Gymnodiniales,Chytriodiniaceae,Chytriodinium,Chytriodinium_sp.
8b4eb331b5a30c3ed1a07dd134e3c659,Eukaryota,TSAR_Alveolata_Dinoflagellata,Syndiniales,Dino-Group-II,Dino-Group-II-Clade-10-and-11,Dino-Group-II-Clade-10-and-11_X,Dino-Group-II-Clade-10-and-11_X_sp.
a9505bbae67bbb1b039e2a9858a890bd,Eukaryota,Excavata_Discoba_Euglenozoa,Diplonemea,Diplonemida,Eupelagonemidae,Eupelagonemidae_X,Eupelagonemidae_X_sp.
9d5ed7b07403b8046f6108f5be6da1af,Eukaryota,TSAR_Alveolata_Dinoflagellata,Syndiniales,Dino-Group-II,,,
b276fe4b1c8588819d9e3a82a95ee181,Eukaryota,TSAR_Alveolata_Dinoflagellata,Syndiniales,Dino-Group-II,,,
8c7f516f9c2575e5a6107fa0e645375b,Eukaryota,TSAR_Alveolata_Dinoflagellata,Syndiniales,Dino-Group-II,Dino-Group-II-Clade-7,Dino-Group-II-Clade-7_X,Dino-Group-II-Clade-7_X_sp.
6a8bafd356d577e2543dbcad01226c74,Eukaryota,TSAR_Stramenopiles_Bigyra,Sagenista,Labyrinthulomycetes,Labyrinthulomycetes_LAB15,Labyrinthulomycetes_LAB15_X,Labyrinthulomycetes_LAB15_X_sp.
5baabdb1945f929155dba261df0e25ee,Eukaryota,TSAR_Alveolata_Dinoflagellata,Dinophyceae,Peridiniales,Blastodiniaceae,Blastodinium,Blastodinium_mangini
e07ef73650607808ad66ea888569a0aa,Eukaryota,TSAR_Alveolata_Dinoflagellata,Syndiniales,Dino-Group-II,Dino-Group-II-Clade-17,Dino-Group-II-Clade-17_X,Dino-Group-II-Clade-17_X_sp.
b9cacdfa9fec11bc26df065ae1b2f1de,Eukaryota,TSAR_Alveolata_Dinoflagellata,,,,,
48a564a029e713ba45d41ef8643bf360,Eukaryota,TSAR_Stramenopiles_Bigyra,Sagenista,Labyrinthulomycetes,Labyrinthulomycetes_LAB15,Labyrinthulomycetes_LAB15_X,Labyrinthulomycetes_LAB15_X_sp.
7c58620b682f3e811c83fc370af131ba,Eukaryota,TSAR_Alveolata_Dinoflagellata,Dinophyceae,Dinophyceae_X,Dinophyceae_XX,Dinophyceae_XXX,Dinophyceae_XXX_sp.
dd72bce2d715d364f596366a1c56c23f,Eukaryota,TSAR_Alveolata_Dinoflagellata,Syndiniales,Dino-Group-I,Dino-Group-I-Clade-1,Dino-Group-I-Clade-1_X,Dino-Group-I-Clade-1_X_sp.
e5d45e9839ebbcfd8e1d71f09b50187f,Eukaryota,Obazoa_Opisthokonta_Fungi,Basidiomycota,Ustilaginomycotina,Exobasidiomycetes,Exobasidiomycetes_X,Exobasidiomycetes_X_sp.
6fa9a350140a7661a8364db63b13c57b,Eukaryota,TSAR_Alveolata_Dinoflagellata,Syndiniales,Dino-Group-II,Dino-Group-II-Clade-10-and-11,Dino-Group-II-Clade-10-and-11_X,Dino-Group-II-Clade-10-and-11_X_sp.
848365f69249cc6b0663493479736cc2,Eukaryota,TSAR_Alveolata_Dinoflagellata,Dinophyceae,Gonyaulacales,Gonyaulacaceae,Gonyaulax,Gonyaulax_polygramma
abb9f8b2a86ae5a202955feccd0c41c2,Eukaryota,TSAR_Stramenopiles_Gyrista,MOCH-2,MOCH-2_X,MOCH-2_XX,MOCH-2_XXX,MOCH-2_XXX_sp.
e78841a9f2ef3e7f699f1bdebbbaa333,Eukaryota,TSAR_Stramenopiles_Gyrista,Mediophyceae,Chaetocerotales,Chaetocerotaceae,Chaetoceros,Chaetoceros_diversus-2
7906069145dccb79793701c2a0c57599,Eukaryota,TSAR_Alveolata_Dinoflagellata,Syndiniales,Dino-Group-I,Dino-Group-I-Clade-5,Dino-Group-I-Clade-5_X,Dino-Group-I-Clade-5_X_sp.
508c966beeb6b5718b689f8ad2d9a740,Eukaryota,TSAR_Alveolata_Dinoflagellata,Dinophyceae,Gymnodiniales,Gymnodiniaceae,Gymnodinium,Gymnodinium_dorsalisulcum
8c5d7de238bccc176266f6e233c44582,Eukaryota,TSAR_Alveolata_Dinoflagellata,Syndiniales,Dino-Group-II,Dino-Group-II-Clade-1,Dino-Group-II-Clade-1_X,Dino-Group-II-Clade-1_X_sp.
3a823d1e1ad7f8e5619fcc7bdb607da9,Eukaryota,TSAR_Alveolata_Dinoflagellata,Syndiniales,Dino-Group-II,Dino-Group-II-Clade-7,Dino-Group-II-Clade-7_X,Dino-Group-II-Clade-7_X_sp.
1c2588b5c9cc46bfde2e689e5980242f,Eukaryota,TSAR_Alveolata_Dinoflagellata,Syndiniales,Dino-Group-I,Dino-Group-I-Clade-3,Ichthyodinium,Ichthyodinium_chabelardi
0d1751527e15764ce83a86ce4b67adee,Eukaryota,TSAR_Alveolata_Dinoflagellata,Syndiniales,Dino-Group-I,Dino-Group-I-Clade-5,Dino-Group-I-Clade-5_X,Dino-Group-I-Clade-5_X_sp.
216b29728115d8ba33c08f034f11dc05,Eukaryota,TSAR_Stramenopiles_Gyrista,Mediophyceae,Chaetocerotales,Chaetocerotaceae,Chaetoceros,
7ed03f6f6ef6039a60a955f7ab8c1629,Eukaryota,TSAR_Alveolata_Dinoflagellata,Syndiniales,Dino-Group-II,Dino-Group-II-Clade-6,Dino-Group-II-Clade-6_X,Dino-Group-II-Clade-6_X_sp.
7e70d055067fb1e3acc7bee92d50d2c4,Eukaryota,TSAR_Alveolata_Dinoflagellata,Syndiniales,Dino-Group-II,Dino-Group-II-Clade-1,Dino-Group-II-Clade-1_X,Dino-Group-II-Clade-1_X_sp.
4da85d6aecea9a4ae7f889d04c86eb5d,Eukaryota,TSAR_Rhizaria_Radiolaria,Polycystinea,Spumellaria,,,
8e0c060b67a9a613b631cf5fad61fe85,Eukaryota,TSAR_Stramenopiles_Bigyra,Opalozoa,Nanomonadea,MAST-3,MAST-3E,MAST-3E_sp.
8ec3e2ce9258bb943a0968ce2dea064f,Eukaryota,TSAR_Alveolata_Dinoflagellata,Syndiniales,Dino-Group-II,Dino-Group-II-Clade-1,Dino-Group-II-Clade-1_X,Dino-Group-II-Clade-1_X_sp.
351d71dfcd6e4bad1c901a38a3924b4d,Eukaryota,TSAR_Rhizaria_Radiolaria,RAD-B,RAD-B_X,RAD-B_X_Group-IVd,RAD-B_X_Group-IVd_X,RAD-B_X_Group-IVd_X_sp.
d2bef014c708bf0448c23aefc462ca01,Eukaryota,TSAR_Stramenopiles_Bigyra,Sagenista,Labyrinthulomycetes,Labyrinthulomycetes_LAB14,Labyrinthulomycetes_LAB14_X,Labyrinthulomycetes_LAB14_X_sp.
3d33941e3292d0bd5351c7126e64dcc2,Eukaryota,TSAR_Stramenopiles_Bigyra,Opalozoa,Nanomonadea,MAST-3,MAST-3C,MAST-3C_sp.
af7ab668c088f6848fcc49364f61f377,Eukaryota,TSAR_Alveolata_Dinoflagellata,Syndiniales,Dino-Group-II,Dino-Group-II-Clade-40,Dino-Group-II-Clade-40_X,Dino-Group-II-Clade-40_X_sp.
490054a2fdf9c264f87255bef629e4ed,Eukaryota,TSAR_Alveolata_Dinoflagellata,Dinophyceae,,,,
159761e8c775089d3aea4b31a443be78,Eukaryota,TSAR_Stramenopiles_Gyrista,Gyrista_X,Gyrista_XX,MAST-1,MAST-1D,MAST-1D_sp.
2464361c7f5bd81103f392a9c790b430,Eukaryota,Haptista_Haptophyta_Haptophyta_X,Rappephyceae,Pavlomulinales,Pavlomulinaceae,Pavlomulina,Pavlomulina_ranunculiformis
a47dfe85cbda435639c3da4c623db4a3,Eukaryota,TSAR_Alveolata_Dinoflagellata,Syndiniales,,,,
f4318788e108a1e2833e9fa878ae5994,Eukaryota,TSAR_Alveolata_Dinoflagellata,Syndiniales,Dino-Group-II,Dino-Group-II-Clade-4,Dino-Group-II-Clade-4_X,Dino-Group-II-Clade-4_X_sp.
f213d154b76df3aaf9c86b0d289b65d9,Eukaryota,TSAR_Alveolata_Dinoflagellata,Syndiniales,Dino-Group-I,Dino-Group-I-Clade-5,Dino-Group-I-Clade-5_X,Dino-Group-I-Clade-5_X_sp.
46e180868fd185538cb0a1d29f74728d,Eukaryota,TSAR_Stramenopiles_Bigyra,Opalozoa,Nanomonadea,MAST-3,MAST-3E,MAST-3E_sp.
dbfea82772ab19f1e0ff6ee9bd9cf05e,Eukaryota,TSAR_Stramenopiles_Bigyra,Sagenista,Labyrinthulomycetes,Thraustochytriaceae,Thraustochytriaceae_HK10,Thraustochytriaceae_HK10_sp.
0d4d11b42b7416667d865074020e9214,Eukaryota,TSAR_Alveolata_Dinoflagellata,Dinophyceae,Dinophyceae_X,Dinophyceae_XX,Dinophyceae_XXX,Dinophyceae_XXX_sp.
00a9e5afa4183f1cbdf1e6102db8cb32,Eukaryota,TSAR_Alveolata_Dinoflagellata,Syndiniales,Dino-Group-II,Dino-Group-II-Clade-10-and-11,Dino-Group-II-Clade-10-and-11_X,Dino-Group-II-Clade-10-and-11_X_sp.
d131c616ecfaa3bc9abf0d871c6812f7,Eukaryota,TSAR_Stramenopiles_Bigyra,Sagenista,Sagenista_X,MAST-9,MAST-9A,MAST-9A_sp.
0d8800b790af39d8197e6585db11ddae,Eukaryota,Haptista_Haptophyta_Haptophyta_X,Prymnesiophyceae,Prymnesiophyceae_X,Prymnesiophyceae_XX,Prymnesiophyceae_XXX,Prymnesiophyceae_XXX_sp.
e5780e568d577b1f185ae8e932470894,Eukaryota,TSAR_Alveolata_Dinoflagellata,Syndiniales,Dino-Group-II,Dino-Group-II-Clade-13,Dino-Group-II-Clade-13_X,Dino-Group-II-Clade-13_X_sp.
3f4f022643809ef7b6e8e4e9cf0d2aa8,Eukaryota,TSAR_Alveolata_Dinoflagellata,Syndiniales,Dino-Group-II,Dino-Group-II-Clade-5,Dino-Group-II-Clade-5_X,Dino-Group-II-Clade-5_X_sp.
cfc05940f9dd1b95688e0c0e6f0b7326,Eukaryota,TSAR_Stramenopiles_Bigyra,Sagenista,Sagenista_X,MAST-7,MAST-7B,MAST-7B_sp.
925bf444f773ca2e24ec71cbf7d90634,Eukaryota,TSAR_Alveolata_Dinoflagellata,Syndiniales,Dino-Group-II,,,
6000f5b63d2781423ac2246f44a0a823,Eukaryota,TSAR_Alveolata_Dinoflagellata,Syndiniales,Dino-Group-II,Dino-Group-II-Clade-10-and-11,Dino-Group-II-Clade-10-and-11_X,Dino-Group-II-Clade-10-and-11_X_sp.
84d367bc26cab82c2cda9f9cdae8664e,Eukaryota,TSAR_Alveolata_Dinoflagellata,Syndiniales,Dino-Group-II,Dino-Group-II-Clade-3,Dino-Group-II-Clade-3_X,Dino-Group-II-Clade-3_X_sp.
bc58d78879fc28e62533a5940a1539c5,Eukaryota,TSAR_Rhizaria_Cercozoa,Chlorarachniophyceae,Chlorarachnida,Chlorarachnida_X,Chlorarachnida_XX,Chlorarachnida_XX_sp.
f9fcec4addf2cda13c4ccc24a199f2e1,Eukaryota,TSAR_Alveolata_Dinoflagellata,Dinophyceae,Dinophyceae_X,Dinophyceae_XX,Dinophyceae_XXX,Dinophyceae_XXX_sp.
3ecb538df6d32bda45d46f0cd9d6f1e6,Eukaryota,TSAR_Stramenopiles_Bigyra,Sagenista,Labyrinthulomycetes,Labyrinthulaceae,Aplanochytrium,Aplanochytrium_minuta
2e495d7fb9f7716827590da4cafca3cd,Eukaryota,TSAR_Stramenopiles_Bigyra,Opalozoa,Nanomonadea,MAST-3,MAST-3E,MAST-3E_sp.
796f9e6f4b0cbab5366cf83edee032dc,Eukaryota,TSAR_Alveolata_Ciliophora,Spirotrichea,Choreotrichida,Strobilidiidae,Pelagostrobilidium,Pelagostrobilidium_sp.
373bd7afcaa39ef9954efe88c23daf69,Eukaryota,TSAR_Alveolata_Dinoflagellata,Syndiniales,Dino-Group-II,Dino-Group-II-Clade-20,Dino-Group-II-Clade-20_X,Dino-Group-II-Clade-20_X_sp.
47800d3d354f9bda717c4f608401cc90,Eukaryota,Haptista_Haptophyta_Haptophyta_X,Prymnesiophyceae,Prymnesiales,Chrysochromulinaceae,Chrysochromulina,Chrysochromulina_sp.
1c2730a01332852351bca5eec16fb75c,Eukaryota,TSAR_Rhizaria_Radiolaria,Acantharea,Acantharea_D,Acantharea_D2,Acanthocolla,Acanthocolla_cruciata
449284adf16e8ac99892b0b7e9805540,Eukaryota,TSAR_Alveolata_Dinoflagellata,Dinophyceae,Dinophyceae_X,Dinophyceae_XX,Dinophyceae_XXX,Dinophyceae_XXX_sp.
3d827f639a08ab8f8427e38e1424fca0,Eukaryota,TSAR_Stramenopiles_Bigyra,Sagenista,Sagenista_X,MAST-4,MAST-4C,MAST-4C_sp.
497d8632988c4ae1980074db878da8e8,Eukaryota,TSAR_Alveolata_Dinoflagellata,Syndiniales,Dino-Group-II,Dino-Group-II_X,Dino-Group-II_XX,Dino-Group-II_XX_sp.
7dc8a5c13b84d2a075e253411ac99e1b,Eukaryota,Haptista_Haptophyta_Haptophyta_X,Prymnesiophyceae,Prymnesiales,Prymnesiaceae,,
3fbf6202cf3f9f795ece625ba5bcc146,Eukaryota,TSAR_Stramenopiles_Gyrista,Gyrista_X,Gyrista_XX,MAST-2,MAST-2C,MAST-2C_sp.
1e1220ec77c0d436bb395446031bc9a2,Eukaryota,TSAR_Alveolata_Dinoflagellata,Syndiniales,Dino-Group-II,Dino-Group-II-Clade-17,Dino-Group-II-Clade-17_X,Dino-Group-II-Clade-17_X_sp.
b161ca8fa46ffbf180d39c92f9d34a9f,Eukaryota,TSAR_Rhizaria_Radiolaria,Polycystinea,Nassellaria,Pterocorythidae,Pterocorys,
6d51a1ad70157448ee74755566e9dc00,Eukaryota,TSAR_Alveolata_Dinoflagellata,Syndiniales,Dino-Group-I,Dino-Group-I-Clade-1,Dino-Group-I-Clade-1_X,Dino-Group-I-Clade-1_X_sp.
8f65cb109dc756f98da910136fba1685,Eukaryota,TSAR_Alveolata_Dinoflagellata,Syndiniales,Dino-Group-II,Dino-Group-II-Clade-12,Dino-Group-II-Clade-12_X,Dino-Group-II-Clade-12_X_sp.
3a5a47ab984784f5e0f4db427a787c56,Eukaryota,TSAR_Stramenopiles_Gyrista,Mediophyceae,Cymatosirales,Cymatosiraceae,Papiliocellulus,
ce9b548816a6ff9245a670b9f976ab89,Eukaryota,TSAR_Alveolata_Dinoflagellata,Syndiniales,Dino-Group-II,Dino-Group-II_X,Dino-Group-II_XX,Dino-Group-II_XX_sp.
ecd42a23c2f8e8193e605bce569d9f48,Eukaryota,TSAR_Rhizaria_Radiolaria,Polycystinea,Spumellaria,Pyloniidae,,
9e162152160f1ab33e057c63342ea8a8,Eukaryota,TSAR_Alveolata_Dinoflagellata,Syndiniales,Dino-Group-II,Dino-Group-II_X,Dino-Group-II_XX,Dino-Group-II_XX_sp.
f440cde40c51538151443c5215f68bdf,Eukaryota,Haptista_Haptophyta_Haptophyta_X,Prymnesiophyceae,Prymnesiales,Chrysochromulinaceae,Chrysochromulina,Chrysochromulina_sp.
091739623a1a50fefd70b494b28a5d86,Eukaryota,TSAR_Alveolata_Dinoflagellata,Dinophyceae,Dinophyceae_X,Dinophyceae_XX,Dinophyceae_XXX,Dinophyceae_XXX_sp.
c59c473fa8c08f69f4de3d34d86673ba,Eukaryota,TSAR_Alveolata_Dinoflagellata,Syndiniales,Dino-Group-II,Dino-Group-II-Clade-21,Dino-Group-II-Clade-21_X,Dino-Group-II-Clade-21_X_sp.
8d918da73562a1cd4ac4a21e3d1d5c1b,Eukaryota,TSAR_Stramenopiles_Bigyra,Sagenista,Labyrinthulomycetes,Labyrinthulaceae,Aplanochytrium,Aplanochytrium_sp.
199ce99ecb855fbfb4c9a631ba25df30,Eukaryota,TSAR_Telonemia_Telonemia_X,Telonemia_XX,Telonemia_XXX,Telonemia-Group-2,Telonemia-Group-2_X,Telonemia-Group-2_X_sp.
5413475690b3a2c8d6857a0bd8944118,Eukaryota,Excavata_Discoba_Euglenozoa,Diplonemea,Diplonemida,Eupelagonemidae,Eupelagonemidae_X,Eupelagonemidae_X_sp.
ab695a91e9c9fe193584e751848c4d7f,Eukaryota,TSAR_Alveolata_Dinoflagellata,Dinophyceae,Dinophyceae_X,Dinophyceae_XX,Dinophyceae_XXX,Dinophyceae_XXX_sp.
ffb21dccf6247b5d84f5b147d22e2542,Eukaryota,TSAR_Alveolata_Dinoflagellata,Dinophyceae,Gonyaulacales,Pyrocystaceae,Pyrophacus,Pyrophacus_steinii
e161fb751f81aba9ddd3cc101570b671,Eukaryota,TSAR_Rhizaria_Radiolaria,Acantharea,Acantharea_2,Acantharea_2b,Acantharea_2b_X,Acantharea_2b_X_sp.
06e73817e7333844021209265f2d5d78,Eukaryota,TSAR_Rhizaria_Radiolaria,Polycystinea,Spumellaria,Lithelidae,Trilobatum,Trilobatum_aff_acuferum
cbf12b171445d50ddf1e5cb09f027655,Eukaryota,TSAR_Alveolata_Dinoflagellata,Syndiniales,Dino-Group-I,Dino-Group-I-Clade-5,Dino-Group-I-Clade-5_X,Dino-Group-I-Clade-5_X_sp.
641af8df7ff58504622aab6692b138d3,Eukaryota,Obazoa_Opisthokonta_Fungi,Basidiomycota,Agaricomycotina,Tremellomycetes,,
329fb6f19b30d0df4aec03ef4d259ecd,Eukaryota,TSAR_Rhizaria_Radiolaria,Polycystinea,Nassellaria,Sphaerozoidae,Collozoum,Collozoum_inerme
63cc61f13253d2bdf02d8551449a2417,Eukaryota,TSAR_Stramenopiles_Gyrista,Bacillariophyceae,Bacillariales,Bacillariaceae,,
194a3bd28fef27e8ae2aefb56d9cf8bc,Eukaryota,Excavata_Discoba_Euglenozoa,Diplonemea,Diplonemida,Eupelagonemidae,Eupelagonemidae_X,Eupelagonemidae_X_sp.
b44e93f2129a90e1f7aa5e51b860df11,Eukaryota,TSAR_Alveolata_Dinoflagellata,Syndiniales,Dino-Group-I,Dino-Group-I-Clade-5,Dino-Group-I-Clade-5_X,Dino-Group-I-Clade-5_X_sp.
809e9ee5e62318169ea09384b2d88dad,Eukaryota,TSAR_Alveolata_Dinoflagellata,Syndiniales,Dino-Group-II,Dino-Group-II-Clade-1,Dino-Group-II-Clade-1_X,Dino-Group-II-Clade-1_X_sp.
c3b4561908603af3d2be6b7e4ff0143a,Eukaryota,TSAR_Stramenopiles_Gyrista,Bacillariophyceae,Bacillariales,Bacillariaceae,Nitzschia,
436eb7df111f2b75b246961872593082,Eukaryota,TSAR_Alveolata_Dinoflagellata,Syndiniales,Dino-Group-II,Dino-Group-II-Clade-10-and-11,Dino-Group-II-Clade-10-and-11_X,Dino-Group-II-Clade-10-and-11_X_sp.
cf2d0c5a78444f5b68a6fad4b21ceff1,Eukaryota,Haptista_Centroplasthelida_Centroplasthelida_X,Pterocystida,Pterocystida_X,Pterocystida_XX,Pterocystida_XXX,Pterocystida_XXX_sp.
9392eb65f1d091612cdf5b85f19dbb26,Eukaryota,TSAR_Rhizaria_Cercozoa,Filosa-Thecofilosea,Cryomonadida,Protaspa-lineage,Protaspa-lineage_X,Protaspa-lineage_X_sp.
d757b6d7a0f11058b8f4e9de29c87a0f,Eukaryota,TSAR_Alveolata_Dinoflagellata,Syndiniales,Dino-Group-II,Dino-Group-II-Clade-6,Dino-Group-II-Clade-6_X,Dino-Group-II-Clade-6_X_sp.
9ad8691e7e26412bdc2de7575f67f04c,Eukaryota,TSAR_Rhizaria_Radiolaria,Polycystinea,Spumellaria,Pyloniidae,,
7ffe8de22ab341565810274bf62fc9f7,Eukaryota,TSAR_Alveolata_Dinoflagellata,Dinophyceae,Dinophyceae_X,Dinophyceae_XX,Dinophyceae_XXX,Dinophyceae_XXX_sp.
ac0ceaf84a56b49470ac3175e6e44ed9,Eukaryota,TSAR_Alveolata_Dinoflagellata,Syndiniales,,,,
55c00751eaeb11e8d619622b49ce4ce3,Eukaryota,TSAR_Alveolata_Dinoflagellata,Dinophyceae,,,,
976b361c33c0042aaaf789bcf6d0dd94,Eukaryota,TSAR_Alveolata_Dinoflagellata,Syndiniales,Dino-Group-II,Dino-Group-II-Clade-10-and-11,Dino-Group-II-Clade-10-and-11_X,Dino-Group-II-Clade-10-and-11_X_sp.
1b2e1de2f798598439bf42b273f5a53a,Eukaryota,TSAR_Alveolata_Dinoflagellata,Syndiniales,Dino-Group-I,Dino-Group-I-Clade-4,Dino-Group-I-Clade-4_X,Dino-Group-I-Clade-4_X_sp.
274e55eada0d8868dc797a7f7759df98,Eukaryota,TSAR_Rhizaria_Radiolaria,Polycystinea,Spumellaria,Centrocubidae,Centrocubus,Centrocubus_cladostylus
4d82f2e5e470464afa14ecb597780f40,Eukaryota,Haptista_Haptophyta_Haptophyta_X,Prymnesiophyceae,Prymnesiales,Chrysochromulinaceae,Chrysochromulina,Chrysochromulina_scutellum
f64a94a2e7ff0ff502b660c70d50759e,Eukaryota,TSAR_Alveolata_Dinoflagellata,Dinophyceae,Peridiniales,Blastodiniaceae,Blastodinium,
d4ba0ea6f08f258c9298c411487cf7ae,Eukaryota,TSAR_Stramenopiles_Bigyra,Sagenista,Sagenista_X,MAST-11,MAST-11_X,MAST-11_X_sp.
fa78da478b87e03ff2157b41fd1a2d6f,Eukaryota,TSAR_Alveolata_Dinoflagellata,Dinophyceae,Dinophyceae_X,Dinophyceae_XX,Dinophyceae_XXX,Dinophyceae_XXX_sp.
def912b5c37a6f4fb97e999790abd9bf,Eukaryota,TSAR_Alveolata_Ciliophora,Spirotrichea,Oligotrichida,,,
9d6f33d0dc2f6caffae097d8b67a3d9f,Eukaryota,TSAR_Rhizaria_Radiolaria,RAD-A,RAD-A_X,RAD-A_Xg,RAD-A_Xg_X,RAD-A_Xg_X_sp.
101fbb0f8b9dacef7fbf3013a2628b68,Eukaryota,Archaeplastida_Chlorophyta_Chlorophyta_X,Prasino-Clade-9,Prasino-Clade-9_X,Prasino-Clade-9_XX,Prasino-Clade-9_XXX,Prasino-Clade-9_XXX_sp.
14c124dd00421086432db4efb0290122,Eukaryota,TSAR_Alveolata_Dinoflagellata,Syndiniales,Dino-Group-I,Dino-Group-I-Clade-4,Dino-Group-I-Clade-4_X,Dino-Group-I-Clade-4_X_sp.
201e5ffb1d32eeacb513ae889a287f39,Eukaryota,TSAR_Alveolata_Dinoflagellata,Syndiniales,Dino-Group-II,Dino-Group-II-Clade-6,Dino-Group-II-Clade-6_X,Dino-Group-II-Clade-6_X_sp.
3b11c1f32cfa681cd583b2751021d7f4,Eukaryota,TSAR_Alveolata_Ciliophora,Spirotrichea,Choreotrichida,Strobilidiidae,,
6e00d95d04cbd854885281ad7ffe90f1,Eukaryota,TSAR_Alveolata_Dinoflagellata,Dinophyceae,Gonyaulacales,Pyrocystaceae,Alexandrium,Alexandrium_andersonii
817c2b3d197f53da52fa934243a6e810,Eukaryota,Archaeplastida_Picozoa_Picozoa_subdivision_2,Picozoa_subdivision_2_X,Picozoa_subdivision_2_XX,Picozoa_subdivision_2_XXX,Picozoa_subdivision_2_XXXX,Picozoa_subdivision_2_XXXX_sp.
0988455b8a1d4255eb6adfa8abda76c4,Eukaryota,TSAR_Alveolata_Dinoflagellata,Dinophyceae,,,,
4c443e0f567de36cac399e9859a422f9,Eukaryota,TSAR_Alveolata_Dinoflagellata,Syndiniales,Dino-Group-II,Dino-Group-II-Clade-16,Dino-Group-II-Clade-16_X,Dino-Group-II-Clade-16_X_sp.
88c778d0d3a6de95d39825bbc1a30400,Eukaryota,Archaeplastida_Chlorophyta_Chlorophyta_X,Chlorophyceae,Sphaeropleales,Sphaeropleales_X,Tetradesmus,
39a63f3ee4041fca92688a3f9365c7fd,Eukaryota,TSAR_Alveolata_Dinoflagellata,Syndiniales,Dino-Group-II,Dino-Group-II-Clade-10-and-11,Dino-Group-II-Clade-10-and-11_X,Dino-Group-II-Clade-10-and-11_X_sp.
fc72b692b5e8a97937180561a990a2c6,Eukaryota,TSAR_Alveolata_Dinoflagellata,Dinophyceae,Dinophyceae_X,Dinophyceae_XX,Dinophyceae_XXX,Dinophyceae_XXX_sp.
99ed3b341966b9954a0351426347dad2,Eukaryota,TSAR_Alveolata_Dinoflagellata,Dinophyceae,Dinophyceae_X,Dinophyceae_XX,Dinophyceae_XXX,Dinophyceae_XXX_sp.
92fc43d570a1d62ac63817347b98b6bc,Eukaryota,TSAR_Alveolata_Dinoflagellata,,,,,
208498e83d36dcd43eaa11bccf6446fd,Eukaryota,Haptista_Haptophyta_Haptophyta_X,Prymnesiophyceae,Prymnesiales,Chrysochromulinaceae,Chrysochromulina,
2d140f62e9ae524e6bcac592e8efbbaf,Eukaryota,TSAR_Rhizaria_Radiolaria,Polycystinea,Spumellaria,Spumellaria_1,Spumellaria_1_X,Spumellaria_1_X_sp.
539a8189e24c6603b2a0b92e06f50b1e,Eukaryota,TSAR_Alveolata_Dinoflagellata,Syndiniales,Dino-Group-III,Dino-Group-III_X,Dino-Group-III_XX,Dino-Group-III_XX_sp.
a9abc90f57779df97e38f538b13c1b52,Eukaryota,TSAR_Alveolata_Dinoflagellata,Syndiniales,Dino-Group-II,Dino-Group-II-Clade-23,Dino-Group-II-Clade-23_X,Dino-Group-II-Clade-23_X_sp.
e32eecf7e894e741cd31919f3e2ec685,Eukaryota,TSAR_Alveolata_Dinoflagellata,Syndiniales,Dino-Group-II,Dino-Group-II-Clade-1,Dino-Group-II-Clade-1_X,Dino-Group-II-Clade-1_X_sp.
02915e526d066497862d4ef775721a3b,Eukaryota,TSAR_Rhizaria_Radiolaria,Polycystinea,Spumellaria,Pyloniidae,Pyloniidae_3,Pyloniidae_3_sp.
08b669fc60ceda8f1a9a0e4e0a13fdf5,Eukaryota,Haptista_Haptophyta_Haptophyta_X,Prymnesiophyceae,Prymnesiales,Chrysochromulinaceae,Chrysochromulina,Chrysochromulina_sp.
fa0a903d03e8e7ab683b42cc58389dab,Eukaryota,TSAR_Alveolata_Dinoflagellata,Syndiniales,Dino-Group-II,Dino-Group-II-Clade-14,Dino-Group-II-Clade-14_X,Dino-Group-II-Clade-14_X_sp.
ee51326e8d2be290069421d62db6ee49,Eukaryota,TSAR_Alveolata_Ciliophora,CONThreeP,CONThreeP_X,CONThreeP_XX,CONThreeP_XXX,CONThreeP_XXX_sp.
80b6511d7b72b0c44af11ff7851bf9b7,Eukaryota,TSAR_Alveolata_Dinoflagellata,Syndiniales,Dino-Group-II,Dino-Group-II-Clade-6,Dino-Group-II-Clade-6_X,Dino-Group-II-Clade-6_X_sp.
7f5adfd3a1f8efb83b6912e72394dfa5,Eukaryota,TSAR_Alveolata_Dinoflagellata,Syndiniales,Dino-Group-II,Dino-Group-II-Clade-9,Dino-Group-II-Clade-9_X,Dino-Group-II-Clade-9_X_sp.
636d8ec5ae8debe39dd0b74dfce69861,Eukaryota,TSAR_Rhizaria_Radiolaria,Acantharea,Acantharea_C,Acantharea_C2,Gigartacon-C2,Gigartacon-C2_fragilis
45aa119f6dd7b4b7f866a6d77030111f,Eukaryota,Archaeplastida_Chlorophyta_Chlorophyta_X,Mamiellophyceae,Mamiellales,Bathycoccaceae,Ostreococcus,Ostreococcus_mediterraneus
6227771df3c8c430f8f3c8a4fb876de7,Eukaryota,TSAR_Alveolata_Alveolata_X,Alveolata_XX,Alveolata_XXX,Alveolata_XXXX,Alveolata_XXXXX,Alveolata_XXXXX_sp.
6a8d710cdb69efe451d77c8ed0fbf4df,Eukaryota,TSAR_Alveolata_Dinoflagellata,Dinophyceae,Dinophyceae_X,Dinophyceae_XX,Dinophyceae_XXX,Dinophyceae_XXX_sp.
daaaa5159c8f59bee768886a581bf565,Eukaryota,TSAR_Alveolata_Dinoflagellata,Syndiniales,Dino-Group-II,Dino-Group-II-Clade-6,Dino-Group-II-Clade-6_X,Dino-Group-II-Clade-6_X_sp.
216feff8838389502483c61b64451a4c,Eukaryota,TSAR_Stramenopiles_Gyrista,Chrysophyceae,Chrysophyceae_Clade-EC2H,Chrysophyceae_Clade-EC2H_X,Chrysophyceae_Clade-EC2H_XX,Chrysophyceae_Clade-EC2H_XX_sp.
6b186a06f94a7ddd09226a2167f9333a,Eukaryota,TSAR_Stramenopiles_Bigyra,Opalozoa,Nanomonadea,MAST-3,MAST-3I,MAST-3I_sp.
262fd800b48945fc1b08310a1f35365a,Eukaryota,Haptista_Haptophyta_Haptophyta_X,Haptophyta_Clade_HAP2,Haptophyta_Clade_HAP2_X,Haptophyta_Clade_HAP2_XX,Haptophyta_Clade_HAP2_XXX,Haptophyta_Clade_HAP2_XXX_sp.
d4b6b185412acfeec69d9c5d3c916d03,Eukaryota,TSAR_Alveolata_Dinoflagellata,Syndiniales,Dino-Group-II,Dino-Group-II-Clade-6,Dino-Group-II-Clade-6_X,Dino-Group-II-Clade-6_X_sp.
b7c6932af5b7ef87643151b5027e352b,Eukaryota,TSAR_Alveolata_Dinoflagellata,Syndiniales,,,,
639fc4c727ffe6ff6ed7de6b12a6c339,Eukaryota,Obazoa_Opisthokonta_Opisthokonta_X,Opisthokonta_XX,Opisthokonta_XXX,Opisthokonta_XXXX,Opisthokonta_XXXXX,Opisthokonta_XXXXX_sp.
2fb80c47ba69a13265f974f4f5760953,Eukaryota,TSAR_Stramenopiles_Bigyra,Opalozoa,Nanomonadea,MAST-3,MAST-3K,MAST-3K_sp.
3210c2a3397c599a8d537c8abea6b1e2,Eukaryota,Archaeplastida_Streptophyta_Streptophyta_X,Embryophyceae,Embryophyceae_X,Embryophyceae_XX,,
54375562915eb6f0ffa3be7ac9e0f5c4,Eukaryota,TSAR_Stramenopiles_Gyrista,MOCH-2,MOCH-2_X,MOCH-2_XX,MOCH-2_XXX,MOCH-2_XXX_sp.
fa322fc2c6625f12ba6fad12a6200a85,Eukaryota,TSAR_Alveolata_Dinoflagellata,Syndiniales,Dino-Group-II,,,
a8e6641bfe58bd7d9bc02bd8faa925f4,Eukaryota,TSAR_Alveolata_Ciliophora,Spirotrichea,Choreotrichida-Tintinnina,,,
e693ee9751cd569c8f84be33e56d6b99,Eukaryota,TSAR_Alveolata_Dinoflagellata,Dinophyceae,Dinophyceae_X,Dinophyceae_XX,Dinophyceae_XXX,Dinophyceae_XXX_sp.
f0288a7dc8cffdd8e852c7783dee2148,Eukaryota,TSAR_Alveolata_Dinoflagellata,Dinophyceae,Dinophyceae_X,Dinophyceae_XX,Dinophyceae_XXX,Dinophyceae_XXX_sp.
38e27e67ba63cde817d901b24a126aa8,Eukaryota,TSAR_Alveolata_Dinoflagellata,Syndiniales,Dino-Group-II,,,
0a2fc82f5d7bd55cbaa1fca74753652e,Eukaryota,TSAR_Alveolata_Dinoflagellata,Syndiniales,Dino-Group-II,Dino-Group-II-Clade-13,Dino-Group-II-Clade-13_X,Dino-Group-II-Clade-13_X_sp.
5558a024270117713e3e51eb06e7e52b,Eukaryota,TSAR_Alveolata_Dinoflagellata,Dinophyceae,Gonyaulacales,Ceratiaceae,Tripos,
a6ac1e2a0539af49a8591d4871beaba9,Eukaryota,TSAR_Alveolata_Dinoflagellata,Syndiniales,Dino-Group-II,Dino-Group-II-Clade-6,Dino-Group-II-Clade-6_X,Dino-Group-II-Clade-6_X_sp.
68adfaa1fe93c4df80548a867dc4840a,Eukaryota,TSAR_Stramenopiles_Gyrista,Chrysophyceae,Chrysophyceae_Clade-EC2H,Chrysophyceae_Clade-EC2H_X,Chrysophyceae_Clade-EC2H_XX,Chrysophyceae_Clade-EC2H_XX_sp.
ef0b86d2fed01e09453ffff795ff55fb,Eukaryota,TSAR_Alveolata_Dinoflagellata,Syndiniales,Dino-Group-I,Dino-Group-I-Clade-5,Dino-Group-I-Clade-5_X,Dino-Group-I-Clade-5_X_sp.
9e6ad0c685c8210e0781846c3ae2227d,Eukaryota,TSAR_Alveolata_Dinoflagellata,Syndiniales,Dino-Group-II,Dino-Group-II_X,Dino-Group-II_XX,Dino-Group-II_XX_sp.
c183011973929a969e9e2e1806528acb,Eukaryota,TSAR_Alveolata_Dinoflagellata,Syndiniales,Dino-Group-II,Dino-Group-II-Clade-15,Dino-Group-II-Clade-15_X,Dino-Group-II-Clade-15_X_sp.
ccc2f7f3de437e3b6defe86300c5f87e,Eukaryota,TSAR_Alveolata_Ciliophora,Oligohymenophorea,Apostomatia,Apostomatia_X,Apostomatia_XX,Apostomatia_XX_sp.
1e541995173c7ec22e2ea976ae7696f3,Eukaryota,Archaeplastida_Chlorophyta_Chlorophyta_X,Mamiellophyceae,Mamiellales,Mamiellaceae,Mamiella,Mamiella_gilva
397a9cfa8d8bc2ea1476b599a1b6875d,Eukaryota,TSAR_Alveolata_Dinoflagellata,Syndiniales,Dino-Group-II,Dino-Group-II-Clade-22,Dino-Group-II-Clade-22_X,Dino-Group-II-Clade-22_X_sp.
a2318bdef470b885dd0c819271c8b662,Eukaryota,TSAR_Stramenopiles_Gyrista,Chrysophyceae,Paraphysomonadales,Paraphysomonadaceae,Paraphysomonas,Paraphysomonas_sp.
c39752295f2b1f623f6b6b4d494e24a9,Eukaryota,Obazoa_Opisthokonta_Choanoflagellata,Choanoflagellatea,Acanthoecida,Stephanoecidae_Group_D,Stephanoecidae_Group_D_X,Stephanoecidae_Group_D_X_sp.
cc17f9567fcc43c4b6cc3e3305002bff,Eukaryota,TSAR_Rhizaria_Radiolaria,Polycystinea,Spumellaria,Hexalonchidae,Hexacontium,Hexacontium_sp.
341ce7701b26ec48731d3a1c1c44ba4f,Eukaryota,TSAR_Alveolata_Dinoflagellata,Syndiniales,Dino-Group-II,Dino-Group-II-Clade-27,Dino-Group-II-Clade-27_X,Dino-Group-II-Clade-27_X_sp.
7d0e8d89962b96495d682b9bfcaa7420,Eukaryota,TSAR_Alveolata_Dinoflagellata,Syndiniales,Dino-Group-II,Dino-Group-II-Clade-7,Dino-Group-II-Clade-7_X,Dino-Group-II-Clade-7_X_sp.
1a9d1dfc17a5b553f9e67635b75059a1,Eukaryota,TSAR_Alveolata_Dinoflagellata,Syndiniales,Dino-Group-II,Dino-Group-II-Clade-7,Dino-Group-II-Clade-7_X,Dino-Group-II-Clade-7_X_sp.
3b78204a12e7e3e0676eeb2cc5a3436d,Eukaryota,TSAR_Stramenopiles_Gyrista,Bacillariophyceae,Naviculales,Pleurosigmataceae,Pleurosigma,
fb96670c4e7a13df9eb0327256be7038,Eukaryota,TSAR_Alveolata_Dinoflagellata,Dinophyceae,Dinophyceae_X,Dinophyceae_XX,Dinophyceae_XXX,Dinophyceae_XXX_sp.
4f0fec47db474ea64c42bcada55285c3,Eukaryota,Obazoa_Opisthokonta_Fungi,Basidiomycota,Ustilaginomycotina,Ustilaginomycetes,,
2a3a9a9f779a49842c0e238284049af2,Eukaryota,TSAR_Alveolata_Dinoflagellata,Syndiniales,Dino-Group-III,Dino-Group-III_X,Dino-Group-III_XX,Dino-Group-III_XX_sp.
ffaf2d0500bf4791339a48a22973e054,Eukaryota,TSAR_Alveolata_Dinoflagellata,Syndiniales,Dino-Group-II,Dino-Group-II-Clade-1,Dino-Group-II-Clade-1_X,Dino-Group-II-Clade-1_X_sp.
34bf9f06ba9987576a3a8f1d73674652,Eukaryota,TSAR_Alveolata_Dinoflagellata,Syndiniales,Dino-Group-V,Dino-Group-V_X,Dino-Group-V_XX,Dino-Group-V_XX_sp.
0accb7087761bacb249dca740eadd0f3,Eukaryota,Haptista_Haptophyta_Haptophyta_X,Prymnesiophyceae,Prymnesiales,Chrysochromulinaceae,Chrysochromulina,Chrysochromulina_sp.
5e18c450efa9860608bc3bafe25ade64,Eukaryota,TSAR_Alveolata_Dinoflagellata,Syndiniales,Dino-Group-I,Dino-Group-I-Clade-5,Dino-Group-I-Clade-5_X,Dino-Group-I-Clade-5_X_sp.
1b23239bf183fe6ccadb422eb32e858e,Eukaryota,TSAR_Stramenopiles_Bigyra,Sagenista,Labyrinthulomycetes,Labyrinthulomycetes_LAB14,Labyrinthulomycetes_LAB14_X,Labyrinthulomycetes_LAB14_X_sp.
576f8018c39dd31349c905813f485eb0,Eukaryota,Archaeplastida_Chlorophyta_Chlorophyta_X,Pyramimonadophyceae,Pyramimonadales,Pyramimonadaceae,Pyramimonas,
dc83c3dbc4d3643245f6368e41fdea41,Eukaryota,Haptista_Haptophyta_Haptophyta_X,Prymnesiophyceae,Prymnesiales,Chrysochromulinaceae,Chrysochromulina,Chrysochromulina_sp.
9c6f6bdad97635ba3724bc8e5fe99ce5,Eukaryota,Haptista_Haptophyta_Haptophyta_X,Prymnesiophyceae,Prymnesiales,Chrysochromulinaceae,Chrysochromulina,Chrysochromulina_sp.
9049859e9d3ea080af08023c64424159,Eukaryota,TSAR_Alveolata_Dinoflagellata,Syndiniales,Dino-Group-II,Dino-Group-II-Clade-1,Dino-Group-II-Clade-1_X,Dino-Group-II-Clade-1_X_sp.
40dab7e0a66f7696633d482525aaad23,Eukaryota,TSAR_Alveolata_Dinoflagellata,Syndiniales,Dino-Group-I,Dino-Group-I-Clade-2,Dino-Group-I-Clade-2_X,Dino-Group-I-Clade-2_X_sp.
7dd98e3cf6d2c220a8f1a9ca19cb3518,Eukaryota,Haptista_Haptophyta_Haptophyta_X,Prymnesiophyceae,Prymnesiales,Prymnesiophyceae_Clade_B5,Prymnesiophyceae_Clade_B5_X,Prymnesiophyceae_Clade_B5_X_sp.
ef605f9dfb6ce4ad16bb23041d4047c3,Eukaryota,TSAR_Stramenopiles_Bigyra,Sagenista,Labyrinthulomycetes,Labyrinthulomycetes_LAB14,Labyrinthulomycetes_LAB14_X,Labyrinthulomycetes_LAB14_X_sp.
100d542c7b93fc31cf38942273c02222,Eukaryota,TSAR_Alveolata_Dinoflagellata,Syndiniales,Dino-Group-II,Dino-Group-II-Clade-1,Dino-Group-II-Clade-1_X,Dino-Group-II-Clade-1_X_sp.
38a131a1df6d7efbd9235d43eaf04784,Eukaryota,TSAR_Alveolata_Dinoflagellata,Syndiniales,Dino-Group-II,,,
7c5cf7679c7599f5a339e76f3168e7e0,Eukaryota,TSAR_Stramenopiles_Bigyra,Opalozoa,Nanomonadea,MAST-3,MAST-3I,MAST-3I_sp.
fa07a30085124a7b0019396b90853538,Eukaryota,Cryptista_Cryptophyta_Cryptophyta_X,Cryptophyceae,Goniomonadales,Goniomonadales_X,Goniomonas,Goniomonas_sp.
1d4f715cf94c79af32b4a05ac9bef666,Eukaryota,TSAR_Alveolata_Dinoflagellata,Syndiniales,Dino-Group-II,,,
8cbf9c090da773aeac73d9bb77824566,Eukaryota,TSAR_Alveolata_Ciliophora,Spirotrichea,Choreotrichida-Tintinnina,Tintinnidae,Tintinnidae_X,Tintinnidae_X_sp.
b2debc582dea737937346b02dcadf7ba,Eukaryota,TSAR_Alveolata_Dinoflagellata,Syndiniales,Dino-Group-II,Dino-Group-II-Clade-15,Dino-Group-II-Clade-15_X,Dino-Group-II-Clade-15_X_sp.
4cc31177a052f268b72fdbb89e4c673c,Eukaryota,TSAR_Alveolata_Dinoflagellata,Syndiniales,Dino-Group-V,Dino-Group-V_X,Dino-Group-V_XX,Dino-Group-V_XX_sp.
160d04c293baf69fee639cc2a65d7340,Eukaryota,TSAR_Alveolata_Dinoflagellata,Dinophyceae,Prorocentrales,Prorocentraceae,Prorocentrum,Prorocentrum_sp.
ff1ee6632e149d1129eadd6696e2be0f,Eukaryota,TSAR_Alveolata_Ciliophora,Spirotrichea,Choreotrichida,Strobilidiidae,Strobilidiidae_X,Strobilidiidae_X_sp.
bea3baa9cc7067f78151325fe3add69b,Eukaryota,TSAR_Alveolata_Dinoflagellata,Syndiniales,Dino-Group-II,Dino-Group-II-Clade-8,Dino-Group-II-Clade-8_X,Dino-Group-II-Clade-8_X_sp.
7f3c3c7dabb988fbe4ed22b5d7271dc3,Eukaryota,TSAR_Alveolata_Dinoflagellata,Syndiniales,Dino-Group-I,Dino-Group-I-Clade-1,Dino-Group-I-Clade-1_X,Dino-Group-I-Clade-1_X_sp.
9b2fee22a6b76b4d3d8fb65b6eeebbd7,Eukaryota,TSAR_Alveolata_Dinoflagellata,Syndiniales,Dino-Group-II,Dino-Group-II-Clade-6,Dino-Group-II-Clade-6_X,Dino-Group-II-Clade-6_X_sp.
0cd60a728e788456dca5b6369883bd55,Eukaryota,Obazoa_Opisthokonta_Choanoflagellata,Choanoflagellatea,Choanoflagellatea_X,Choanoflagellata_XX_Clade-3,Choanoflagellata_XX_Clade-3_X,Choanoflagellata_XX_Clade-3_X_sp.
b7f353be75305c4815bcab2ef1a9f6ed,Eukaryota,TSAR_Rhizaria_Cercozoa,Filosa-Imbricatea,Marimonadida,Marimonadida_X,Marimonadida_XX,Marimonadida_XX_sp.
29238a1ae3ff3feb9b4fd477f8bcea23,Eukaryota,Haptista_Haptophyta_Haptophyta_X,Haptophyta_Clade_HAP2,Haptophyta_Clade_HAP2_X,Haptophyta_Clade_HAP2_XX,Haptophyta_Clade_HAP2_XXX,Haptophyta_Clade_HAP2_XXX_sp.
6af3cb2b9b3564c67e0e78a097751f00,Eukaryota,TSAR_Alveolata_Dinoflagellata,Dinophyceae,Gymnodiniales,Gymnodiniaceae,Gymnodinium,Gymnodinium_sp.
552030743afbbace2ba114b3ef526144,Eukaryota,TSAR_Alveolata_Dinoflagellata,Syndiniales,Dino-Group-I,Dino-Group-I_X,Dino-Group-I_XX,Dino-Group-I_XX_sp.
55856a4b2d031a21c30d2040d4ffd429,Eukaryota,Haptista_Haptophyta_Haptophyta_X,Prymnesiophyceae,Prymnesiales,Chrysochromulinaceae,Chrysochromulina,Chrysochromulina_sp.
8c78a4b0e0c8b11c0645d0de903333e5,Eukaryota,Obazoa_Opisthokonta_Fungi,Ascomycota,Pezizomycotina,Eurotiomycetes,Aspergillus,Aspergillus_versicolor
af700d67fbee3c3134203a9472e52af1,Eukaryota,TSAR_Rhizaria_Cercozoa,Chlorarachniophyceae,Chlorarachnida,Chlorarachnida_X,Bigelowiella,Bigelowiella_longifila
e19b1401bb79870919bd34bb0030bd69,Eukaryota,TSAR_Alveolata_Dinoflagellata,Dinophyceae,Dinophyceae_X,Dinophyceae_XX,Dinophyceae_XXX,Dinophyceae_XXX_sp.
d6df2e8fee9eee86013f00aeadda085d,Eukaryota,TSAR_Stramenopiles_Bigyra,Sagenista,Sagenista_X,MAST-8,MAST-8D,MAST-8D_sp.
b44bf04b9b49c603857b1c0695540783,Eukaryota,TSAR_Alveolata_Dinoflagellata,Dinophyceae,Dinophyceae_X,Dinophyceae_XX,Dinophyceae_XXX,Dinophyceae_XXX_sp.
9b249a472cee96cdf7180546fc3ed846,Eukaryota,TSAR_Rhizaria_Radiolaria,Acantharea,Acantharea_F,Acantharea_F3,Acanthometra,Acanthometra_sp.
71a2374479448977131f0ac526f00d81,Eukaryota,TSAR_Alveolata_Dinoflagellata,Syndiniales,Dino-Group-I,Dino-Group-I-Clade-4,Dino-Group-I-Clade-4_X,Dino-Group-I-Clade-4_X_sp.
ec010a606daf9ee4f9e337a2f22c828b,Eukaryota,Haptista_Haptophyta_Haptophyta_X,Prymnesiophyceae,Prymnesiales,Chrysochromulinaceae,Chrysochromulina,Chrysochromulina_sp.
58bdfb058d25005f3cf170a81d088445,Eukaryota,TSAR_Alveolata_Dinoflagellata,Dinophyceae,Gymnodiniales,Gymnodiniaceae,Margalefidinium,Margalefidinium_fulvescens
8d0f487988f30ce8dc41aebfe8809529,Eukaryota,TSAR_Alveolata_Dinoflagellata,Syndiniales,Dino-Group-II,Dino-Group-II-Clade-6,Dino-Group-II-Clade-6_X,Dino-Group-II-Clade-6_X_sp.
c9191e471c37096294b8acb7c22b0582,Eukaryota,TSAR_Alveolata_Dinoflagellata,Dinophyceae,Peridiniales,,,
64b2b13873f3b2aa919440b7d7a308cf,Eukaryota,TSAR_Alveolata_Ciliophora,Ciliophora_X,Ciliophora_XX,Ciliophora_XXX,Cyclotrichium,Cyclotrichium_cyclokaryon
a819b4b1ab274929b77451527fb5b849,Eukaryota,TSAR_Alveolata_Dinoflagellata,Syndiniales,Dino-Group-I,Dino-Group-I-Clade-5,Dino-Group-I-Clade-5_X,Dino-Group-I-Clade-5_X_sp.
ccc29ddb05ce87cde12b1d80fea18c13,Eukaryota,TSAR_Alveolata_Dinoflagellata,Syndiniales,Dino-Group-II,Dino-Group-II-Clade-9,Dino-Group-II-Clade-9_X,Dino-Group-II-Clade-9_X_sp.
2b16256552f0355fa0cfb090034089a9,Eukaryota,TSAR_Rhizaria_Cercozoa,Filosa-Imbricatea,Euglyphida,Euglyphida_X,Euglyphida_XX,Euglyphida_XX_sp.
1e8e621bff2740417ebd3d07ce6eef78,Eukaryota,Haptista_Haptophyta_Haptophyta_X,Prymnesiophyceae,Prymnesiales,Prymnesiophyceae_Clade_B5,Prymnesiophyceae_Clade_B5_X,Prymnesiophyceae_Clade_B5_X_sp.
603833e52eb04daafd4c7f5dc1a27215,Eukaryota,TSAR_Alveolata_Dinoflagellata,Syndiniales,,,,
d538e10fedbfa88e7dc25eb01c1ce4ce,Eukaryota,TSAR_Alveolata_Dinoflagellata,Syndiniales,Dino-Group-II,Dino-Group-II-Clade-9,Dino-Group-II-Clade-9_X,Dino-Group-II-Clade-9_X_sp.
e5f5546b41526eefbe459eb9c5aa8b0e,Eukaryota,Obazoa_Opisthokonta_Ichthyosporea,Ichthyophonida,Abeoformidae,Abeoformidae_Group_MAIP_2,Abeoformidae_Group_MAIP_2_X,Abeoformidae_Group_MAIP_2_X_sp.
07826faa1d9aba882a0ed2ac52e87be1,Eukaryota,TSAR_Alveolata_Dinoflagellata,Dinophyceae,Prorocentrales,Prorocentraceae,Prorocentrum,
764fde9d07d450727fe74823cce99773,Eukaryota,TSAR_Stramenopiles_Gyrista,Mediophyceae,Chaetocerotales,Chaetocerotaceae,Chaetoceros,Chaetoceros_tortissimus
cfe88de0d0c5f89a651b164e385d4b30,Eukaryota,TSAR_Alveolata_Ciliophora,Spirotrichea,Oligotrichida,Oligotrichida_X,Oligotrichida_XX,Oligotrichida_XX_sp.
2067645ec58abe8e68c425f46379035a,Eukaryota,TSAR_Stramenopiles_Gyrista,Chrysophyceae,Paraphysomonadales,Paraphysomonadaceae,Paraphysomonas,Paraphysomonas_sp.
10b966cb5c147f0b83a1d104ba034239,Eukaryota,TSAR_Alveolata_Dinoflagellata,Syndiniales,Dino-Group-I,Dino-Group-I-Clade-5,Dino-Group-I-Clade-5_X,Dino-Group-I-Clade-5_X_sp.
2aa20bc4ddb5dbe97f70169729dfb51c,Eukaryota,TSAR_Alveolata_Dinoflagellata,Syndiniales,Dino-Group-II,Dino-Group-II_X,Dino-Group-II_XX,Dino-Group-II_XX_sp.
ed9114033ea7c87d3ff4b5a36da895a6,Eukaryota,TSAR_Alveolata_Dinoflagellata,Syndiniales,Dino-Group-II,Dino-Group-II-Clade-16,Dino-Group-II-Clade-16_X,Dino-Group-II-Clade-16_X_sp.
d2002b3ccf26c9900d181bcdcc7959b4,Eukaryota,TSAR_Alveolata_Dinoflagellata,Syndiniales,Dino-Group-II,,,
3ca0f8b4d3ed7e5b1349f3ea7e671c65,Eukaryota,TSAR_Rhizaria_Radiolaria,Polycystinea,Spumellaria,Astrosphaeridae,Cladococcus,Cladococcus_scoparius
7243acffe75ac6ff0e5f795b36a11a2d,Eukaryota,TSAR_Alveolata_Dinoflagellata,Syndiniales,Dino-Group-II,Dino-Group-II-Clade-10-and-11,Dino-Group-II-Clade-10-and-11_X,Dino-Group-II-Clade-10-and-11_X_sp.
34cc31fdc4dc3c0e5047e35d48e54794,Eukaryota,TSAR_Alveolata_Dinoflagellata,Dinophyceae,Dinophyceae_X,Dinophyceae_XX,Dinophyceae_XXX,Dinophyceae_XXX_sp.
d7d8eede6c0d64391ebad719ae2f7df0,Eukaryota,TSAR_Alveolata_Dinoflagellata,Syndiniales,Dino-Group-II,Dino-Group-II-Clade-21,Dino-Group-II-Clade-21_X,Dino-Group-II-Clade-21_X_sp.
21e440517eba160c6e978fd69d23474a,Eukaryota,TSAR_Alveolata_Dinoflagellata,Dinophyceae,Dinophyceae_X,Dinophyceae_XX,Dinophyceae_XXX,Dinophyceae_XXX_sp.
858f0173aa053070fe2046e57a3c5182,Eukaryota,TSAR_Alveolata_Dinoflagellata,Syndiniales,Dino-Group-II,Dino-Group-II-Clade-10-and-11,Dino-Group-II-Clade-10-and-11_X,Dino-Group-II-Clade-10-and-11_X_sp.
ea9bafc8ce729222cb6211c74c516152,Eukaryota,TSAR_Alveolata_Dinoflagellata,Dinophyceae,,,,
20bdd040f165a5a3a9b3a8c3b16b6dd1,Eukaryota,TSAR_Alveolata_Dinoflagellata,Syndiniales,Dino-Group-I,Dino-Group-I-Clade-5,Dino-Group-I-Clade-5_X,Dino-Group-I-Clade-5_X_sp.
20f9753265e11c49af668a7d9784e264,Eukaryota,TSAR_Alveolata_Dinoflagellata,Syndiniales,Dino-Group-III,Dino-Group-III_X,Dino-Group-III_XX,Dino-Group-III_XX_sp.
ab9699c553d510d66e1ac795a39e5381,Eukaryota,TSAR_Telonemia_Telonemia_X,Telonemia_XX,Telonemia_XXX,Telonemia-Group-2,Telonemia-Group-2_X,Telonemia-Group-2_X_sp.
3f1c4f3ee035e717b40fdf0cc0f0e7e6,Eukaryota,TSAR_Alveolata_Dinoflagellata,Syndiniales,Dino-Group-III,Dino-Group-III_X,Dino-Group-III_XX,Dino-Group-III_XX_sp.
14570a0c6e54602a53d86c2cb4c6e7c6,Eukaryota,TSAR_Alveolata_Dinoflagellata,Dinophyceae,Dinophyceae_X,Dinophyceae_XX,Dinophyceae_XXX,Dinophyceae_XXX_sp.
7c3f66f960e1891a578d18985d9bd819,Eukaryota,TSAR_Alveolata_Dinoflagellata,Syndiniales,,,,
7086dd36c924c221a8bc4a154f1f6713,Eukaryota,TSAR_Alveolata_Dinoflagellata,Syndiniales,Dino-Group-I,Dino-Group-I-Clade-5,Dino-Group-I-Clade-5_X,Dino-Group-I-Clade-5_X_sp.
9d47a4c59b5d1befc5fa9257a9e19017,Eukaryota,TSAR_Stramenopiles_Gyrista,Dictyochophyceae,Dictyochophyceae_X,Dictyochales,Dictyochales_X,Dictyochales_X_sp.
e7fe4307bcdd7a5703c1c50865b1f908,Eukaryota,TSAR_Alveolata_Dinoflagellata,Syndiniales,Dino-Group-II,Dino-Group-II-Clade-1,Dino-Group-II-Clade-1_X,Dino-Group-II-Clade-1_X_sp.
d2f4e155ceb8d7836ef15219001dfeb7,Eukaryota,Excavata_Discoba_Euglenozoa,Diplonemea,Diplonemida,Eupelagonemidae,Eupelagonemidae_X,Eupelagonemidae_X_sp.
fb59775216baa6b917ebb608e6a2b7fb,Eukaryota,TSAR_Stramenopiles_Gyrista,Mediophyceae,Thalassiosirales,Stephanodiscaceae,Cyclotella,
f2a73373dcd6ae413b5cd92559ef84c1,Eukaryota,TSAR_Alveolata_Dinoflagellata,Syndiniales,Dino-Group-II,Dino-Group-II-Clade-4,Amoebophrya,Amoebophrya_sp.
7f37eaab779e055fc4c0ddd129c4c06b,Eukaryota,Haptista_Haptophyta_Haptophyta_X,Prymnesiophyceae,Prymnesiales,Chrysochromulinaceae,Chrysochromulina,Chrysochromulina_sp.
0319e4d023140bfcb8aa20064f4bf3f2,Eukaryota,TSAR_Alveolata_Dinoflagellata,Dinophyceae,Gymnodiniales,Gymnodiniaceae,Polykrikos,Polykrikos_kofoidii
a1f4a05d43f989be180adb63f2d7087a,Eukaryota,TSAR_Alveolata_Dinoflagellata,Dinophyceae,,,,
12cad8cce7af056da229552c14cb6c14,Eukaryota,TSAR_Alveolata_Dinoflagellata,Syndiniales,Dino-Group-II,Dino-Group-II-Clade-12,Dino-Group-II-Clade-12_X,Dino-Group-II-Clade-12_X_sp.
cb678f5d8c43245ad97c83b485807b55,Eukaryota,TSAR_Rhizaria_Radiolaria,Polycystinea,Nassellaria,Eucyrtidiidae,Eucyrtidium,
a1b8631e003606177d6cc9aef08b2f19,Eukaryota,TSAR_Alveolata_Dinoflagellata,Dinophyceae,Dinophyceae_X,Dinophyceae_XX,Dinophyceae_XXX,Dinophyceae_XXX_sp.
f7af5f2f7db64695aa4ffb8fca69d9f0,Eukaryota,TSAR_Alveolata_Dinoflagellata,Syndiniales,Dino-Group-II,Dino-Group-II-Clade-8,Dino-Group-II-Clade-8_X,Dino-Group-II-Clade-8_X_sp.
2954a9a3eab21f66aa4c00802b9ba2ac,Eukaryota,TSAR_Alveolata_Dinoflagellata,Syndiniales,Dino-Group-II,Dino-Group-II-Clade-10-and-11,Dino-Group-II-Clade-10-and-11_X,Dino-Group-II-Clade-10-and-11_X_sp.
52b5cc9b9528150f3c572b0d8bfd7fd4,Eukaryota,TSAR_Alveolata_Dinoflagellata,,,,,
01c5563050bfc8051ddff2003957fc4d,Eukaryota,TSAR_Alveolata_Ciliophora,Spirotrichea,Oligotrichida,Tontoniidae,Spirotontonia,Spirotontonia_sp.
dd837a6f8e9d7fc66a6e2a8e5f507cc1,Eukaryota,TSAR_Alveolata_Dinoflagellata,Dinophyceae,Dinophyceae_X,Dinophyceae_XX,Dinophyceae_XXX,Dinophyceae_XXX_sp.
8eb2f25ac8dabe6ccf0caa22eeea8c13,Eukaryota,TSAR_Alveolata_Dinoflagellata,Syndiniales,Dino-Group-II,Dino-Group-II-Clade-10-and-11,Dino-Group-II-Clade-10-and-11_X,Dino-Group-II-Clade-10-and-11_X_sp.
5e93f75c46f67fc6ea791da8cc0931ca,Eukaryota,TSAR_Alveolata_Dinoflagellata,Dinophyceae,Dinophyceae_X,Dinophyceae_XX,Dinophyceae_XXX,Dinophyceae_XXX_sp.
f2c7dacde0bc495c49a63ca8bfe0380a,Eukaryota,TSAR_Alveolata_Dinoflagellata,Syndiniales,Dino-Group-II,Dino-Group-II-Clade-22,Dino-Group-II-Clade-22_X,Dino-Group-II-Clade-22_X_sp.
7e4bcb3d9c727940990e2820cb4e112d,Eukaryota,TSAR_Alveolata_Ciliophora,Oligohymenophorea,Apostomatia,Opalinopsidae,Chromidina,Chromidina_sp.
9f27e8f806b351120f82d33564eeb42f,Eukaryota,TSAR_Alveolata_Dinoflagellata,Syndiniales,Dino-Group-II,Dino-Group-II-Clade-4,Amoebophrya,Amoebophrya_sp.
73c4d4a1bc4d5b7d3a96109979e5c554,Eukaryota,TSAR_Rhizaria_Cercozoa,Chlorarachniophyceae,Chlorarachniophyceae_X,LC104-lineage,LC104-lineage_X,LC104-lineage_X_sp.
01baec8ed64a79ce9ee8605151d40f4b,Eukaryota,Excavata_Discoba_Euglenozoa,Diplonemea,Diplonemida,Eupelagonemidae,Eupelagonemidae_X,Eupelagonemidae_X_sp.
1672049298a2b8b03393101f9c3922b6,Eukaryota,TSAR_Rhizaria_Cercozoa,Filosa-Thecofilosea,Cryomonadida,Protaspa-lineage,Protaspa-lineage_X,Protaspa-lineage_X_sp.
3a13642b79f93cef7789ef284c7dd87f,Eukaryota,TSAR_Alveolata_Dinoflagellata,Dinophyceae,Dinophyceae_X,Dinophyceae_XX,Dinophyceae_XXX,Dinophyceae_XXX_sp.
fef87c3339a50d515f21d59bcc35a664,Eukaryota,TSAR_Alveolata_Dinoflagellata,Syndiniales,Dino-Group-I,Dino-Group-I-Clade-3,Dino-Group-I-Clade-3_X,Dino-Group-I-Clade-3_X_sp.
7cfb93628da69607e915175621427b83,Eukaryota,TSAR_Alveolata_Dinoflagellata,Syndiniales,Dino-Group-II,Dino-Group-II-Clade-10-and-11,Dino-Group-II-Clade-10-and-11_X,Dino-Group-II-Clade-10-and-11_X_sp.
1dbf07a30b34bcd0515795e68fb6c844,Eukaryota,TSAR_Alveolata_Dinoflagellata,Syndiniales,Dino-Group-II,Dino-Group-II-Clade-15,Dino-Group-II-Clade-15_X,Dino-Group-II-Clade-15_X_sp.
ee4e31df5ba03ceb6c1b81cd415dc0a8,Eukaryota,TSAR_Alveolata_Dinoflagellata,Syndiniales,Dino-Group-II,Dino-Group-II-Clade-10-and-11,Dino-Group-II-Clade-10-and-11_X,Dino-Group-II-Clade-10-and-11_X_sp.
b68c5ffaf253a302498b31af6bb8e975,Eukaryota,TSAR_Alveolata_Dinoflagellata,Dinophyceae,Dinophyceae_X,Dinophyceae_XX,Dinophyceae_XXX,Dinophyceae_XXX_sp.
555d3ccfa9b6552b059ce338609da7db,Eukaryota,TSAR_Rhizaria_Radiolaria,Polycystinea,Spumellaria,Astrosphaeridae,Heliosphaera,Heliosphaera_sp.
bf09291cf62cc21b85fe895fbd6ccbc8,Eukaryota,Obazoa_Opisthokonta_Choanoflagellata,Choanoflagellatea,Choanoflagellatea_X,Choanoflagellatea_XX,Choanoflagellatea_XXX,Choanoflagellatea_XXX_sp.
fbeb62bd5c8a16eadbc2049fabc16849,Eukaryota,__,,,,,
8bc330057031b633d846c97bf953d70b,Eukaryota,TSAR_Alveolata_Dinoflagellata,Dinophyceae,,,,
991762dd53a3d173976d27d66205491c,Eukaryota,TSAR_Alveolata_Dinoflagellata,Syndiniales,Dino-Group-II,Dino-Group-II-Clade-6,Dino-Group-II-Clade-6_X,Dino-Group-II-Clade-6_X_sp.
5c3ca9c97c26aa313c4b24007f9221a7,Eukaryota,TSAR_Stramenopiles_Gyrista,Mediophyceae,Chaetocerotales,Chaetocerotaceae,Chaetoceros,Chaetoceros_pseudocurvisetus
d6829f694eac4bb31cae6975e302798f,Eukaryota,TSAR_Alveolata_Dinoflagellata,Dinophyceae,Gymnodiniales,Kareniaceae,,
3c8724fba3ede1eaf21289c7519b14d4,Eukaryota,TSAR_Alveolata_Ciliophora,CONThreeP,CONThreeP_X,Discotrichidae,NASSO_1,NASSO_1_sp.
da8fa1b337f279900c99640323dc4927,Eukaryota,Archaeplastida_Chlorophyta_Chlorophyta_X,Mamiellophyceae,Mamiellales,Bathycoccaceae,Ostreococcus,Ostreococcus_clade_B
7c98f6014ee431687d59e1775b52008c,Eukaryota,Obazoa_Opisthokonta_Fungi,Ascomycota,Pezizomycotina,Eurotiomycetes,Penicillium,
990973a826258c62b2559be607feee64,Eukaryota,TSAR_Alveolata_Dinoflagellata,Syndiniales,Dino-Group-II,Dino-Group-II-Clade-20,Dino-Group-II-Clade-20_X,Dino-Group-II-Clade-20_X_sp.
d12bf105987a5e9c412148da24f119be,Eukaryota,TSAR_Alveolata_Dinoflagellata,Dinophyceae,Dinophyceae_X,Dinophyceae_XX,Dinophyceae_XXX,Dinophyceae_XXX_sp.
c95d439cf0d9975258769b80eab44148,Eukaryota,TSAR_Alveolata_Dinoflagellata,Dinophyceae,Gymnodiniales,Gymnodiniaceae,Gymnodinium,Gymnodinium_impudicum
637658b5020dfe8b2e6f61151140186a,Eukaryota,TSAR_Rhizaria_Radiolaria,Polycystinea,Spumellaria,Hexalonchidae,Hexacontium,
be489906bd9d2446289ff8e7181880f1,Eukaryota,Excavata_Discoba_Euglenozoa,Kinetoplastea,Neobodonida,Rhynchomonadidae,Rhynchomonas,Rhynchomonas_sp.
bbbc920ff62a096176b1b5fc445cfc6e,Eukaryota,TSAR_Alveolata_Dinoflagellata,Syndiniales,Dino-Group-II,Dino-Group-II-Clade-1,Dino-Group-II-Clade-1_X,Dino-Group-II-Clade-1_X_sp.
a3c4dbfc3f09dc43a40bd83280246941,Eukaryota,TSAR_Alveolata_Dinoflagellata,Syndiniales,Dino-Group-I,Dino-Group-I-Clade-5,Dino-Group-I-Clade-5_X,Dino-Group-I-Clade-5_X_sp.
c215ae91cec1cadccff8905970ab4499,Eukaryota,TSAR_Rhizaria_Radiolaria,RAD-B,RAD-B_X,RAD-B_X_Group-Ic,RAD-B_X_Group-Ic_X,RAD-B_X_Group-Ic_X_sp.
16f524639d5448102a18fa0794c383bf,Eukaryota,TSAR_Alveolata_Dinoflagellata,Dinophyceae,,,,
9ce292f2fa330702fb3cdd73a672ca4a,Eukaryota,TSAR_Alveolata_Dinoflagellata,Dinophyceae,Gymnodiniales,Gymnodiniaceae,,
0279975b0491154e15cc63aaba1b0742,Eukaryota,TSAR_Alveolata_Dinoflagellata,Dinophyceae,,,,
7d3b0d40713e58abeb2aae1c6b08e776,Eukaryota,TSAR_Alveolata_Dinoflagellata,Syndiniales,Dino-Group-I,Dino-Group-I-Clade-5,Dino-Group-I-Clade-5_X,Dino-Group-I-Clade-5_X_sp.
70729276e93a6454963d759ead878d61,Eukaryota,TSAR_Alveolata_Dinoflagellata,Syndiniales,Dino-Group-II,,,
9164dfcab0fba4f75db8c0381d460927,Eukaryota,TSAR_Alveolata_Ciliophora,Spirotrichea,Oligotrichida,Strombidiidae,Strombidiidae_X,Strombidiidae_X_sp.
b227582aeaddb7c48197aa31d0bff45d,Eukaryota,TSAR_Stramenopiles_Gyrista,Mediophyceae,Chaetocerotales,Chaetocerotaceae,Chaetoceros,Chaetoceros_diadema-1
f86df98c10256437b849dd0fdedd45c8,Eukaryota,TSAR_Stramenopiles_Gyrista,Mediophyceae,Thalassiosirales,Skeletonemaceae,Skeletonema,Skeletonema_marinoi
92c6d1666aff331106076fde843ee0d2,Eukaryota,TSAR_Alveolata_Dinoflagellata,Syndiniales,Dino-Group-II,Dino-Group-II-Clade-23,Dino-Group-II-Clade-23_X,Dino-Group-II-Clade-23_X_sp.
bb37a4c197378309d70338a49fb06c0c,Eukaryota,TSAR_Alveolata_Dinoflagellata,Dinophyceae,Dinophyceae_X,Dinophyceae_XX,Dinophyceae_XXX,Dinophyceae_XXX_sp.
29dad69640b806e70d9ad84dfb4b81b4,Eukaryota,Haptista_Haptophyta_Haptophyta_X,Prymnesiophyceae,,,,
b5134b8e2d219314b11a55ff86f93896,Eukaryota,Archaeplastida_Streptophyta_Streptophyta_X,Embryophyceae,Embryophyceae_X,Embryophyceae_XX,,
fa3f95dcc9e5a677379121f9968b2f9c,Eukaryota,TSAR_Alveolata_Dinoflagellata,Syndiniales,Dino-Group-II,Dino-Group-II-Clade-6,Dino-Group-II-Clade-6_X,Dino-Group-II-Clade-6_X_sp.
4369cca3ac4223aa25bd1b9fe218b0ee,Eukaryota,TSAR_Stramenopiles_Gyrista,Mediophyceae,Chaetocerotales,Chaetocerotaceae,Chaetoceros,
94e792373cb6d17259e2a4da338ed922,Eukaryota,TSAR_Stramenopiles_Gyrista,Dictyochophyceae,Dictyochophyceae_X,Florenciellales,Florenciellales_X,Florenciellales_X_sp.
1fdd7965e32ee2ab62a9e34b23b08830,Eukaryota,TSAR_Alveolata_Dinoflagellata,Syndiniales,Dino-Group-II,Dino-Group-II-Clade-10-and-11,Dino-Group-II-Clade-10-and-11_X,Dino-Group-II-Clade-10-and-11_X_sp.
c3287f7649ba6f19aeb8b79b069bfc9c,Eukaryota,TSAR_Alveolata_Dinoflagellata,Dinophyceae,Dinophyceae_X,Dinophyceae_XX,Dinophyceae_XXX,Dinophyceae_XXX_sp.
bc6dbfadb9b2715d9ef4364d3bc1556f,Eukaryota,TSAR_Alveolata_Dinoflagellata,Dinophyceae,Dinophyceae_X,Dinophyceae_XX,Dinophyceae_XXX,Dinophyceae_XXX_sp.
b68d0b85704e5a6203790c2a01c06c38,Eukaryota,TSAR_Stramenopiles_Gyrista,Chrysophyceae,Chrysophyceae_Clade-EC2H,Chrysophyceae_Clade-EC2H_X,Chrysophyceae_Clade-EC2H_XX,Chrysophyceae_Clade-EC2H_XX_sp.
e4221351b0483774f14e4a5345598d9b,Eukaryota,TSAR_Alveolata_Dinoflagellata,Dinophyceae,,,,
e0fcb492182ed3f6f7d47951ddee6bc1,Eukaryota,TSAR_Alveolata_Dinoflagellata,Syndiniales,Dino-Group-I,Dino-Group-I-Clade-5,Dino-Group-I-Clade-5_X,Dino-Group-I-Clade-5_X_sp.
8dd2607df662263db944eb896ea5ab7e,Eukaryota,TSAR_Rhizaria_Radiolaria,Polycystinea,Spumellaria,Spumellaria_6,Spumellaria_6_X,Spumellaria_6_X_sp.
219aff4418c428f8082839f8599ef398,Eukaryota,Cryptista_Cryptophyta_Cryptophyta_X,Cryptophyceae,Cryptophyceae-Basal-1,Cryptophyceae-Basal-1_X,Cryptophyceae-Basal-1_XX,Cryptophyceae-Basal-1_XX_sp.
8af597fa72e4dcfa2052bbbd4cecd86c,Eukaryota,TSAR_Stramenopiles_Bigyra,Sagenista,Sagenista_X,MAST-7,MAST-7A,MAST-7A_sp.
257b719ac4ec73c73951f760a35d2be9,Eukaryota,TSAR_Alveolata_Dinoflagellata,Syndiniales,Dino-Group-I,Dino-Group-I-Clade-5,Dino-Group-I-Clade-5_X,Dino-Group-I-Clade-5_X_sp.
265b4c7caa546aeae058736f4326cafd,Eukaryota,TSAR_Alveolata_Dinoflagellata,Dinophyceae,,,,
3eb2250f8ab8e59544ae1bffb06dc11a,Eukaryota,TSAR_Alveolata_Ciliophora,Ciliophora_X,Ciliophora_XX,Ciliophora_XXX,Cyclotrichium,Cyclotrichium_sp.
5173155b3e30efbcf729ffb6ef24638c,Eukaryota,TSAR_Stramenopiles_Gyrista,Dictyochophyceae,Dictyochophyceae_X,Dictyochales,Dictyocha,Dictyocha_speculum
4cff70feb1e81d04e77039b97b8f01b1,Eukaryota,TSAR_Stramenopiles_Bigyra,Sagenista,Labyrinthulomycetes,Labyrinthulomycetes_LAB14,Labyrinthulomycetes_LAB14_X,Labyrinthulomycetes_LAB14_X_sp.
d94048b62ef78a93ca57d818ee6ed7c3,Eukaryota,TSAR_Stramenopiles_Bigyra,Sagenista,Sagenista_X,MAST-7,MAST-7A,MAST-7A_sp.
2cb145dfb8c90ea42b61f4f9908fd876,Eukaryota,TSAR_Alveolata_Dinoflagellata,Syndiniales,Dino-Group-II,Dino-Group-II_X,Dino-Group-II_XX,Dino-Group-II_XX_sp.
aa12e91655d46778f4bed7a6493d5261,Eukaryota,TSAR_Rhizaria_Radiolaria,Polycystinea,Spumellaria,Hexalonchidae,Stigmostylus,Stigmostylus_ferrusi
ea3390620c3429f77ca86be85f1e4476,Eukaryota,Obazoa_Opisthokonta_Fungi,Ascomycota,Saccharomycotina,Saccharomycetales,Saccharomyces,
98d9aad58097dab53fa595463384bcfa,Eukaryota,TSAR_Rhizaria_Cercozoa,Filosa-Imbricatea,Marimonadida,Marimonadida_X,Marimonadida_XX,Marimonadida_XX_sp.
086a14dac1c205c64abd631812fb15b4,Eukaryota,TSAR_Alveolata_Ciliophora,Oligohymenophorea,OLIGO5,OLIGO5_X,OLIGO5_XX,OLIGO5_XX_sp.
540d15b470e3f1e2b92c37e87f5fa96c,Eukaryota,TSAR_Alveolata_Dinoflagellata,Syndiniales,Dino-Group-I,Dino-Group-I-Clade-4,Dino-Group-I-Clade-4_X,Dino-Group-I-Clade-4_X_sp.
32836daf456cd8e106a5e0295956b3b6,Eukaryota,TSAR_Alveolata_Ciliophora,Spirotrichea,Choreotrichida-Tintinnina,Tintinnidae,Tintinnidae_X,Tintinnidae_X_sp.
6d395c6ffa6afc4a8fb9050706b07615,Eukaryota,TSAR_Alveolata_Dinoflagellata,Syndiniales,Dino-Group-II,Dino-Group-II-Clade-1,Dino-Group-II-Clade-1_X,Dino-Group-II-Clade-1_X_sp.
0ce2290bf59decb3c3579a6d7ca08cf3,Eukaryota,TSAR_Alveolata_Dinoflagellata,Dinophyceae,Dinophyceae_X,Dinophyceae_XX,Dinophyceae_XXX,Dinophyceae_XXX_sp.
ba240fd6aed6a3920fdff1d87fd25c5c,Eukaryota,TSAR_Alveolata_Dinoflagellata,Dinophyta_X,Dinophyta_XX,Dinophyta_XXX,Dinophyta_XXXX,Dinophyta_XXXX_sp.
fd8ad97f7b8d7f188b78647cb7d800c7,Eukaryota,Haptista_Haptophyta_Haptophyta_X,Prymnesiophyceae,Prymnesiales,Chrysochromulinaceae,Chrysochromulina,Chrysochromulina_sp.
8eddcdbcfdb2ec9dff42a9f68c92970b,Eukaryota,TSAR_Alveolata_Dinoflagellata,Syndiniales,Dino-Group-I,Dino-Group-I-Clade-1,Dino-Group-I-Clade-1_X,Dino-Group-I-Clade-1_X_sp.
cc7ce78e174b3365bbbbdce30f21d7ca,Eukaryota,TSAR_Alveolata_Dinoflagellata,Syndiniales,Dino-Group-II,Dino-Group-II_X,Dino-Group-II_XX,Dino-Group-II_XX_sp.
434a25c12578703836210be80e370f13,Eukaryota,TSAR_Alveolata_Dinoflagellata,Syndiniales,Dino-Group-II,Dino-Group-II-Clade-4,Dino-Group-II-Clade-4_X,Dino-Group-II-Clade-4_X_sp.
90293630f9ed87d9ea536f6d052158f4,Eukaryota,TSAR_Alveolata_Dinoflagellata,Syndiniales,Dino-Group-II,Dino-Group-II-Clade-10-and-11,Dino-Group-II-Clade-10-and-11_X,Dino-Group-II-Clade-10-and-11_X_sp.
771ab9ec06d9e50e2b99d9bc8f1684cf,Eukaryota,TSAR_Alveolata_Dinoflagellata,Syndiniales,Dino-Group-II,Dino-Group-II-Clade-7,Dino-Group-II-Clade-7_X,Dino-Group-II-Clade-7_X_sp.
7cf771b7e5f95b23aa3034abed200487,Eukaryota,TSAR_Alveolata_Dinoflagellata,Dinophyceae,Gymnodiniales,Gymnodiniaceae,Ankistrodinium,Ankistrodinium_semilunatum
d08dbcaeb0fb6bdee6be7a0f6f3c462f,Eukaryota,TSAR_Alveolata_Dinoflagellata,Dinophyceae,Peridiniales,Blastodiniaceae,Blastodinium,
4a08211f91559b40d7084e6d5a3fe403,Eukaryota,TSAR_Alveolata_Dinoflagellata,Dinophyceae,Dinophyceae_X,Dinophyceae_XX,Dinophyceae_XXX,Dinophyceae_XXX_sp.
144a516e519c548b1ee94abb121a0b00,Eukaryota,Archaeplastida_Chlorophyta_Chlorophyta_X,Chlorodendrophyceae,Chlorodendrales,Chlorodendraceae,Tetraselmis,Tetraselmis_sp.
6d15f1fb49a2fd67b60fc3ce14857457,Eukaryota,TSAR_Alveolata_Dinoflagellata,Syndiniales,Dino-Group-II,,,
09225d850cf1e100aa9937619610e639,Eukaryota,Archaeplastida_Streptophyta_Streptophyta_X,Embryophyceae,Embryophyceae_X,Embryophyceae_XX,Oryza,Oryza_sativa
9e871ac0109b53f6a7b271167424623e,Eukaryota,TSAR_Alveolata_Dinoflagellata,Syndiniales,Dino-Group-I,Dino-Group-I-Clade-5,Dino-Group-I-Clade-5_X,Dino-Group-I-Clade-5_X_sp.
03e1a62df98987674e82b096a73c2152,Eukaryota,TSAR_Alveolata_Ciliophora,Spirotrichea,Choreotrichida,Choreotrichida_X,Choreotrichida_XX,Choreotrichida_XX_sp.
9400971137ffbc378c6a5599ee2c2d39,Eukaryota,TSAR_Alveolata_Ciliophora,Spirotrichea,Oligotrichida,Strombidiidae,Strombidiidae_X,Strombidiidae_X_sp.
17e06fa8a7393b954dd4b9ffbb1f0387,Eukaryota,TSAR_Alveolata_Dinoflagellata,Syndiniales,Syndiniales_X,Syndiniales_XX,Syndiniales_XXX,Syndiniales_XXX_sp.
29b7919a0eed1228056c4b0228409834,Eukaryota,TSAR_Stramenopiles_Bigyra,Opalozoa,Nanomonadea,MAST-3,MAST-3L,MAST-3L_sp.
9b48c16e8481f2dd034787373d862de1,Eukaryota,TSAR_Rhizaria_Cercozoa,Chlorarachniophyceae,Chlorarachnida,Chlorarachnida_X,Bigelowiella,Bigelowiella_natans
182c33dd2ae38a02c0aab4e2e78d07bd,Eukaryota,TSAR_Alveolata_Dinoflagellata,Syndiniales,Dino-Group-I,Dino-Group-I-Clade-5,Dino-Group-I-Clade-5_X,Dino-Group-I-Clade-5_X_sp.
5aa0869be44f898580959a9617532e4f,Eukaryota,TSAR_Alveolata_Dinoflagellata,Syndiniales,,,,
a05e45448f37df3668d7ae1b327b0d7f,Eukaryota,Haptista_Haptophyta_Haptophyta_X,Prymnesiophyceae,Prymnesiales,Chrysochromulinaceae,Chrysochromulina,Chrysochromulina_sp.
0c33c7217f3135673292962311917aa6,Eukaryota,TSAR_Rhizaria_Cercozoa,Filosa-Imbricatea,Filosa-Imbricatea_X,Novel-clade-2,Novel-clade-2_X,Novel-clade-2_X_sp.
f8d826c5fab51b9741758962811fc911,Eukaryota,TSAR_Alveolata_Ciliophora,Oligohymenophorea,OLIGO5,OLIGO5_X,OLIGO5_XX,OLIGO5_XX_sp.
39f70dedc7557abb068b271de0240ac4,Eukaryota,TSAR_Alveolata_Apicomplexa,Gregarinomorphea,Eugregarinorida,Cephaloidophoridae,Cephaloidophora,Cephaloidophora_sp.
b2c4ede3522798bf7382e7f72db4329e,Eukaryota,TSAR_Telonemia_Telonemia_X,Telonemia_XX,Telonemia_XXX,Telonemia-Group-2,Telonemia-Group-2_X,Telonemia-Group-2_X_sp.
3ffa75bf942744c650dc85ec1e9b2c9e,Eukaryota,Haptista_Haptophyta_Haptophyta_X,Prymnesiophyceae,Prymnesiales,Chrysochromulinaceae,Chrysochromulina,Chrysochromulina_sp.
6a23954c051849d62b74d0ce21cde794,Eukaryota,TSAR_Alveolata_Dinoflagellata,Dinophyceae,,,,
d8f39a11bf5320e9906185385d02f8a6,Eukaryota,TSAR_Alveolata_Dinoflagellata,Syndiniales,Dino-Group-II,Dino-Group-II-Clade-15,Dino-Group-II-Clade-15_X,Dino-Group-II-Clade-15_X_sp.
c630d89dc7984d4b1a26ebbb5d152684,Eukaryota,TSAR_Alveolata_Dinoflagellata,Syndiniales,Dino-Group-I,Dino-Group-I-Clade-2,Dino-Group-I-Clade-2_X,Dino-Group-I-Clade-2_X_sp.
e1d4a2a4da9d2950dd0a498c7f9b435c,Eukaryota,TSAR_Alveolata_Dinoflagellata,Syndiniales,Dino-Group-II,Dino-Group-II-Clade-16,Dino-Group-II-Clade-16_X,Dino-Group-II-Clade-16_X_sp.
c4abc5a9b9b4277bcbab3e1807c6ce5a,Eukaryota,TSAR_Alveolata_Dinoflagellata,Syndiniales,Dino-Group-II,Dino-Group-II-Clade-21,Dino-Group-II-Clade-21_X,Dino-Group-II-Clade-21_X_sp.
7d568e281b376516174f2e33e3d882e7,Eukaryota,TSAR_Stramenopiles_Gyrista,Chrysophyceae,Chrysophyceae_Clade-EC2H,Chrysophyceae_Clade-EC2H_X,Chrysophyceae_Clade-EC2H_XX,Chrysophyceae_Clade-EC2H_XX_sp.
bd3d1d8d4af8e0302a87cf40e1dea2ab,Eukaryota,TSAR_Alveolata_Ciliophora,CONThreeP,CONThreeP_X,CONThreeP_XX,Askenasia,Askenasia_sp.
8b69e3ec565505be96c61136b99a5aef,Eukaryota,TSAR_Rhizaria_Cercozoa,Filosa-Imbricatea,Filosa-Imbricatea_X,Novel-clade-2,Novel-clade-2_X,Novel-clade-2_X_sp.
a39f9921082bbbf91713b296e50af959,Eukaryota,TSAR_Stramenopiles_Bigyra,Opalozoa,Nanomonadea,MAST-3,MAST-3F,MAST-3F_sp.
bbd660bf14c58b6ff8baaef2e16c0d0d,Eukaryota,Archaeplastida_Streptophyta_Streptophyta_X,Embryophyceae,Embryophyceae_X,Embryophyceae_XX,,
eca8ec32d0c650674b0abb706ccf38ee,Eukaryota,TSAR_Alveolata_Dinoflagellata,Dinophyceae,Dinophyceae_X,Dinophyceae_XX,Dinophyceae_XXX,Dinophyceae_XXX_sp.
b33ba77cd97dbd5aa7d599d4582d64f2,Eukaryota,TSAR_Alveolata_Dinoflagellata,Syndiniales,Dino-Group-II,Dino-Group-II-Clade-10-and-11,Dino-Group-II-Clade-10-and-11_X,Dino-Group-II-Clade-10-and-11_X_sp.
e0f2959aed677f965486889ac6e69d56,Eukaryota,TSAR_Stramenopiles_Bigyra,Opalozoa,Nanomonadea,MAST-3,MAST-3I,MAST-3I_sp.
9df3db4f962d5174838bfb19cdadfb84,Eukaryota,Haptista_Haptophyta_Haptophyta_X,Prymnesiophyceae,Prymnesiales,Chrysochromulinaceae,Chrysochromulina,Chrysochromulina_sp.
fc21aca9218330291f73d924d1c4a91c,Eukaryota,TSAR_Alveolata_Dinoflagellata,Dinophyceae,Dinophyceae_X,Dinophyceae_XX,Dinophyceae_XXX,Dinophyceae_XXX_sp.
ee2bf10587375e26ca03276d14f73ecb,Eukaryota,TSAR_Alveolata_Dinoflagellata,Dinophyceae,Dinophysales,Dinophysaceae,Dinophysis,
69a7c72ef8961c69b0c227db5b2abcfe,Eukaryota,TSAR_Alveolata_Dinoflagellata,Syndiniales,Dino-Group-I,Dino-Group-I-Clade-5,Dino-Group-I-Clade-5_X,Dino-Group-I-Clade-5_X_sp.
473e850155aa30b11cb6db776439bef7,Eukaryota,TSAR_Alveolata_Dinoflagellata,Dinophyceae,Prorocentrales,Prorocentraceae,Prorocentrum,Prorocentrum_sp.
6126bef426bf943fbaa20e9c9a2bc8d3,Eukaryota,TSAR_Alveolata_Dinoflagellata,Syndiniales,Dino-Group-II,Dino-Group-II-Clade-7,Dino-Group-II-Clade-7_X,Dino-Group-II-Clade-7_X_sp.
bed1ef28d2ff8c794d8baa04d38cd7ad,Eukaryota,TSAR_Alveolata_Dinoflagellata,Syndiniales,Dino-Group-II,Dino-Group-II-Clade-9,Dino-Group-II-Clade-9_X,Dino-Group-II-Clade-9_X_sp.
adab95272b316d5e20270d5d9736a835,Eukaryota,TSAR_Alveolata_Dinoflagellata,Syndiniales,Dino-Group-IV,Dino-Group-IV-Hematodinium-Group,Hematodinium,Hematodinium_sp.
aea6e798a73b3cc5cdd162c870ddd1b3,Eukaryota,TSAR_Alveolata_Dinoflagellata,,,,,
4272d3a5b461d5c1e2491c152cc2d948,Eukaryota,TSAR_Alveolata_Dinoflagellata,Syndiniales,Dino-Group-II,Dino-Group-II-Clade-10-and-11,Dino-Group-II-Clade-10-and-11_X,Dino-Group-II-Clade-10-and-11_X_sp.
7afb4afc719366edeada2f3dfd57ac39,Eukaryota,TSAR_Stramenopiles_Bigyra,Opalozoa,Nanomonadea,MAST-3,MAST-3I,MAST-3I_sp.
1a1a2b0f165fa4ca7f61cc63cd910943,Eukaryota,Excavata_Discoba_Euglenozoa,Diplonemea,Diplonemida,Eupelagonemidae,Eupelagonemidae_X,Eupelagonemidae_X_sp.
c2231ca649ff87ec5c46148530c3d3b6,Eukaryota,TSAR_Alveolata_Dinoflagellata,Dinophyceae,Dinophyceae_X,Dinophyceae_XX,Dinophyceae_XXX,Dinophyceae_XXX_sp.
bcb29226db58eb4e38f57dba3d8f4cbb,Eukaryota,TSAR_Alveolata_Dinoflagellata,Syndiniales,Dino-Group-II,Dino-Group-II-Clade-21,Dino-Group-II-Clade-21_X,Dino-Group-II-Clade-21_X_sp.
e3a0adfdb8653811c185f95bd4303b94,Eukaryota,Haptista_Haptophyta_Haptophyta_X,Rappephyceae,Pavlomulinales,Pavlomulinaceae,Pavlomulina,Pavlomulina_ranunculiformis
f88ffac226a830926577acc22c7b7d84,Eukaryota,Archaeplastida_Streptophyta_Streptophyta_X,Embryophyceae,Embryophyceae_X,Embryophyceae_XX,Embryophyceae_XXX,Embryophyceae_XXX_sp.
5b4ed19e5b6db3270b64620e54ede0de,Eukaryota,Haptista_Haptophyta_Haptophyta_X,Haptophyta_Clade_HAP5,Haptophyta_Clade_HAP5_X,Haptophyta_Clade_HAP5_XX,Haptophyta_Clade_HAP5_XXX,Haptophyta_Clade_HAP5_XXX_sp.
3dafedbe0ddf8df2e6b6a2e1d68e660c,Eukaryota,TSAR_Alveolata_Dinoflagellata,Syndiniales,Dino-Group-II,Dino-Group-II-Clade-10-and-11,Dino-Group-II-Clade-10-and-11_X,Dino-Group-II-Clade-10-and-11_X_sp.
9afb472eae9837db10af0facd32005c4,Eukaryota,TSAR_Alveolata_Dinoflagellata,Syndiniales,Dino-Group-II,Dino-Group-II-Clade-15,Dino-Group-II-Clade-15_X,Dino-Group-II-Clade-15_X_sp.
67658ead7873489185917b1868a658c7,Eukaryota,TSAR_Rhizaria_Radiolaria,RAD-A,RAD-A_X,RAD-A_Xa,RAD-A_Xa_X,RAD-A_Xa_X_sp.
bef5284acfa0aadf49876922a6b1931e,Eukaryota,TSAR_Alveolata_Dinoflagellata,Syndiniales,Dino-Group-II,Dino-Group-II-Clade-39,Dino-Group-II-Clade-39_X,Dino-Group-II-Clade-39_X_sp.
1f65a4544c2adc5ed778791ec9334368,Eukaryota,TSAR_Alveolata_Dinoflagellata,Dinophyceae,,,,
3dd841bf07d3e2a038c6a1e5e6cc9259,Eukaryota,TSAR_Stramenopiles_Gyrista,Mediophyceae,Thalassiosirales,Thalassiosiraceae,Thalassiosira,Thalassiosira_mala
aa4fc14e9bb7635f9ef1516c74f0e079,Eukaryota,TSAR_Alveolata_Dinoflagellata,Syndiniales,Dino-Group-II,Dino-Group-II-Clade-6,Dino-Group-II-Clade-6_X,Dino-Group-II-Clade-6_X_sp.
028637d21ba448eaaa14c964870cb93e,Eukaryota,Obazoa_Opisthokonta_Opisthokonta_X,Opisthokonta_XX,Opisthokonta_XXX,Opisthokonta_XXXX,Opisthokonta_XXXXX,Opisthokonta_XXXXX_sp.
102ea7ea89f51aa423338cce19de4c2e,Eukaryota,TSAR_Alveolata_Dinoflagellata,Syndiniales,Dino-Group-II,Dino-Group-II-Clade-15,Dino-Group-II-Clade-15_X,Dino-Group-II-Clade-15_X_sp.
1b81037c29097e8fafa84f9ba106a27b,Eukaryota,TSAR_Alveolata_Dinoflagellata,Syndiniales,Dino-Group-II,Dino-Group-II-Clade-38,Dino-Group-II-Clade-38_X,Dino-Group-II-Clade-38_X_sp.
7c2ff73601494946b0a5b119ac8760cb,Eukaryota,TSAR_Alveolata_Dinoflagellata,Dinophyceae,Dinophyceae_X,Dinophyceae_XX,Dinophyceae_XXX,Dinophyceae_XXX_sp.
6f7ac9385138e7bac292d90572c92863,Eukaryota,TSAR_Alveolata_Dinoflagellata,Syndiniales,Dino-Group-II,Dino-Group-II-Clade-5,Dino-Group-II-Clade-5_X,Dino-Group-II-Clade-5_X_sp.
1b06373fdb2655c58d4f5b01ea7d54c6,Eukaryota,TSAR_Alveolata_Dinoflagellata,Syndiniales,Dino-Group-II,Dino-Group-II-Clade-35,Dino-Group-II-Clade-35_X,Dino-Group-II-Clade-35_X_sp.
a9ac4fb08d28f83ccc12cef762bbdeec,Eukaryota,TSAR_Rhizaria_Cercozoa,Chlorarachniophyceae,Chlorarachnida,Chlorarachnida_X,Bigelowiella,
f08d47ed2416978393d00898d00ca1a9,Eukaryota,TSAR_Alveolata_Dinoflagellata,Syndiniales,Dino-Group-II,Dino-Group-II-Clade-7,Dino-Group-II-Clade-7_X,Dino-Group-II-Clade-7_X_sp.
ab45eda01580b1f559595b4ea0fc8633,Eukaryota,Haptista_Haptophyta_Haptophyta_X,Prymnesiophyceae,Prymnesiales,Prymnesiaceae,,
fbc9dffa3995d4e8c7b15b0813031307,Eukaryota,TSAR_Alveolata_Dinoflagellata,Syndiniales,Dino-Group-II,Dino-Group-II-Clade-16,Dino-Group-II-Clade-16_X,Dino-Group-II-Clade-16_X_sp.
f2e9f0ce4af8bd38fb0ad163e993414a,Eukaryota,TSAR_Rhizaria_Radiolaria,Polycystinea,Nassellaria,Artostrobiidae,,
869c926c0e852bd2870b3438a746c9bc,Eukaryota,Haptista_Haptophyta_Haptophyta_X,Prymnesiophyceae,Prymnesiales,Chrysochromulinaceae,Chrysochromulina,Chrysochromulina_scutellum
230f3e82a647b84dcca894319a0dc580,Eukaryota,TSAR_Alveolata_Dinoflagellata,Syndiniales,Dino-Group-II,Dino-Group-II-Clade-10-and-11,Dino-Group-II-Clade-10-and-11_X,Dino-Group-II-Clade-10-and-11_X_sp.
f93c314f63ae56707debc6bc8aa274b3,Eukaryota,TSAR_Alveolata_Dinoflagellata,Syndiniales,Dino-Group-II,Dino-Group-II-Clade-1,Dino-Group-II-Clade-1_X,Dino-Group-II-Clade-1_X_sp.
29f817cb797f0e0b61ef72e6dc3bc1bf,Eukaryota,Archaeplastida_Streptophyta_Streptophyta_X,Embryophyceae,Embryophyceae_X,Embryophyceae_XX,Rehmannia,Rehmannia_glutinosa
7105ecb19b1e8d28f86c905e3a4c0235,Eukaryota,Obazoa_Opisthokonta_Ichthyosporea,Ichthyophonida,Abeoformidae,Abeoformidae_Group_MAIP_2,Abeoformidae_Group_MAIP_2_X,Abeoformidae_Group_MAIP_2_X_sp.
a5209d7964444162be1876c63b7d2382,Eukaryota,TSAR_Alveolata_Dinoflagellata,Dinophyceae,Dinophyceae_X,Dinophyceae_XX,Dinophyceae_XXX,Dinophyceae_XXX_sp.
ea080e5237c9534437cb13b03425579f,Eukaryota,Archaeplastida_Streptophyta_Streptophyta_X,Embryophyceae,Embryophyceae_X,Embryophyceae_XX,,
771a8694ceafedcc3954bc59f6089dd8,Eukaryota,TSAR_Alveolata_Dinoflagellata,Syndiniales,Dino-Group-I,Dino-Group-I-Clade-5,Dino-Group-I-Clade-5_X,Dino-Group-I-Clade-5_X_sp.
18162965e8f84c0fdf61c2c9508bf9b3,Eukaryota,TSAR_Alveolata_Dinoflagellata,Dinophyceae,Dinophyceae_X,Dinophyceae_XX,Dinophyceae_XXX,Dinophyceae_XXX_sp.
42ba2e7b318c1e114f2e1c8c10733bb6,Eukaryota,Haptista_Haptophyta_Haptophyta_X,Prymnesiophyceae,Prymnesiales,Prymnesiaceae,,
8774aeacb9388193926392845eca317f,Eukaryota,TSAR_Alveolata_Dinoflagellata,Dinophyceae,Peridiniales,Podolampadaceae,Blepharocysta,
31e2fc763f57cc56a946ee35930ec3f8,Eukaryota,Obazoa_Opisthokonta_Choanoflagellata,Choanoflagellatea,Acanthoecida,Stephanoecidae_Group_D,Stephanoecidae_Group_D_X,Stephanoecidae_Group_D_X_sp.
773caf422e27e4aeb7e547e2e8d877b1,Eukaryota,TSAR_Alveolata_Dinoflagellata,Syndiniales,Dino-Group-II,Dino-Group-II-Clade-3,Dino-Group-II-Clade-3_X,Dino-Group-II-Clade-3_X_sp.
506b6d8951450d9398f5df9553ee7ad8,Eukaryota,TSAR_Alveolata_Dinoflagellata,Syndiniales,Dino-Group-II,Dino-Group-II-Clade-9,Dino-Group-II-Clade-9_X,Dino-Group-II-Clade-9_X_sp.
64081d6ccc4c5c1a3030610aac0cc3ed,Eukaryota,Haptista_Haptophyta_Haptophyta_X,Prymnesiophyceae,Calcihaptophycidae,Chrysoculteraceae,Chrysoculter,Chrysoculter_rhomboideus
6624469bf608d1b1f30aeefd4ada4b10,Eukaryota,TSAR_Alveolata_Dinoflagellata,Syndiniales,Dino-Group-II,Dino-Group-II-Clade-9,Dino-Group-II-Clade-9_X,Dino-Group-II-Clade-9_X_sp.
b911aaed5f074ca588f8541d4a9cd3aa,Eukaryota,TSAR_Rhizaria_Radiolaria,Acantharea,Acantharea_C,Acantharea_C3,Litholophus,Litholophus_sp.
c4039a76ac5497a770641875bb28f7ca,Eukaryota,TSAR_Alveolata_Dinoflagellata,Syndiniales,Dino-Group-II,Dino-Group-II-Clade-10-and-11,Dino-Group-II-Clade-10-and-11_X,Dino-Group-II-Clade-10-and-11_X_sp.
a09ae8d24bdaa74b1f50c36c35efb166,Eukaryota,TSAR_Alveolata_Dinoflagellata,Dinophyceae,Dinophyceae_X,Dinophyceae_XX,Dinophyceae_XXX,Dinophyceae_XXX_sp.
130acafcbb907abdbbff0497ad8bcdc8,Eukaryota,Haptista_Haptophyta_Haptophyta_X,Prymnesiophyceae,Prymnesiales,Chrysochromulinaceae,Chrysochromulina,Chrysochromulina_sp.
557606619ff81d297925a6f8839ea6fb,Eukaryota,TSAR_Alveolata_Dinoflagellata,Dinophyceae,Dinophyceae_X,Dinophyceae_XX,Dinophyceae_XXX,Dinophyceae_XXX_sp.
509f9978f73f25615564606ad7e7f6f6,Eukaryota,TSAR_Alveolata_Dinoflagellata,,,,,
2c0de9286d6cb4de647ff7ef9d2f0988,Eukaryota,Amoebozoa_Evosea_Eumycetozoa,Myxogastria_Fuscisporidia,Stemonitida,Stemonitidae,Stemonitis,Stemonitis_sp.
eea1707fd6ed30ed85c640a1b5d1c378,Eukaryota,TSAR_Alveolata_Dinoflagellata,Syndiniales,Dino-Group-II,Dino-Group-II-Clade-16,Dino-Group-II-Clade-16_X,Dino-Group-II-Clade-16_X_sp.
b7e7c8394be0a09b05767c53abb44c91,Eukaryota,TSAR_Telonemia_Telonemia_X,Telonemia_XX,Telonemia_XXX,Telonemia-Group-2,Telonemia-Group-2_X,Telonemia-Group-2_X_sp.
fcffcc7e4514b0e9fa22f423fbe60797,Eukaryota,TSAR_Stramenopiles_Bigyra,Opalozoa,Opalozoa_X,MAST-12,MAST-12D,MAST-12D_sp.
b729fa2f401e528944737a270b00e8e8,Eukaryota,TSAR_Alveolata_Dinoflagellata,Syndiniales,Dino-Group-II,Dino-Group-II_X,Dino-Group-II_XX,Dino-Group-II_XX_sp.
49b8ed11a5d6f958b939d5c084df83a4,Eukaryota,TSAR_Alveolata_Dinoflagellata,Syndiniales,Dino-Group-II,Dino-Group-II-Clade-10-and-11,Dino-Group-II-Clade-10-and-11_X,Dino-Group-II-Clade-10-and-11_X_sp.
6bb39beacb925425c889e412bd977686,Eukaryota,TSAR_Rhizaria_Radiolaria,Polycystinea,Spumellaria,Spumellaria_4b,Spumellaria_4b_X,Spumellaria_4b_X_sp.
4276df4ab0ad82e4ef9979503e312f73,Eukaryota,TSAR_Alveolata_Dinoflagellata,Syndiniales,Dino-Group-II,Dino-Group-II-Clade-32,Dino-Group-II-Clade-32_X,Dino-Group-II-Clade-32_X_sp.
6c42095075d864a4e64dde6c89ee12a0,Eukaryota,TSAR_Alveolata_Dinoflagellata,Dinophyceae,Dinophyceae_X,Dinophyceae_XX,Dinophyceae_XXX,Dinophyceae_XXX_sp.
4a82f5b0b23bb3450090bb63fbc68cf8,Eukaryota,TSAR_Alveolata_Dinoflagellata,Syndiniales,Dino-Group-I,Dino-Group-I-Clade-3,Dino-Group-I-Clade-3_X,Dino-Group-I-Clade-3_X_sp.
8e083e3d0c8d3608fee3612befd694cd,Eukaryota,TSAR_Alveolata_Ciliophora,Spirotrichea,Oligotrichida,Strombidiidae,Strombidiidae_X,Strombidiidae_X_sp.
fbd6c0440c55d0d12e6b8046665d80ef,Eukaryota,TSAR_Rhizaria_Radiolaria,Polycystinea,Spumellaria,Spumellaria_6,Spumellaria_6_X,Spumellaria_6_X_sp.
490c525c25917c6ee89775d9adee5499,Eukaryota,TSAR_Stramenopiles_Gyrista,Dictyochophyceae,Dictyochophyceae_X,Florenciellales,Pseudochattonella,Pseudochattonella_verruculosa
f4a6a0e5b2fd34fe9961bae191255d04,Eukaryota,TSAR_Alveolata_Dinoflagellata,Syndiniales,Dino-Group-II,Dino-Group-II-Clade-7,Dino-Group-II-Clade-7_X,Dino-Group-II-Clade-7_X_sp.
3511a89ebab82d0941e5e728401c8532,Eukaryota,TSAR_Alveolata_Ciliophora,Spirotrichea,Choreotrichida-Tintinnina,TIN_01,Tintinnopsis_01,Tintinnopsis_buetschlii
4898c0842632923d96ae0035488dd4fb,Eukaryota,Obazoa_Opisthokonta_Choanoflagellata,Choanoflagellatea,Choanoflagellatea_X,Choanoflagellatea_XX,Choanoflagellatea_XXX,Choanoflagellatea_XXX_sp.
87efaf53efb132992d21ae313a83c5bd,Eukaryota,TSAR_Alveolata_Dinoflagellata,Syndiniales,Dino-Group-I,Dino-Group-I-Clade-3,Ichthyodinium,Ichthyodinium_sp.
e4eb30aca233c523e111c0cd5617847e,Eukaryota,TSAR_Alveolata_Dinoflagellata,Syndiniales,Dino-Group-II,Dino-Group-II-Clade-10-and-11,Dino-Group-II-Clade-10-and-11_X,Dino-Group-II-Clade-10-and-11_X_sp.
37158af4144e1c3a022de07118d33486,Eukaryota,TSAR_Alveolata_Dinoflagellata,Syndiniales,Dino-Group-II,,,
d9957aa91cdadd5aa9d4f5f9e27a5c7f,Eukaryota,Obazoa_Opisthokonta_Fungi,Chytridiomycota,Spizellomycetales,Spizellomycetales_X,Spizellomycetales_XX,Spizellomycetales_XX_sp.
40280648e966b168118aeb09f500b03b,Eukaryota,TSAR_Alveolata_Dinoflagellata,Syndiniales,Dino-Group-II,Dino-Group-II-Clade-30,Dino-Group-II-Clade-30_X,Dino-Group-II-Clade-30_X_sp.
86a8ff33b4fdefa34a02605d6ba8efec,Eukaryota,Obazoa_Opisthokonta_Fungi,Chytridiomycota,Spizellomycetales,Spizellomycetales_X,Spizellomycetales_XX,Spizellomycetales_XX_sp.
f5e9b29802a522ae5046ea36adc51681,Eukaryota,TSAR_Rhizaria_Radiolaria,RAD-C,RAD-C_X,RAD-C_Xa,RAD-C_Xa_X,RAD-C_Xa_X_sp.
62233c8813968b78c32db5ee495e06dd,Eukaryota,TSAR_Alveolata_Dinoflagellata,Syndiniales,Dino-Group-II,,,
71048e9804cf87134322d3f68dfd6413,Eukaryota,TSAR_Alveolata_Dinoflagellata,Dinophyceae,Prorocentrales,Prorocentraceae,Prorocentrum,Prorocentrum_sp.
74cca2b403c8824bcdd41f15665cd5c3,Eukaryota,TSAR_Alveolata_Dinoflagellata,Syndiniales,Dino-Group-II,Dino-Group-II-Clade-10-and-11,Dino-Group-II-Clade-10-and-11_X,Dino-Group-II-Clade-10-and-11_X_sp.
58af61e8319aad5fa6f00b46119da46e,Eukaryota,TSAR_Alveolata_Dinoflagellata,Dinophyceae,,,,
3d16751841f1c9115752911e304690d7,Eukaryota,Archaeplastida_Prasinodermophyta_Prasinodermophyta_X,Prasinodermophyceae,Prasinodermales,Prasinodermaceae,Prasinoderma,Prasinoderma_coloniale
26d32123be9d594c8acb21e201657886,Eukaryota,TSAR_Alveolata_Dinoflagellata,Syndiniales,Dino-Group-I,Dino-Group-I-Clade-5,Dino-Group-I-Clade-5_X,Dino-Group-I-Clade-5_X_sp.
f3f3faee4472da3a0fb27783b8aed4f4,Eukaryota,TSAR_Alveolata_Dinoflagellata,Syndiniales,Dino-Group-II,Dino-Group-II-Clade-10-and-11,Dino-Group-II-Clade-10-and-11_X,Dino-Group-II-Clade-10-and-11_X_sp.
500c61dd5e9097a1ee507305f0da8812,Eukaryota,TSAR_Alveolata_Ciliophora,Prostomatea_1,Prostomatea_1_X,Colepidae,Tiarina,
3f73b60bc34dd9a952c21f9ca7b2bf7d,Eukaryota,Haptista_Haptophyta_Haptophyta_X,Prymnesiophyceae,Prymnesiales,Prymnesiaceae,,
8c711df75b84f7b81de3006c4459f476,Eukaryota,TSAR_Stramenopiles_Gyrista,Mediophyceae,Mediophyceae_X,Mediophyceae_XX,Mediophyceae_XXX,Mediophyceae_XXX_sp.
0697bc5535f999aa33f9b92cd632d13a,Eukaryota,TSAR_Alveolata_Dinoflagellata,,,,,
d5823f80e2b2c4c16e59c01d6d233f91,Eukaryota,TSAR_Alveolata_Dinoflagellata,Syndiniales,Dino-Group-I,Dino-Group-I-Clade-5,Dino-Group-I-Clade-5_X,Dino-Group-I-Clade-5_X_sp.
166f9b85a1029cdb257488ce75bd21d5,Eukaryota,Archaeplastida_Streptophyta_Streptophyta_X,Streptophyta_XX,Streptophyta_XXX,Streptophyta_XXXX,Streptophyta_XXXXX,Streptophyta_XXXXX_sp.
b693644d48140c7bc4c9368871e629d9,Eukaryota,TSAR_Stramenopiles_Gyrista,Bacillariophyceae,Fragilariales,Fragilariaceae,,
d72962dbbff487c7a3cfcf7cc3990a2f,Eukaryota,TSAR_Rhizaria_Cercozoa,Filosa-Thecofilosea,Cryomonadida,Protaspa-lineage,Protaspa,Protaspa_sp.
46094f15dd5a121e20ab80e4e8d182f1,Eukaryota,Obazoa_Opisthokonta_Choanoflagellata,Choanoflagellatea,Acanthoecida,Stephanoecidae_Group_E,Stephanoecidae_Group_E_X,Stephanoecidae_Group_E_X_sp.
c076d4ba3551edf0f6d9802620ab4a89,Eukaryota,Obazoa_Opisthokonta_Fungi,Ascomycota,Pezizomycotina,Eurotiomycetes,,
fdd7ecc389bb386455066385c02a762c,Eukaryota,__,,,,,
b7e99abc1496cf2d542dfc38680994bf,Eukaryota,TSAR_Alveolata_Dinoflagellata,Syndiniales,Dino-Group-II,Dino-Group-II-Clade-1,Dino-Group-II-Clade-1_X,Dino-Group-II-Clade-1_X_sp.
c1309170bddd591b247bf7db1ae48601,Eukaryota,TSAR_Alveolata_Dinoflagellata,Syndiniales,Dino-Group-II,Dino-Group-II-Clade-1,Dino-Group-II-Clade-1_X,Dino-Group-II-Clade-1_X_sp.
c2ff9466a4ab28f823d04d94018dd91c,Eukaryota,TSAR_Alveolata_Dinoflagellata,Dinophyceae,Dinophyceae_X,Dinophyceae_XX,Dinophyceae_XXX,Dinophyceae_XXX_sp.
6998ae7a2fe265d0b987d5e9531a1690,Eukaryota,TSAR_Alveolata_Dinoflagellata,Noctilucophyceae,Noctilucales,Noctilucaceae,Noctiluca,Noctiluca_scintillans
dd76da68aeffae437d28976a96bf20ec,Eukaryota,Obazoa_Opisthokonta_Fungi,Mucoromycota,Mucoromycotina,Mucorales,Mucor,
39ec3bff7463c78dd1f4fbe2650645fe,Eukaryota,TSAR_Alveolata_Dinoflagellata,Syndiniales,Dino-Group-II,Dino-Group-II-Clade-21,Dino-Group-II-Clade-21_X,Dino-Group-II-Clade-21_X_sp.
e5646b99c858308d30d21f8e056e6a01,Eukaryota,TSAR_Alveolata_Dinoflagellata,Syndiniales,Dino-Group-II,Dino-Group-II-Clade-5,Dino-Group-II-Clade-5_X,Dino-Group-II-Clade-5_X_sp.
ec2a149365e5ad661ff1696a49ef2e56,Eukaryota,TSAR_Alveolata_Dinoflagellata,Syndiniales,Dino-Group-II,Dino-Group-II_X,Dino-Group-II_XX,Dino-Group-II_XX_sp.
e5847ad080ed124b22019ce7e22be8a7,Eukaryota,TSAR_Alveolata_Dinoflagellata,Syndiniales,Dino-Group-II,Dino-Group-II_X,Dino-Group-II_XX,Dino-Group-II_XX_sp.
080b8f962fcc93698af8eeff1df6f620,Eukaryota,TSAR_Alveolata_Dinoflagellata,Syndiniales,Dino-Group-II,Dino-Group-II-Clade-3,Dino-Group-II-Clade-3_X,Dino-Group-II-Clade-3_X_sp.
6cbe2bc580307344455b391430d9707d,Eukaryota,TSAR_Alveolata_Ciliophora,Spirotrichea,Oligotrichida,Strombidiidae,Strombidiidae_X,Strombidiidae_X_sp.
b2d95d68c866d88f934501bcc2af528b,Eukaryota,TSAR_Alveolata_Dinoflagellata,Syndiniales,Dino-Group-III,Dino-Group-III_X,Dino-Group-III_XX,Dino-Group-III_XX_sp.
cacfd379a192945248ea8e1956571d7b,Eukaryota,TSAR_Stramenopiles_Stramenopiles_X,Stramenopiles_XX,Stramenopiles_XXX,Stramenopiles_XXXX,Stramenopiles_XXXXX,Stramenopiles_XXXXX_sp.
b86fc9d0414ab7252ac50fbae809cee4,Eukaryota,TSAR_Alveolata_Dinoflagellata,Dinophyceae,Dinophyceae_X,Dinophyceae_XX,Dinophyceae_XXX,Dinophyceae_XXX_sp.
f5683efa806983f12d675de1a4ee6bbc,Eukaryota,TSAR_Alveolata_Dinoflagellata,Dinophyceae,Gonyaulacales,Pyrophacaceae,Fragilidium,Fragilidium_mexicanum
9438c9063b1b7b8580390b925a0594df,Eukaryota,TSAR_Alveolata_Dinoflagellata,Dinophyceae,,,,
0c546009d3217c894663a4158fed158f,Eukaryota,Obazoa_Opisthokonta_Fungi,Ascomycota,Pezizomycotina,Dothideomycetes,,
509af6669dac40ff2ed632c434604e3d,Eukaryota,TSAR_Alveolata_Dinoflagellata,Syndiniales,Dino-Group-II,Dino-Group-II-Clade-20,Dino-Group-II-Clade-20_X,Dino-Group-II-Clade-20_X_sp.
d878700a887a3abc76ed779752e4128e,Eukaryota,Archaeplastida_Chlorophyta_Chlorophyta_X,Mamiellophyceae,Mamiellales,Bathycoccaceae,Ostreococcus,Ostreococcus_clade_B
6da7e23d3d4c09cdac330705efeba5d7,Eukaryota,Haptista_Haptophyta_Haptophyta_X,Prymnesiophyceae,Prymnesiales,Chrysochromulinaceae,Chrysochromulina,Chrysochromulina_sp.
b72e4734b55c8de090ded6303fcb752f,Eukaryota,Haptista_Haptophyta_Haptophyta_X,Prymnesiophyceae,Prymnesiales,Prymnesiaceae,Prymnesiaceae_X,Prymnesiaceae_X_sp.
2a89535c4135f80448d1aa8ed48f5047,Eukaryota,TSAR_Alveolata_Dinoflagellata,Syndiniales,Dino-Group-II,Dino-Group-II-Clade-23,Dino-Group-II-Clade-23_X,Dino-Group-II-Clade-23_X_sp.
5ee8b1fd34dce6df684986bf39744293,Eukaryota,TSAR_Alveolata_Dinoflagellata,Dinophyceae,,,,
6369e2472754a16b3bbad0dbb5bb2156,Eukaryota,TSAR_Alveolata_Dinoflagellata,Syndiniales,Dino-Group-II,Dino-Group-II-Clade-9,Dino-Group-II-Clade-9_X,Dino-Group-II-Clade-9_X_sp.
06567cd5db7f189b55ebb3c2deef2561,Eukaryota,TSAR_Stramenopiles_Gyrista,MOCH-2,MOCH-2_X,MOCH-2_XX,MOCH-2_XXX,MOCH-2_XXX_sp.
d2189f0f064b687dd8f0f8d5391853b9,Eukaryota,TSAR_Alveolata_Dinoflagellata,Dinophyceae,Gymnodiniales,Gymnodiniaceae,Lepidodinium,Lepidodinium_sp.
3e2565145c885b20aa60302d069ebc89,Eukaryota,TSAR_Alveolata_Dinoflagellata,Syndiniales,Dino-Group-II,Dino-Group-II-Clade-10-and-11,Dino-Group-II-Clade-10-and-11_X,Dino-Group-II-Clade-10-and-11_X_sp.
5dbacdb11451dbd8c909e4eb0a91305f,Eukaryota,TSAR_Alveolata_Dinoflagellata,Syndiniales,Dino-Group-II,Dino-Group-II-Clade-10-and-11,Dino-Group-II-Clade-10-and-11_X,Dino-Group-II-Clade-10-and-11_X_sp.
e199417fad2d088587b8fc2a48aeb47e,Eukaryota,TSAR_Alveolata_Dinoflagellata,Syndiniales,Dino-Group-II,Dino-Group-II_X,Dino-Group-II_XX,Dino-Group-II_XX_sp.
f4f3cbe88d1365d6ad858cb03d2b0ab4,Eukaryota,TSAR_Alveolata_Dinoflagellata,Syndiniales,Dino-Group-II,Dino-Group-II-Clade-7,Dino-Group-II-Clade-7_X,Dino-Group-II-Clade-7_X_sp.
202b8776ef71c23e49bb3f9060d927fc,Eukaryota,TSAR_Stramenopiles_Bigyra,Opalozoa,Nanomonadea,MAST-3,MAST-3K,MAST-3K_sp.
fc37cefb342ee25384fafc0b7cf3a692,Eukaryota,TSAR_Alveolata_Dinoflagellata,Dinophyceae,Suessiales,Symbiodiniaceae,Symbiodinium,
c1bd96c4f2787dc4d7e330c3c782e28a,Eukaryota,TSAR_Alveolata_Dinoflagellata,Syndiniales,Dino-Group-II,Dino-Group-II-Clade-1,Dino-Group-II-Clade-1_X,Dino-Group-II-Clade-1_X_sp.
2821856019291ece8a12840d6c9bfcc1,Eukaryota,TSAR_Stramenopiles_Bigyra,Opalozoa,Nanomonadea,MAST-3,MAST-3E,MAST-3E_sp.
7b9b8f13e99547ee9a1375e7418b336d,Eukaryota,TSAR_Alveolata_Dinoflagellata,Dinophyceae,Peridiniales,Blastodiniaceae,Blastodinium,
d1e3c4e20a70b337e73d9d42abd718fa,Eukaryota,TSAR_Alveolata_Dinoflagellata,Dinophyceae,Peridiniales,Thoracosphaeraceae,,
2e6faacfa860b53b5346c1a9be1d917b,Eukaryota,TSAR_Alveolata_Dinoflagellata,Dinophyceae,Dinophyceae_X,Dinophyceae_XX,Dinophyceae_XXX,Dinophyceae_XXX_sp.
ee091bc515fc9ff003e701c5b2f66076,Eukaryota,Archaeplastida_Chlorophyta_Chlorophyta_X,Chlorophyceae,Sphaeropleales,Sphaeropleales_X,,
757d8a607bbc9fec8b7d99d77f029e96,Eukaryota,TSAR_Alveolata_Ciliophora,CONThreeP,CONThreeP_X,Discotrichidae,NASSO_1,NASSO_1_sp.
42a4d5ee3afe6e8ebea5c6ae316f4b33,Eukaryota,TSAR_Alveolata_Dinoflagellata,Dinophyceae,,,,
60fa578f9e898266d1ed30d5653f3899,Eukaryota,TSAR_Alveolata_Dinoflagellata,Dinophyceae,Dinophyceae_X,Dinophyceae_XX,Dinophyceae_XXX,Dinophyceae_XXX_sp.
5c6dd2b593bc6ab23373ac2f14bc3890,Eukaryota,TSAR_Alveolata_Dinoflagellata,Syndiniales,Dino-Group-I,Dino-Group-I-Clade-5,Dino-Group-I-Clade-5_X,Dino-Group-I-Clade-5_X_sp.
43e2ae8b30fd4cc7593cee04051ab8f4,Eukaryota,Haptista_Haptophyta_Haptophyta_X,Prymnesiophyceae,Prymnesiales,Chrysochromulinaceae,Chrysochromulina,Chrysochromulina_scutellum
7a0444d538322e6007792bb1ec237f29,Eukaryota,TSAR_Alveolata_Dinoflagellata,Dinophyceae,Gonyaulacales,Gonyaulacaceae,Gonyaulax,Gonyaulax_polygramma
2f796dfd2594560a16e5a8e496c437bb,Eukaryota,TSAR_Alveolata_Dinoflagellata,,,,,
560ffa270cd30e59e74f8441788a318b,Eukaryota,TSAR_Alveolata_Dinoflagellata,Dinophyceae,Peridiniales,Protoperidiniaceae,Protoperidinium,Protoperidinium_divergens
15916139ad10df990de977a60c0e1cf5,Eukaryota,TSAR_Alveolata_Dinoflagellata,Syndiniales,Dino-Group-II,Dino-Group-II-Clade-10-and-11,Dino-Group-II-Clade-10-and-11_X,Dino-Group-II-Clade-10-and-11_X_sp.
505275fa0bfcc139921fcef9fa0ea3e8,Eukaryota,TSAR_Alveolata_Dinoflagellata,Syndiniales,Dino-Group-II,Dino-Group-II-Clade-6,Dino-Group-II-Clade-6_X,Dino-Group-II-Clade-6_X_sp.
26beaa3500147ee4bfaba793321b18ec,Eukaryota,Archaeplastida_Streptophyta_Streptophyta_X,Embryophyceae,Embryophyceae_X,Embryophyceae_XX,Cucumis,Cucumis_sativus
88a9d06ff621354663cb6191e3925fc6,Eukaryota,Obazoa_Opisthokonta_Fungi,Basidiomycota,Pucciniomycotina,Cystobasidiomycetes,,
53d79407ae4c38d82385b584f2228a72,Eukaryota,TSAR_Alveolata_Ciliophora,Spirotrichea,Choreotrichida,Choreotrichida_X,Choreotrichida_XX,Choreotrichida_XX_sp.
00f138b6c30485044d330ca67cba7b88,Eukaryota,TSAR_Stramenopiles_Gyrista,Bacillariophyceae,Naviculales,Naviculaceae,Navicula,
89c12449498e9ec57ec707bfea31e096,Eukaryota,TSAR_Telonemia_Telonemia_X,Telonemia_XX,Telonemia_XXX,Telonemia-Group-1,Telonemia-Group-1_X,Telonemia-Group-1_X_sp.
8fd55b301e43a1babd375afb7d2794ab,Eukaryota,TSAR_Alveolata_Dinoflagellata,Syndiniales,Dino-Group-II,Dino-Group-II-Clade-21,Dino-Group-II-Clade-21_X,Dino-Group-II-Clade-21_X_sp.
cd06e1a886c6b9555215b39bd8bec00f,Eukaryota,TSAR_Alveolata_Ciliophora,CONThreeP,CONThreeP_X,Discotrichidae,NASSO_1,NASSO_1_sp.
38852556f6f7a89d003f46184e0f2f2e,Eukaryota,TSAR_Rhizaria_Cercozoa,Filosa-Thecofilosea,Cryomonadida,Cryothecomonas-lineage,,
9adfd75388d21d1c1218e50078e056f0,Eukaryota,TSAR_Alveolata_Dinoflagellata,Syndiniales,Dino-Group-II,Dino-Group-II-Clade-10-and-11,Dino-Group-II-Clade-10-and-11_X,Dino-Group-II-Clade-10-and-11_X_sp.
519226a650d710d7524f6171a964d268,Eukaryota,Haptista_Haptophyta_Haptophyta_X,Prymnesiophyceae,Prymnesiales,Chrysochromulinaceae,Chrysochromulina,Chrysochromulina_sp.
7ed3b10cf7ed9bde0713674fbbc9e8b1,Eukaryota,TSAR_Alveolata_Ciliophora,Spirotrichea,Choreotrichida-Tintinnina,TIN_02,,
ecee9e6b2270e928352ba0b5ea85bc74,Eukaryota,TSAR_Telonemia_Telonemia_X,Telonemia_XX,Telonemia_XXX,Telonemia-Group-2,Telonemia-Group-2_X,Telonemia-Group-2_X_sp.
896658621634b179b96d70eae7849578,Eukaryota,TSAR_Alveolata_Dinoflagellata,,,,,
b544456d4716febbef2df3a69414be0b,Eukaryota,Obazoa_Opisthokonta_Choanoflagellata,Choanoflagellatea,Acanthoecida,Stephanoecidae_Group_E,Stephanoecidae_Group_E_X,Stephanoecidae_Group_E_X_sp.
cc150714679ab6a1ce26477e5f068ef9,Eukaryota,TSAR_Alveolata_Dinoflagellata,Dinophyceae,Dinophyceae_X,Dinophyceae_XX,Dinophyceae_XXX,Dinophyceae_XXX_sp.
a489551196752b82d023df2c4db05805,Eukaryota,TSAR_Alveolata_Dinoflagellata,Syndiniales,Dino-Group-I,Dino-Group-I-Clade-3,Dino-Group-I-Clade-3_X,Dino-Group-I-Clade-3_X_sp.
054318f5e1246ec26c1925225efb257d,Eukaryota,TSAR_Alveolata_Ciliophora,CONThreeP,CONThreeP_X,Discotrichidae,NASSO_1,NASSO_1_sp.
8388cd893d295169c6e7d48d728a437d,Eukaryota,TSAR_Stramenopiles_Gyrista,Chrysophyceae,Ochromonadales,Ochromonadaceae,Spumella,Spumella_sp.
93ae69503c53377af326a6c6d6e96c06,Eukaryota,TSAR_Alveolata_Dinoflagellata,Dinophyceae,Gonyaulacales,Pyrophacaceae,Fragilidium,Fragilidium_sp.
ccdc0d985c151fdd4cc1261394e7905c,Eukaryota,TSAR_Alveolata_Dinoflagellata,Syndiniales,Dino-Group-II,Dino-Group-II-Clade-17,Dino-Group-II-Clade-17_X,Dino-Group-II-Clade-17_X_sp.
1c96c7fa5d1a07847f16eb2a58759135,Eukaryota,TSAR_Alveolata_Dinoflagellata,Dinophyceae,Dinophyceae_X,Dinophyceae_XX,Dinophyceae_XXX,Dinophyceae_XXX_sp.
70d1c0d62659760ccb8d048516480111,Eukaryota,TSAR_Stramenopiles_Gyrista,Mediophyceae,Chaetocerotales,Chaetocerotaceae,Chaetoceros,
61d6a9a48740c1d721964a67606da6fd,Eukaryota,TSAR_Rhizaria_Radiolaria,Acantharea,Acantharea_F,Acantharea_F2,Amphibelone,Amphibelone_heteracanthum
3f422669805ab7d70fbcea33e4291eba,Eukaryota,TSAR_Alveolata_Dinoflagellata,Syndiniales,Dino-Group-II,,,
55b58ddef86bfa593544dd1be17987f4,Eukaryota,TSAR_Alveolata_Dinoflagellata,Syndiniales,Dino-Group-II,Dino-Group-II-Clade-10-and-11,Dino-Group-II-Clade-10-and-11_X,Dino-Group-II-Clade-10-and-11_X_sp.
a8cd616f669f6686b68f328958dd17db,Eukaryota,TSAR_Stramenopiles_Bigyra,Opalozoa,Nanomonadea,MAST-3,MAST-3I,MAST-3I_sp.
c0ba298c17b80725070a0f8fc498decf,Eukaryota,TSAR_Alveolata_Dinoflagellata,,,,,
24dbdaac816f61ac30d216a3124885d4,Eukaryota,TSAR_Alveolata_Dinoflagellata,Syndiniales,Dino-Group-II,Dino-Group-II-Clade-1,Dino-Group-II-Clade-1_X,Dino-Group-II-Clade-1_X_sp.
c531d31fc01677f52aae2945e6920a52,Eukaryota,Haptista_Haptophyta_Haptophyta_X,Prymnesiophyceae,Prymnesiales,Chrysochromulinaceae,Chrysochromulina,Chrysochromulina_sp.
c8d554af60417cdc634b3e6a428758d1,Eukaryota,TSAR_Alveolata_Dinoflagellata,Syndiniales,Dino-Group-II,Dino-Group-II-Clade-7,Dino-Group-II-Clade-7_X,Dino-Group-II-Clade-7_X_sp.
205c60708160c9848be9ca5f4c408b79,Eukaryota,TSAR_Alveolata_Dinoflagellata,Dinophyceae,,,,
6e895fe4b1cae05c01e7e07e9fbe6594,Eukaryota,TSAR_Rhizaria_Radiolaria,RAD-B,RAD-B_X,RAD-B_X_Group-IVb,RAD-B_X_Group-IVb_X,RAD-B_X_Group-IVb_X_sp.
0894a733a099c96f6eaf4fd5a5d89927,Eukaryota,Haptista_Haptophyta_Haptophyta_X,Prymnesiophyceae,Prymnesiales,Chrysochromulinaceae,Chrysochromulina,Chrysochromulina_sp.
ca90f53c9ca16864b9be29ed5cb31f09,Eukaryota,Excavata_Discoba_Euglenozoa,Diplonemea,Diplonemida,Eupelagonemidae,Eupelagonemidae_X,Eupelagonemidae_X_sp.
d27ccf346b117cbf13c56577339318d4,Eukaryota,TSAR_Alveolata_Dinoflagellata,Syndiniales,Dino-Group-II,Dino-Group-II-Clade-21,Dino-Group-II-Clade-21_X,Dino-Group-II-Clade-21_X_sp.
adbe5df7774c066a12554c467480c2a2,Eukaryota,TSAR_Alveolata_Dinoflagellata,Syndiniales,Dino-Group-II,Dino-Group-II-Clade-7,Dino-Group-II-Clade-7_X,Dino-Group-II-Clade-7_X_sp.
5305d4e2011e750e0689e8501f638b3e,Eukaryota,TSAR_Alveolata_Dinoflagellata,Dinophyceae,Dinophyceae_X,Dinophyceae_XX,Dinophyceae_XXX,Dinophyceae_XXX_sp.
601a067c27627b167c663b4f8fcb7587,Eukaryota,TSAR_Rhizaria_Radiolaria,Polycystinea,Spumellaria,Hexalonchidae,Hexacontium,
bd9af217e86efb43a857b772439ff6a5,Eukaryota,TSAR_Alveolata_Ciliophora,Oligohymenophorea,Apostomatia,,,
88853532924c68fbaba119084fd747cc,Eukaryota,TSAR_Telonemia_Telonemia_X,Telonemia_XX,Telonemia_XXX,Telonemia-Group-2,Telonemia-Group-2_X,Telonemia-Group-2_X_sp.
d8b53da3d2bf20495d17ea091b63d149,Eukaryota,TSAR_Alveolata_Dinoflagellata,,,,,
f0f85ee9be6c45e0d481dc9238c2b7f8,Eukaryota,TSAR_Alveolata_Dinoflagellata,Syndiniales,Dino-Group-I,Dino-Group-I-Clade-5,Dino-Group-I-Clade-5_X,Dino-Group-I-Clade-5_X_sp.
67ec70c462c092807c61d0397d418393,Eukaryota,TSAR_Alveolata_Dinoflagellata,Dinophyceae,Gymnodiniales,Gymnodiniaceae,Margalefidinium,Margalefidinium_fulvescens
5f6f706888025a0ea7302addee852182,Eukaryota,TSAR_Alveolata_Dinoflagellata,Syndiniales,Dino-Group-II,,,
f6389e180d9e0c398be174c6c5aa035d,Eukaryota,TSAR_Alveolata_Dinoflagellata,Syndiniales,Dino-Group-IV,Dino-Group-IV-Hematodinium-Group,Hematodinium,Hematodinium_sp.
df33e3abae119218e3faa6548d75af9d,Eukaryota,Archaeplastida_Chlorophyta_Chlorophyta_X,Prasino-Clade-9,Prasino-Clade-9_X,Prasino-Clade-9_XX,Prasino-Clade-9_XXX,Prasino-Clade-9_XXX_sp.
6d0deb4f1bfcfad5a9f27864a777515d,Eukaryota,TSAR_Stramenopiles_Gyrista,Mediophyceae,Chaetocerotales,Chaetocerotaceae,Bacteriastrum,Bacteriastrum_hyalinum
52692dedf53d04f1ba96a074d5738327,Eukaryota,TSAR_Stramenopiles_Gyrista,Coscinodiscophyceae,Rhizosoleniales,Rhizosoleniaceae,Pseudosolenia,Pseudosolenia_calcar-avis
6361b5e33257bb805c0d91b123ff4fe3,Eukaryota,TSAR_Alveolata_Dinoflagellata,Dinophyceae,Peridiniales,Blastodiniaceae,Blastodinium,Blastodinium_contortum
e435b460efde771e2a3052072c252aa9,Eukaryota,TSAR_Rhizaria_Radiolaria,RAD-A,RAD-A_X,RAD-A_Xf,RAD-A_Xf_b,RAD-A_Xf_b_sp.
fbad09f8266610e3a56741aa2edf54da,Eukaryota,TSAR_Stramenopiles_Bigyra,Sagenista,Sagenista_X,MAST-9,MAST-9A,MAST-9A_sp.
9a6ae675c4edb31c29e64becb20ea267,Eukaryota,TSAR_Alveolata_Dinoflagellata,Dinophyceae,Peridiniales,Protoperidiniaceae,Protoperidinium,Protoperidinium_pellucidum
3d97e573108fb3cde7b35f3e7b03b128,Eukaryota,TSAR_Alveolata_Dinoflagellata,Dinophyceae,Dinophyceae_X,Dinophyceae_XX,Dinophyceae_XXX,Dinophyceae_XXX_sp.
b1af60184b07ebb36f6a80fa3542365f,Eukaryota,TSAR_Alveolata_Dinoflagellata,Syndiniales,Dino-Group-II,Dino-Group-II-Clade-9,Dino-Group-II-Clade-9_X,Dino-Group-II-Clade-9_X_sp.
581baae7fbc8fcc168c08d6ee96d4748,Eukaryota,TSAR_Alveolata_Apicomplexa,Gregarinomorphea,Eugregarinorida,Eugregarinorida_EUG3,Eugregarinorida_EUG3_X,Eugregarinorida_EUG3_X_sp.
b4d8c3326791dd11ee3a6dadf08bfe4b,Eukaryota,TSAR_Stramenopiles_Gyrista,Mediophyceae,Chaetocerotales,Chaetocerotaceae,Chaetoceros,Chaetoceros_pumilum
5fde11b45900b4621d947931af29a6a2,Eukaryota,TSAR_Alveolata_Dinoflagellata,Syndiniales,Dino-Group-I,Dino-Group-I-Clade-6,Dino-Group-I-Clade-6_X,Dino-Group-I-Clade-6_X_sp.
602e57339ea18452ff3aa61d0e0f4a38,Eukaryota,TSAR_Alveolata_Dinoflagellata,Syndiniales,Dino-Group-II,Dino-Group-II_X,Dino-Group-II_XX,Dino-Group-II_XX_sp.
38d9ad48e2a345eca5b6504707779dbd,Eukaryota,TSAR_Alveolata_Dinoflagellata,Syndiniales,Dino-Group-II,Dino-Group-II-Clade-22,Dino-Group-II-Clade-22_X,Dino-Group-II-Clade-22_X_sp.
6a2561a5f2232edaabc1d3971747efea,Eukaryota,TSAR_Alveolata_Dinoflagellata,Dinophyceae,Dinophyceae_X,Dinophyceae_XX,Dinophyceae_XXX,Dinophyceae_XXX_sp.
d0fee47e8acb635c7289121341fd7210,Eukaryota,TSAR_Alveolata_Dinoflagellata,Dinophyceae,Dinophyceae_X,Dinophyceae_XX,Dinophyceae_XXX,Dinophyceae_XXX_sp.
1338564bd5138b41aa990bac366e145e,Eukaryota,TSAR_Alveolata_Dinoflagellata,Syndiniales,Dino-Group-I,Dino-Group-I-Clade-5,Dino-Group-I-Clade-5_X,Dino-Group-I-Clade-5_X_sp.
26f2ec016dedf97792862aa8106c27b2,Eukaryota,TSAR_Alveolata_Dinoflagellata,Syndiniales,Dino-Group-II,Dino-Group-II-Clade-7,Dino-Group-II-Clade-7_X,Dino-Group-II-Clade-7_X_sp.
2e5ca5e70450770b29f17903aa6ccc30,Eukaryota,TSAR_Alveolata_Dinoflagellata,Syndiniales,Dino-Group-II,Dino-Group-II-Clade-6,Dino-Group-II-Clade-6_X,Dino-Group-II-Clade-6_X_sp.
8662853e738c60277f407e0245cd4550,Eukaryota,TSAR_Rhizaria_Radiolaria,Polycystinea,Spumellaria,Astrosphaeridae,Astrosphaera,Astrosphaera_hexagonalis
3d50ab987ad7308febcabd2d082d16c8,Eukaryota,Cryptista_Cryptophyta_Cryptophyta_X,Cryptophyceae,Cryptomonadales,Cryptomonadales_X,Proteomonas,Proteomonas_sp.
fb62e051c27b58c04c970d9103c17db4,Eukaryota,TSAR_Alveolata_Dinoflagellata,Dinophyceae,Peridiniales,Blastodiniaceae,Blastodinium,Blastodinium_contortum
caa747745b409854ab1a087b467526d7,Eukaryota,TSAR_Alveolata_Dinoflagellata,Syndiniales,Dino-Group-I,Dino-Group-I-Clade-4,Dino-Group-I-Clade-4_X,Dino-Group-I-Clade-4_X_sp.
1a6ed972831d012121565e816775e525,Eukaryota,TSAR_Alveolata_Dinoflagellata,Dinophyceae,Peridiniales,Blastodiniaceae,Blastodinium,Blastodinium_mangini
858984596f469b41bb98c28c12891f5b,Eukaryota,TSAR_Alveolata_Dinoflagellata,Syndiniales,Dino-Group-II,Dino-Group-II-Clade-10-and-11,Dino-Group-II-Clade-10-and-11_X,Dino-Group-II-Clade-10-and-11_X_sp.
98a0a19b6906017f016161cfff875f69,Eukaryota,TSAR_Alveolata_Dinoflagellata,Syndiniales,Dino-Group-II,Dino-Group-II-Clade-10-and-11,Dino-Group-II-Clade-10-and-11_X,Dino-Group-II-Clade-10-and-11_X_sp.
efffd07501041146eb39332f051bf760,Eukaryota,TSAR_Alveolata_Dinoflagellata,Syndiniales,Dino-Group-II,Dino-Group-II-Clade-3,Dino-Group-II-Clade-3_X,Dino-Group-II-Clade-3_X_sp.
54d540a6204c549ccdbb526b9e733034,Eukaryota,TSAR_Alveolata_Dinoflagellata,Syndiniales,Dino-Group-I,Dino-Group-I-Clade-5,Dino-Group-I-Clade-5_X,Dino-Group-I-Clade-5_X_sp.
9eb6a4e5590b1d55c3e764f619eb7a54,Eukaryota,TSAR_Alveolata_Dinoflagellata,Syndiniales,,,,
dc00afcd21914b38c265d2e9c02c4244,Eukaryota,TSAR_Telonemia_Telonemia_X,Telonemia_XX,Telonemia_XXX,Telonemia-Group-2,Telonemia-Group-2_X,Telonemia-Group-2_X_sp.
e55dcb45b19176de13c94209e340bcea,Eukaryota,Obazoa_Opisthokonta_Choanoflagellata,Choanoflagellatea,Acanthoecida,Stephanoecidae_Group_H,Stephanoecidae_Group_H_X,Stephanoecidae_Group_H_X_sp.
95086f2b871297e676e058f519552ca9,Eukaryota,TSAR_Alveolata_Dinoflagellata,Syndiniales,Dino-Group-II,,,
c0b0e0443a60170f70a5291ecbd18d73,Eukaryota,TSAR_Rhizaria_Radiolaria,Acantharea,Acantharea_1,Acantharea_1_X,Acantharea_1_XX,Acantharea_1_XX_sp.
54fbc30f085830c6deb431af94d271dd,Eukaryota,TSAR_Alveolata_Dinoflagellata,Syndiniales,Dino-Group-I,Dino-Group-I-Clade-5,Dino-Group-I-Clade-5_X,Dino-Group-I-Clade-5_X_sp.
fc1d5c72873a9fb8bdf0171f3e664e3f,Eukaryota,TSAR_Alveolata_Dinoflagellata,Syndiniales,Dino-Group-I,Dino-Group-I-Clade-5,Dino-Group-I-Clade-5_X,Dino-Group-I-Clade-5_X_sp.
f617db2b86e4ecd8c23b29f95c345ff9,Eukaryota,TSAR_Alveolata_Dinoflagellata,Syndiniales,Dino-Group-II,,,
8ebd7ce232589c5c064bd1c5561254ef,Eukaryota,TSAR_Alveolata_Dinoflagellata,Dinophyceae,,,,
1d8014d47661165a09a8e4988b7b01cf,Eukaryota,TSAR_Alveolata_Dinoflagellata,Syndiniales,Dino-Group-I,Dino-Group-I-Clade-3,Dino-Group-I-Clade-3_X,Dino-Group-I-Clade-3_X_sp.
0173ef98adb20a83d9db4f24b22358a4,Eukaryota,TSAR_Alveolata_Dinoflagellata,Syndiniales,Dino-Group-III,Dino-Group-III_X,Dino-Group-III_XX,Dino-Group-III_XX_sp.
742a8697fbb4140d086b7e2bc8208ef8,Eukaryota,Haptista_Haptophyta_Haptophyta_X,Prymnesiophyceae,Phaeocystales,Phaeocystaceae,Phaeocystis,Phaeocystis_sp.
a46d45ec2da1217708ea9b9646f28bbb,Eukaryota,TSAR_Alveolata_Dinoflagellata,Syndiniales,Dino-Group-II,Dino-Group-II-Clade-1,Dino-Group-II-Clade-1_X,Dino-Group-II-Clade-1_X_sp.
ae4b5981fca978e6b954352d8f4b03f5,Eukaryota,TSAR_Stramenopiles_Bigyra,Sagenista,Sagenista_X,MAST-9,MAST-9A,MAST-9A_sp.
884dc988f90ca71a3a68cc5f07447055,Eukaryota,TSAR_Alveolata_Dinoflagellata,Syndiniales,Dino-Group-II,Dino-Group-II-Clade-1,Dino-Group-II-Clade-1_X,Dino-Group-II-Clade-1_X_sp.
4aff148e55195c79fb3f361170ac390a,Eukaryota,TSAR_Alveolata_Dinoflagellata,Dinophyceae,Dinophyceae_X,Dinophyceae_XX,Dinophyceae_XXX,Dinophyceae_XXX_sp.
3e9b7515cf05352b6c9b005da953cc2c,Eukaryota,TSAR_Rhizaria_Radiolaria,Acantharea,Acantharea_E,Acantharea_E4,Coleaspis,Coleaspis_vaginata
4bf33bbdde6f5e59321ceea335ab7712,Eukaryota,TSAR_Alveolata_Ciliophora,Oligohymenophorea,OLIGO5,OLIGO5_X,OLIGO5_XX,OLIGO5_XX_sp.
8c2721db256635ccf55947bdb59d291d,Eukaryota,TSAR_Alveolata_Dinoflagellata,Syndiniales,Dino-Group-II,Dino-Group-II-Clade-46,Dino-Group-II-Clade-46_X,Dino-Group-II-Clade-46_X_sp.
03e89a0ff979341b85370ac8e867760b,Eukaryota,TSAR_Rhizaria_Cercozoa,Chlorarachniophyceae,Chlorarachnida,Chlorarachnida_X,,
3e6f77ddda5dee150cf60cc0e6e085eb,Eukaryota,TSAR_Alveolata_Ciliophora,CONThreeP,CONThreeP_X,CONThreeP_XX,Askenasia,Askenasia_sp.
80b2862945343e14afdc15c9873de601,Eukaryota,TSAR_Alveolata_Dinoflagellata,Dinophyceae,Dinophyceae_X,Dinophyceae_XX,Dinophyceae_XXX,Dinophyceae_XXX_sp.
b453165fe138bd4558752892720e3d85,Eukaryota,TSAR_Alveolata_Dinoflagellata,Syndiniales,Dino-Group-II,Dino-Group-II-Clade-9,Dino-Group-II-Clade-9_X,Dino-Group-II-Clade-9_X_sp.
a36525416ce0cb01dd9bd88aaf42ae14,Eukaryota,TSAR_Alveolata_Ciliophora,Oligohymenophorea,OLIGO5,OLIGO5_X,OLIGO5_XX,OLIGO5_XX_sp.
06f1845c01fb820c30b91097585e9a0e,Eukaryota,Obazoa_Opisthokonta_Choanoflagellata,Choanoflagellatea,Acanthoecida,Stephanoecidae_Group_H,Stephanoecidae_Group_H_X,Stephanoecidae_Group_H_X_sp.
4b2c47bf77c6e2c24f835a13b320d97c,Eukaryota,TSAR_Alveolata_Ciliophora,Spirotrichea,Choreotrichida-Tintinnina,Eutintinnidae,Eutintinnus,Eutintinnus_sp.
5b1b1c17976365bf971e7a332df30b7d,Eukaryota,TSAR_Alveolata_Dinoflagellata,Dinophyceae,Gymnodiniales,Gymnodiniaceae,Gymnodinium,Gymnodinium_dorsalisulcum
a65e9f7563f4986549680393d8a80a9a,Eukaryota,TSAR_Stramenopiles_Gyrista,Bacillariophyceae,Naviculales,,,
c97eebfd14da04488304082076cba208,Eukaryota,TSAR_Stramenopiles_Gyrista,Chrysophyceae,Paraphysomonadales,Paraphysomonadaceae,Paraphysomonas,Paraphysomonas_sp.
34b846777a06d8ee21fcffe5528cbf88,Eukaryota,Obazoa_Opisthokonta_Choanoflagellata,Choanoflagellatea,Acanthoecida,Stephanoecidae_Group_D,Stephanoecidae_Group_D_X,Stephanoecidae_Group_D_X_sp.
7a196d4847e075ac9747b5af2855338e,Eukaryota,TSAR_Alveolata_Ciliophora,Spirotrichea,Choreotrichida-Tintinnina,Eutintinnidae,Eutintinnus,
06bc07b7eb7666b70550966ff186efb4,Eukaryota,Obazoa_Opisthokonta_Ichthyosporea,Ichthyophonida,Abeoformidae,Abeoformidae_Group_MAIP_2,Abeoformidae_Group_MAIP_2_X,Abeoformidae_Group_MAIP_2_X_sp.
91445d6a60fc182ee891b83ab07ca629,Eukaryota,TSAR_Alveolata_Ciliophora,Spirotrichea,Oligotrichida,,,
3f17f31077e222adbd553b7bf877ff73,Eukaryota,TSAR_Alveolata_Dinoflagellata,Dinophyceae,Dinophyceae_X,Dinophyceae_XX,Dinophyceae_XXX,Dinophyceae_XXX_sp.
05fd8b70b2733944ce7b38e594dfccf0,Eukaryota,TSAR_Stramenopiles_Gyrista,Mediophyceae,Thalassiosirales,Skeletonemaceae,Skeletonema,Skeletonema_sp.
82f92a807c596c399bd8421a71b0245d,Eukaryota,Excavata_Discoba_Euglenozoa,Diplonemea,Diplonemida,Eupelagonemidae,Eupelagonemidae_X,Eupelagonemidae_X_sp.
8c39fc80a754ec6455ecbe33ad35f2d6,Eukaryota,TSAR_Alveolata_Ciliophora,Spirotrichea,Choreotrichida,Strobilidiidae,Pelagostrobilidium,Pelagostrobilidium_sp.
33950177549027aaba5f7c10ea2c5f65,Eukaryota,TSAR_Alveolata_Ciliophora,Spirotrichea,Oligotrichida,,,
f3c685597e4c50845cc268bab71d268f,Eukaryota,TSAR_Alveolata_Ciliophora,Spirotrichea,Choreotrichida-Tintinnina,Tintinnidae,Tintinnidae_X,Tintinnidae_X_sp.
9bcd2d4e72aae749b9d07d25c925efee,Eukaryota,TSAR_Alveolata_Dinoflagellata,Syndiniales,Dino-Group-I,Dino-Group-I-Clade-6,Dino-Group-I-Clade-6_X,Dino-Group-I-Clade-6_X_sp.
8ccc7ed97c38444ef81019742530adb9,Eukaryota,Haptista_Haptophyta_Haptophyta_X,Haptophyta_Clade_HAP4,Haptophyta_Clade_HAP4_X,Haptophyta_Clade_HAP4_XX,Haptophyta_Clade_HAP4_XXX,Haptophyta_Clade_HAP4_XXX_sp.
743e5563e6098549248dcb7313120e7d,Eukaryota,TSAR_Alveolata_Dinoflagellata,Syndiniales,Dino-Group-I,Dino-Group-I-Clade-1,Dino-Group-I-Clade-1_X,Dino-Group-I-Clade-1_X_sp.
e4fde452638017db7da1279f8f826e25,Eukaryota,TSAR_Alveolata_Dinoflagellata,Dinophyceae,,,,
e24e5bee27c47f4c71421cc769d8e895,Eukaryota,TSAR_Alveolata_Dinoflagellata,Dinophyceae,Dinophyceae_X,Dinophyceae_XX,Dinophyceae_XXX,Dinophyceae_XXX_sp.
67b431d46fc80cb5472142e0fb9387a6,Eukaryota,TSAR_Alveolata_Dinoflagellata,Dinophyceae,Gonyaulacales,Pyrocystaceae,Alexandrium,
a23743f312978e2153b13fd4ac883c17,Eukaryota,TSAR_Stramenopiles_Bigyra,Opalozoa,Nanomonadea,MAST-3,MAST-3I,MAST-3I_sp.
8cc17e4130e66f7c91705f64bb3eb867,Eukaryota,TSAR_Stramenopiles_Bigyra,Opalozoa,Nanomonadea,MAST-3,MAST-3I,MAST-3I_sp.
45ec4cc3b0f4bcf39dc4efd52829f31e,Eukaryota,TSAR_Alveolata_Dinoflagellata,Dinophyceae,Peridiniales,Podolampadaceae,Blepharocysta,
6faa0fdeee6fead1d68b9aacc95ddfe6,Eukaryota,TSAR_Stramenopiles_Gyrista,Pinguiophyceae,Pinguiochrysidales,Pinguiochrysidaceae,Pinguiochrysis,Pinguiochrysis_pyriformis
46ad4be7cbecf3bc756caa38cb89c5bb,Eukaryota,TSAR_Rhizaria_Cercozoa,Endomyxa,Endomyxa_X,Endomyxa_XX,Endo4-lineage_XXX,Endo4-lineage_XXX_sp.
6ba3f2011730da615fff2fdd7c7c849e,Eukaryota,Excavata_Discoba_Euglenozoa,Diplonemea,Diplonemida,Eupelagonemidae,Eupelagonemidae_X,Eupelagonemidae_X_sp.
bc19581ef9d5ea09d826802061002661,Eukaryota,TSAR_Alveolata_Dinoflagellata,Syndiniales,Dino-Group-II,Dino-Group-II-Clade-1,Dino-Group-II-Clade-1_X,Dino-Group-II-Clade-1_X_sp.
cb6efbf3c8f92dbe147ce41162472937,Eukaryota,TSAR_Stramenopiles_Bigyra,Sagenista,Sagenista_X,MAST-8,MAST-8D,MAST-8D_sp.
74546d481cb9e0ef6674d88d6525ab17,Eukaryota,TSAR_Alveolata_Dinoflagellata,Syndiniales,Dino-Group-II,Dino-Group-II-Clade-10-and-11,Dino-Group-II-Clade-10-and-11_X,Dino-Group-II-Clade-10-and-11_X_sp.
7118d785a964081499860b227e178461,Eukaryota,TSAR_Stramenopiles_Gyrista,Pelagophyceae,Pelagomonadales,Pelagomonadaceae,,
82adf0b7e768e61689defb401628d13c,Eukaryota,TSAR_Alveolata_Dinoflagellata,Syndiniales,Dino-Group-II,Dino-Group-II-Clade-15,Dino-Group-II-Clade-15_X,Dino-Group-II-Clade-15_X_sp.
89a825f192f87a908da6326821a94be8,Eukaryota,Haptista_Haptophyta_Haptophyta_X,Prymnesiophyceae,Coccolithales,Hymenomonadaceae,,
87a33157d9b006c3d37be36b57c7d654,Eukaryota,TSAR_Alveolata_Dinoflagellata,Dinophyceae,Dinophyceae_X,Dinophyceae_XX,Dinophyceae_XXX,Dinophyceae_XXX_sp.
ceb37084c591ed1981aa2f2626cc1565,Eukaryota,TSAR_Stramenopiles_Bigyra,Sagenista,Labyrinthulomycetes,Labyrinthulomycetes_LAB15,Labyrinthulomycetes_LAB15_X,Labyrinthulomycetes_LAB15_X_sp.
5b5bbd4da58b6a3ee787d85d2dae6e5f,Eukaryota,TSAR_Alveolata_Ciliophora,Spirotrichea,Oligotrichida,Strombidiidae,Strombidiidae_X,Strombidiidae_X_sp.
1850816580aefafafb10b5eba33b670f,Eukaryota,TSAR_Alveolata_Dinoflagellata,Dinophyceae,Dinophyceae_X,Dinophyceae_XX,Dinophyceae_XXX,Dinophyceae_XXX_sp.
c17509e195bfba13ed0127fc3f6a549c,Eukaryota,TSAR_Alveolata_Dinoflagellata,Syndiniales,Dino-Group-II,Dino-Group-II-Clade-6,Dino-Group-II-Clade-6_X,Dino-Group-II-Clade-6_X_sp.
ba2634302757eb45c4fae9a6a64a6fe6,Eukaryota,TSAR_Alveolata_Ciliophora,Spirotrichea,Oligotrichida,Strombidiidae,Strombidiidae_X,Strombidiidae_X_sp.
b9feac23e5a2db2a359baec6fbfcf65e,Eukaryota,TSAR_Alveolata_Dinoflagellata,Syndiniales,Dino-Group-II,Dino-Group-II-Clade-10-and-11,Dino-Group-II-Clade-10-and-11_X,Dino-Group-II-Clade-10-and-11_X_sp.
28d5be9244c70fcd1e696c5e8778da1a,Eukaryota,TSAR_Alveolata_Dinoflagellata,Syndiniales,Dino-Group-II,Dino-Group-II-Clade-35,Dino-Group-II-Clade-35_X,Dino-Group-II-Clade-35_X_sp.
5892d305581dcfa79c46aa04fb1e50dc,Eukaryota,TSAR_Rhizaria_Cercozoa,Filosa-Thecofilosea,Cryomonadida,Protaspa-lineage,Protaspa-lineage_X,Protaspa-lineage_X_sp.
1e5a3d3a1ee381659a026ad187440e1d,Eukaryota,TSAR_Alveolata_Dinoflagellata,Dinophyceae,Dinophyceae_X,Dinophyceae_XX,Dinophyceae_XXX,Dinophyceae_XXX_sp.
b555cfe0819d06a22d8e87dda0ae5cbb,Eukaryota,TSAR_Alveolata_Dinoflagellata,Syndiniales,Dino-Group-II,Dino-Group-II-Clade-21,Dino-Group-II-Clade-21_X,Dino-Group-II-Clade-21_X_sp.
f40ae70dc3eb59167bd476ccfb4d8db8,Eukaryota,TSAR_Alveolata_Ciliophora,Spirotrichea,Oligotrichida,Strombidiidae,Strombidiidae_X,Strombidiidae_X_sp.
8d067cd9c31c6c493430aae70363f46f,Eukaryota,TSAR_Alveolata_Dinoflagellata,Syndiniales,Dino-Group-I,Dino-Group-I-Clade-1,Dino-Group-I-Clade-1_X,Dino-Group-I-Clade-1_X_sp.
c5e8fbcfc44f5117f1282f793740f712,Eukaryota,Obazoa_Opisthokonta_Choanoflagellata,Choanoflagellatea,Acanthoecida,Stephanoecidae_Group_H,Stephanoecidae_Group_H_X,Stephanoecidae_Group_H_X_sp.
53653f743e7397740b6f2acc825c8ee5,Eukaryota,TSAR_Alveolata_Dinoflagellata,Syndiniales,Dino-Group-II,Dino-Group-II-Clade-3,Dino-Group-II-Clade-3_X,Dino-Group-II-Clade-3_X_sp.
b1b41e4372e0b4308d9d9af7b79706c8,Eukaryota,TSAR_Stramenopiles_Gyrista,Chrysophyceae,Chrysophyceae_X,Chrysophyceae_XX,Chrysophyceae_XXX,Chrysophyceae_XXX_sp.
935ff2ab7412729c88065920d7ce18f0,Eukaryota,TSAR_Alveolata_Dinoflagellata,Dinophyceae,Gymnodiniales,Kareniaceae,Karlodinium,Karlodinium_veneficum
4c23cc680a550df72b049e4e3016afca,Eukaryota,TSAR_Alveolata_Dinoflagellata,Syndiniales,Dino-Group-I,Dino-Group-I-Clade-8,Dino-Group-I-Clade-8_X,Dino-Group-I-Clade-8_X_sp.
61fda9e80b4ad7c695a6fa20425b1fc6,Eukaryota,TSAR_Alveolata_Dinoflagellata,Syndiniales,Dino-Group-II,Dino-Group-II-Clade-15,Dino-Group-II-Clade-15_X,Dino-Group-II-Clade-15_X_sp.
10bb808bb3e81a8c3f66d8a5f0168f6d,Eukaryota,TSAR_Alveolata_Dinoflagellata,Syndiniales,Dino-Group-II,Dino-Group-II-Clade-30,Dino-Group-II-Clade-30_X,Dino-Group-II-Clade-30_X_sp.
b7a402acd189d98896a582494c6f412a,Eukaryota,TSAR_Alveolata_Dinoflagellata,Syndiniales,Dino-Group-II,Dino-Group-II-Clade-1,Dino-Group-II-Clade-1_X,Dino-Group-II-Clade-1_X_sp.
ef162fed5013c003baac16f1e12018b3,Eukaryota,TSAR_Stramenopiles_Gyrista,Raphidophyceae,Raphidophyceae_X,Raphidophyceae_XX,Chattonella,Chattonella_marina
86f22062b7a14916fe591ca05c06a8cf,Eukaryota,TSAR_Alveolata_Dinoflagellata,Syndiniales,Dino-Group-III,Dino-Group-III_X,Dino-Group-III_XX,Dino-Group-III_XX_sp.
f65c6fcdeeb86673c8f3e453e3388bcf,Eukaryota,TSAR_Rhizaria_Cercozoa,Chlorarachniophyceae,Chlorarachniophyceae_X,NPK2-lineage,NPK2-lineage_X,NPK2-lineage_X_sp.
026c929ec83d2c9689a794b551f8cd1d,Eukaryota,TSAR_Alveolata_Dinoflagellata,Syndiniales,Dino-Group-II,Dino-Group-II-Clade-6,Dino-Group-II-Clade-6_X,Dino-Group-II-Clade-6_X_sp.
b442ecc2b087124ec6dfaa59bf34fd72,Eukaryota,TSAR_Alveolata_Dinoflagellata,Dinophyceae,Dinophysales,Dinophysaceae,Dinophysis,
290cb1688b5e2fc9565e25fa822dbadf,Eukaryota,TSAR_Alveolata_Dinoflagellata,Syndiniales,Dino-Group-II,Dino-Group-II-Clade-6,Dino-Group-II-Clade-6_X,Dino-Group-II-Clade-6_X_sp.
645c65c1590637a9763b1c5b8e617a21,Eukaryota,TSAR_Alveolata_Dinoflagellata,Syndiniales,Dino-Group-II,,,
f2569819910280c35a5211469df2eb6b,Eukaryota,TSAR_Alveolata_Dinoflagellata,Dinophyceae,Dinophyceae_X,Dinophyceae_XX,Dinophyceae_XXX,Dinophyceae_XXX_sp.
a5cb7af5046311ff81a6c305235c7ae8,Eukaryota,TSAR_Alveolata_Ciliophora,Spirotrichea,Choreotrichida,,,
0f6665963eb56ec9bac2ce40b13d351e,Eukaryota,TSAR_Alveolata_Dinoflagellata,Syndiniales,Dino-Group-II,Dino-Group-II-Clade-6,Dino-Group-II-Clade-6_X,Dino-Group-II-Clade-6_X_sp.
43b5fbb20927a1c444fc04b0df5df3d3,Eukaryota,Haptista_Haptophyta_Haptophyta_X,Prymnesiophyceae,Prymnesiales,Chrysochromulinaceae,Chrysochromulina,Chrysochromulina_sp.
fb61e89d0ff390bfa6b1b36cfe1ef83a,Eukaryota,Obazoa_Opisthokonta_Fungi,Chytridiomycota,Chytridiales,Chytridiales_X,Chytridiales_XX,Chytridiales_XX_sp.
89850a1a15c86e8d8129b68363e7b745,Eukaryota,Archaeplastida_Picozoa_Picozoa_subdivision_1,Picomonadea,Picomonadida,Picomonadidae,Picomonas,Picomonas_sp.
d8542d4c85a64cf0b560efc10c03012c,Eukaryota,Obazoa_Opisthokonta_Fungi,Ascomycota,Pezizomycotina,Dothideomycetes,Alternaria,
aabc9fc6d7d95edee67c8725efe0d3f0,Eukaryota,TSAR_Alveolata_Dinoflagellata,Syndiniales,Dino-Group-I,Dino-Group-I-Clade-2,Dino-Group-I-Clade-2_X,Dino-Group-I-Clade-2_X_sp.
a748a0db90872e8e68984bcdde2c0acb,Eukaryota,TSAR_Alveolata_Dinoflagellata,Syndiniales,Dino-Group-II,Dino-Group-II-Clade-1,Dino-Group-II-Clade-1_X,Dino-Group-II-Clade-1_X_sp.
16c7514cbfb5237d188bca3995870bbf,Eukaryota,TSAR_Alveolata_Dinoflagellata,Dinophyta_X,Dinophyta_XX,Dinophyta_XXX,Dinophyta_XXXX,Dinophyta_XXXX_sp.
ac54f9e882f117528ca387336b3cb8c9,Eukaryota,TSAR_Alveolata_Dinoflagellata,Syndiniales,Dino-Group-II,Dino-Group-II-Clade-7,Dino-Group-II-Clade-7_X,Dino-Group-II-Clade-7_X_sp.
566d3c9f3e88f6a4ced02e0678f5891a,Eukaryota,TSAR_Alveolata_Dinoflagellata,Syndiniales,Dino-Group-II,Dino-Group-II-Clade-10-and-11,Dino-Group-II-Clade-10-and-11_X,Dino-Group-II-Clade-10-and-11_X_sp.
df1a4143d8d96a33d4b479353b68167c,Eukaryota,Excavata_Discoba_Euglenozoa,Kinetoplastea,Neobodonida,Neobodonidae,Neobodo,Neobodo_sp.
9db87327cc26ae31126bfa33401ef629,Eukaryota,TSAR_Alveolata_Dinoflagellata,Syndiniales,Dino-Group-II,Dino-Group-II-Clade-1,Dino-Group-II-Clade-1_X,Dino-Group-II-Clade-1_X_sp.
f38fbd869a0c9a492b2c35ab5b706e46,Eukaryota,TSAR_Alveolata_Ciliophora,CONThreeP,CONThreeP_X,Discotrichidae,NASSO_1,NASSO_1_sp.
1b71dc7b3dc6466f491a1fe56fb876f5,Eukaryota,TSAR_Rhizaria_Radiolaria,RAD-C,RAD-C_X,RAD-C_Xa,RAD-C_Xa_X,RAD-C_Xa_X_sp.
120b1620c98214212f225789c1648e82,Eukaryota,TSAR_Alveolata_Dinoflagellata,Syndiniales,Dino-Group-I,Dino-Group-I-Clade-2,Dino-Group-I-Clade-2_X,Dino-Group-I-Clade-2_X_sp.
f6d0119a13cb6fc9057b6076f27cf569,Eukaryota,TSAR_Rhizaria_Radiolaria,Polycystinea,Nassellaria,Cannobotryidae,Cannobotryidae_X,Cannobotryidae_X_sp.
962d9f9eeb7a68c202ede20430c52c48,Eukaryota,Obazoa_Opisthokonta_Fungi,Basidiomycota,Pucciniomycotina,Agaricostilbomycetes,,
7d7cfc8bf4279c5f1cca68e24d11fc4b,Eukaryota,Haptista_Haptophyta_Haptophyta_X,Prymnesiophyceae,Prymnesiales,Chrysochromulinaceae,Chrysochromulina,Chrysochromulina_sp.
843fcbcc9541ccdda7c430298fcd2b4d,Eukaryota,TSAR_Telonemia_Telonemia_X,Telonemia_XX,Telonemia_XXX,Telonemia-Group-2,Telonemia-Group-2_X,Telonemia-Group-2_X_sp.
0a40ed6c540ff863418798ed672857f1,Eukaryota,TSAR_Stramenopiles_Bigyra,Sagenista,Sagenista_X,MAST-7,MAST-7A,MAST-7A_sp.
1e15b9e45ce5b58445f88de1b784b341,Eukaryota,TSAR_Alveolata_Dinoflagellata,Syndiniales,Dino-Group-II,Dino-Group-II-Clade-10-and-11,Dino-Group-II-Clade-10-and-11_X,Dino-Group-II-Clade-10-and-11_X_sp.
761ab492ab1d5ab7889657ae61ee9790,Eukaryota,TSAR_Alveolata_Ciliophora,Spirotrichea,Oligotrichida,Strombidiidae,Strombidiidae_X,Strombidiidae_X_sp.
b42bb56864a1cb9d1297b5a8620bbd8b,Eukaryota,TSAR_Alveolata_Dinoflagellata,Syndiniales,Dino-Group-II,Dino-Group-II-Clade-22,Dino-Group-II-Clade-22_X,Dino-Group-II-Clade-22_X_sp.
200d8793fa31da0683c5c4dd19ec23ac,Eukaryota,Haptista_Haptophyta_Haptophyta_X,Prymnesiophyceae,Prymnesiales,Prymnesiaceae,,
6dfb2ab8b306db4d6b7a75d51d217eb3,Eukaryota,TSAR_Alveolata_Ciliophora,Oligohymenophorea,OLIGO5,OLIGO5_X,OLIGO5_XX,OLIGO5_XX_sp.
2d1ce652839c42c9a83e9361cd5f015c,Eukaryota,TSAR_Stramenopiles_Bigyra,Sagenista,Sagenista_X,MAST-9,MAST-9A,MAST-9A_sp.
c9e876c05bd5da18a9af14444e2ebed3,Eukaryota,TSAR_Alveolata_Dinoflagellata,Dinophyceae,Dinophyceae_X,Dinophyceae_XX,Dinophyceae_XXX,Dinophyceae_XXX_sp.
f9f2dad185305e35a59e9069e6a11a3d,Eukaryota,TSAR_Alveolata_Dinoflagellata,Syndiniales,,,,
7955ea591cdd3e68adffe0f37ea8c8c1,Eukaryota,TSAR_Alveolata_Dinoflagellata,Syndiniales,Dino-Group-II,,,
12bbfa63b3be6dfacee4f139a99f297a,Eukaryota,TSAR_Alveolata_Dinoflagellata,Syndiniales,Dino-Group-II,Dino-Group-II-Clade-7,Dino-Group-II-Clade-7_X,Dino-Group-II-Clade-7_X_sp.
dced1ccf3ca7aa1c7da3c16c78962e5b,Eukaryota,TSAR_Rhizaria_Radiolaria,Acantharea,Acantharea_D,Acantharea_D2,Acanthocolla,Acanthocolla_cruciata
50138856d82203ae8408b0dceb0a1174,Eukaryota,TSAR_Stramenopiles_Gyrista,Mediophyceae,Thalassiosirales,Thalassiosiraceae,Shionodiscus,Shionodiscus_ritscheri
63ed0e551c83a152008bf2fdb042d5e5,Eukaryota,TSAR_Rhizaria_Radiolaria,Polycystinea,Nassellaria,Sphaerozoidae,Sphaerozoum,
829c79583d46ba93549e59bb91c9bada,Eukaryota,TSAR_Rhizaria_Radiolaria,Acantharea,Acantharea_B,Acantharea_B2,Phyllostaurus-B2,Phyllostaurus-B2_echinoides
396f789157439b9b39056365122b2787,Eukaryota,TSAR_Alveolata_Chrompodellids,Colpodellidea,Colpodellida,Colpodellaceae,Colpodellidae,Colpodellidae_sp.
0f92e1109a5c229ddee30e3af382271a,Eukaryota,TSAR_Stramenopiles_Gyrista,Bacillariophyceae,Bacillariales,Bacillariaceae,,
40f16a002d2dba211600661dee08b1e9,Eukaryota,TSAR_Alveolata_Dinoflagellata,Syndiniales,Dino-Group-II,Dino-Group-II-Clade-5,Dino-Group-II-Clade-5_X,Dino-Group-II-Clade-5_X_sp.
f96abfb0276e967f582054d7cf1f52ef,Eukaryota,TSAR_Stramenopiles_Gyrista,Dictyochophyceae,Dictyochophyceae_X,Pedinellales,Pedinellales_X,Pedinellales_X_sp.
95e044c9ec64a308c389274bdd222c73,Eukaryota,TSAR_Alveolata_Dinoflagellata,,,,,
c2755f1e9e49e75f06e22ca9d554a322,Eukaryota,TSAR_Alveolata_Dinoflagellata,Syndiniales,Dino-Group-II,Dino-Group-II-Clade-10-and-11,Dino-Group-II-Clade-10-and-11_X,Dino-Group-II-Clade-10-and-11_X_sp.
fe938069d9d072eddb7bb5b3d703d41a,Eukaryota,TSAR_Stramenopiles_Gyrista,Raphidophyceae,Raphidophyceae_X,Raphidophyceae_XX,Heterosigma,Heterosigma_akashiwo
7b63af9cfdefbdabb7808e45ebd6e10f,Eukaryota,TSAR_Stramenopiles_Gyrista,Raphidophyceae,Raphidophyceae_X,Raphidophyceae_XX,Fibrocapsa,Fibrocapsa_japonica
ef35555f033a23d10a567dfee5986ba9,Eukaryota,TSAR_Alveolata_Dinoflagellata,Syndiniales,Dino-Group-II,Dino-Group-II-Clade-16,Dino-Group-II-Clade-16_X,Dino-Group-II-Clade-16_X_sp.
4621118ce6ea9bcb303eb4c7056d8f8e,Eukaryota,Amoebozoa_Discosea_Discosea_X,Flabellinia,Dactylopodida,Paramoebidae,,
4a3c064c9007974868bb91c3b0f58d6e,Eukaryota,TSAR_Alveolata_Dinoflagellata,Dinophyceae,Gymnodiniales,,,
4ba6e82eafd0a412120f70150156d716,Eukaryota,TSAR_Alveolata_Dinoflagellata,Dinophyceae,Dinophyceae_X,Dinophyceae_XX,Dinophyceae_XXX,Dinophyceae_XXX_sp.
759a5b253a0684e8711953435af63960,Eukaryota,TSAR_Alveolata_Dinoflagellata,Dinophyceae,Peridiniales,Blastodiniaceae,Blastodinium,Blastodinium_mangini
30bf25cadb8caec395df7cd752420a82,Eukaryota,Haptista_Haptophyta_Haptophyta_X,Prymnesiophyceae,Prymnesiales,Prymnesiaceae,,
54b6ca700d182b8324fa8a8c666b9f3c,Eukaryota,TSAR_Alveolata_Dinoflagellata,Dinophyceae,,,,
ad85f8d1fbe4d5dbdfd74db62ae07683,Eukaryota,TSAR_Alveolata_Dinoflagellata,Syndiniales,Dino-Group-II,Dino-Group-II_X,Dino-Group-II_XX,Dino-Group-II_XX_sp.
d207dd1bc46515865e7269c21dc3444d,Eukaryota,TSAR_Alveolata_Dinoflagellata,Syndiniales,Dino-Group-II,Dino-Group-II-Clade-21,Dino-Group-II-Clade-21_X,Dino-Group-II-Clade-21_X_sp.
2696a241bad46ec154f6ccf05e709090,Eukaryota,Obazoa_Opisthokonta_Ichthyosporea,Ichthyophonida,Abeoformidae,Abeoformidae_Group_MAIP_2,Abeoformidae_Group_MAIP_2_X,Abeoformidae_Group_MAIP_2_X_sp.
e47a9ecd6549da371030dfeda405c155,Eukaryota,TSAR_Stramenopiles_Bigyra,Opalozoa,Nanomonadea,MAST-3,MAST-3D,MAST-3D_sp.
9080cf2cc493609f15391ef75f162c2e,Eukaryota,TSAR_Alveolata_Dinoflagellata,Syndiniales,Dino-Group-I,Dino-Group-I-Clade-3,Dino-Group-I-Clade-3_X,Dino-Group-I-Clade-3_X_sp.
cf7f6f47c38af353efab89b5b1274599,Eukaryota,TSAR_Rhizaria_Radiolaria,Polycystinea,Nassellaria,Lophophaenidae,Lithomelissa,Lithomelissa_setosa
95f3bc090dbf3a9eb37dae9d88cde13e,Eukaryota,TSAR_Alveolata_Dinoflagellata,Syndiniales,Dino-Group-II,Dino-Group-II-Clade-5,Dino-Group-II-Clade-5_X,Dino-Group-II-Clade-5_X_sp.
9205742c59de1e42d26ad17d4244b888,Eukaryota,Obazoa_Opisthokonta_Fungi,Basidiomycota,Pucciniomycotina,Cystobasidiomycetes,Sporobolomyces,
76ee9cbb03145caf6b4f1084688ee7e3,Eukaryota,TSAR_Stramenopiles_Gyrista,Pelagophyceae,Pelagomonadales,Pelagomonadaceae,Aureococcus,Aureococcus_anophagefferens
ac18732765c9e23e8fbd75a8897d731f,Eukaryota,TSAR_Alveolata_Dinoflagellata,Dinophyceae,Dinophyceae_X,Dinophyceae_XX,Dinophyceae_XXX,Dinophyceae_XXX_sp.
159fb57f785dc74675e3445c159ff2e3,Eukaryota,TSAR_Alveolata_Dinoflagellata,Syndiniales,Dino-Group-II,Dino-Group-II-Clade-1,Dino-Group-II-Clade-1_X,Dino-Group-II-Clade-1_X_sp.
f4911f32957ebb19c8b498926f816236,Eukaryota,TSAR_Alveolata_Dinoflagellata,Dinophyceae,Dinophyceae_X,Dinophyceae_XX,Dinophyceae_XXX,Dinophyceae_XXX_sp.
ca47d95e7e11ddb6e61d8b7ce00ce842,Eukaryota,TSAR_Alveolata_Dinoflagellata,Syndiniales,Dino-Group-II,Dino-Group-II-Clade-6,Dino-Group-II-Clade-6_X,Dino-Group-II-Clade-6_X_sp.
419588798ee16e7caaa53809937ec96f,Eukaryota,TSAR_Stramenopiles_Gyrista,Gyrista_X,Gyrista_XX,MAST-1,MAST-1B,MAST-1B_sp.
a314e4f270bbdcd23432970e99575bbd,Eukaryota,TSAR_Alveolata_Dinoflagellata,Syndiniales,Dino-Group-I,Dino-Group-I_X,Dino-Group-I_XX,Dino-Group-I_XX_sp.
cb7dc39ee90bc941fe0d4271439b261c,Eukaryota,TSAR_Stramenopiles_Gyrista,Dictyochophyceae,Dictyochophyceae_X,Florenciellales,Florenciellales_X,Florenciellales_X_sp.
70a4d2d4927d777871eca450c14bb25d,Eukaryota,TSAR_Alveolata_Dinoflagellata,Dinophyceae,Prorocentrales,Prorocentraceae,Prorocentrum,Prorocentrum_sp.
e1deb04053188b0dc877622773fa39e9,Eukaryota,TSAR_Stramenopiles_Gyrista,Bacillariophyceae,Naviculales,,,
556485b283c9da67a81c63c27319f98e,Eukaryota,TSAR_Alveolata_Dinoflagellata,Syndiniales,Dino-Group-I,Dino-Group-I-Clade-1,Dino-Group-I-Clade-1_X,Dino-Group-I-Clade-1_X_sp.
c1ceda594ec745c52944d9b9a12002c1,Eukaryota,TSAR_Alveolata_Dinoflagellata,Syndiniales,Dino-Group-II,Dino-Group-II-Clade-10-and-11,Dino-Group-II-Clade-10-and-11_X,Dino-Group-II-Clade-10-and-11_X_sp.
da0ea05e28015b5e9a729ae31fcb268d,Eukaryota,TSAR_Alveolata_Dinoflagellata,Syndiniales,Dino-Group-II,Dino-Group-II-Clade-10-and-11,Dino-Group-II-Clade-10-and-11_X,Dino-Group-II-Clade-10-and-11_X_sp.
9262ff5680f13330f3cb7dfb63d7209b,Eukaryota,TSAR_Alveolata_Dinoflagellata,Syndiniales,Dino-Group-II,Dino-Group-II-Clade-4,Dino-Group-II-Clade-4_X,Dino-Group-II-Clade-4_X_sp.
b41de16e60483cc0d87065cf39fd811b,Eukaryota,TSAR_Alveolata_Dinoflagellata,Dinophyceae,Dinophyceae_X,Dinophyceae_XX,Dinophyceae_XXX,Dinophyceae_XXX_sp.
36221fdd3b8b3a549d3abbd7f92fa73a,Eukaryota,TSAR_Alveolata_Dinoflagellata,Dinophyceae,Prorocentrales,Prorocentraceae,Prorocentrum,Prorocentrum_sp.
54e412bc771a1d97c87f53df833df6cc,Eukaryota,TSAR_Alveolata_Dinoflagellata,Syndiniales,Dino-Group-II,Dino-Group-II-Clade-10-and-11,Dino-Group-II-Clade-10-and-11_X,Dino-Group-II-Clade-10-and-11_X_sp.
e08268189433902efa73a8dcc00cf7fb,Eukaryota,TSAR_Rhizaria_Radiolaria,Polycystinea,Spumellaria,Astrosphaeridae,Astrosphaera,Astrosphaera_hexagonalis
46a4ac02596970c4215ba6d378afdb02,Eukaryota,TSAR__,,,,,
8875065745fd7a74e5f5d808b8fa3507,Eukaryota,TSAR_Alveolata_Dinoflagellata,Dinophyceae,Dinophyceae_X,Dinophyceae_XX,Dinophyceae_XXX,Dinophyceae_XXX_sp.
91906bc7066f03df0242fd1f4c0edb1f,Eukaryota,TSAR_Alveolata_Dinoflagellata,Syndiniales,Dino-Group-I,Dino-Group-I_X,Dino-Group-I_XX,Dino-Group-I_XX_sp.
1d35510fc5c75be12afbf7668505603b,Eukaryota,TSAR_Stramenopiles_Gyrista,Mediophyceae,Thalassiosirales,Thalassiosiraceae,Thalassiosira,
b3d4a2a310b7b39c4825c9fc84dcf7c5,Eukaryota,TSAR_Alveolata_Dinoflagellata,Syndiniales,Dino-Group-I,Dino-Group-I-Clade-8,Dino-Group-I-Clade-8_X,Dino-Group-I-Clade-8_X_sp.
242ca701c78efb0f8cb097145d077b8a,Eukaryota,TSAR_Alveolata_Dinoflagellata,,,,,
a9694af9e8f6021baf5b186834feaa51,Eukaryota,TSAR_Rhizaria_Radiolaria,Polycystinea,Spumellaria,Hexalonchidae,Hexacontium,Hexacontium_sp.
6de2b46425262854022bc7ac3db40845,Eukaryota,TSAR_Alveolata_Dinoflagellata,Dinophyceae,,,,
7628c1ff6bbdb410009918796b366323,Eukaryota,TSAR_Alveolata_Dinoflagellata,Syndiniales,Dino-Group-II,Dino-Group-II-Clade-44,Dino-Group-II-Clade-44_X,Dino-Group-II-Clade-44_X_sp.
cf35ac39d6146ccaea3e74827324e070,Eukaryota,TSAR_Stramenopiles_Gyrista,Bolidophyceae,Parmales,Triparmaceae,Triparma,
2ed668fb1de90ba4c3342454cb227a94,Eukaryota,Excavata_Discoba_Euglenozoa,Diplonemea,Diplonemida,Eupelagonemidae,Eupelagonemidae_X,Eupelagonemidae_X_sp.
29a174076c4327b066bf4a611dd8eed6,Eukaryota,TSAR_Alveolata_Dinoflagellata,Syndiniales,Dino-Group-III,Dino-Group-III_X,Dino-Group-III_XX,Dino-Group-III_XX_sp.
a72f532300095b661254c843fd36bea3,Eukaryota,TSAR_Rhizaria_Radiolaria,Acantharea,Acantharea_2,Acantharea_2b,Acantharea_2b_X,Acantharea_2b_X_sp.
7c2d37d5961a1e510d946361e7269a78,Eukaryota,TSAR_Alveolata_Dinoflagellata,Dinophyceae,Dinophysales,Oxyphysiaceae,Phalachroma,
f41c7dd45c771726d5620a542580408c,Eukaryota,Archaeplastida_Chlorophyta_Chlorophyta_X,Pyramimonadophyceae,Pyramimonadales,Halosphaeraceae,Halosphaera,Halosphaera_sp.
2aeb6cde958debe857b6432070c47e50,Eukaryota,TSAR_Stramenopiles_Bigyra,Sagenista,Labyrinthulomycetes,Thraustochytriaceae,Thraustochytriaceae_LAB17,Thraustochytriaceae_LAB17_sp.
99e473e670736d73eb55b7ab7213e11e,Eukaryota,TSAR_Alveolata_Dinoflagellata,Syndiniales,Dino-Group-I,Dino-Group-I-Clade-6,Dino-Group-I-Clade-6_X,Dino-Group-I-Clade-6_X_sp.
d18500076a728a27831dd75bdbfcb996,Eukaryota,TSAR_Alveolata_Dinoflagellata,Syndiniales,Dino-Group-II,Dino-Group-II-Clade-16,Dino-Group-II-Clade-16_X,Dino-Group-II-Clade-16_X_sp.
e2a1a1e8e4c1f59d85b3b285f4fc9e20,Eukaryota,TSAR_Alveolata_Dinoflagellata,Syndiniales,Dino-Group-II,Dino-Group-II-Clade-7,Dino-Group-II-Clade-7_X,Dino-Group-II-Clade-7_X_sp.
e74b4cfa8e0818c6564339506c296908,Eukaryota,TSAR_Alveolata_Dinoflagellata,Syndiniales,Dino-Group-V,Dino-Group-V_X,Dino-Group-V_XX,Dino-Group-V_XX_sp.
6d98bedaf9c5afcbdf57df4283f5c533,Eukaryota,TSAR_Alveolata_Dinoflagellata,Dinophyceae,Dinophyceae_X,Dinophyceae_XX,Dinophyceae_XXX,Dinophyceae_XXX_sp.
a59c4e624a669269f4bfc273e8291e20,Eukaryota,TSAR_Alveolata_Dinoflagellata,Syndiniales,Dino-Group-II,,,
719c62367771a5881a3f8e9ab5b45862,Eukaryota,TSAR_Alveolata_Dinoflagellata,Dinophyceae,Gonyaulacales,Protoceratiaceae,Schuettiella,Schuettiella_mitra
d2d0e59e7966328b96f0da49cbd0e31d,Eukaryota,TSAR_Stramenopiles_Gyrista,Dictyochophyceae,Dictyochophyceae_X,Florenciellales,Pseudochattonella,Pseudochattonella_verruculosa
f467196bb59ee9f67da58baae7ba6cf6,Eukaryota,Archaeplastida_Chlorophyta_Chlorophyta_X,Chlorophyceae,Sphaeropleales,Sphaeropleales_X,Desmodesmus,
2267f635b6fc68b08cad6a6481f100da,Eukaryota,TSAR_Alveolata_Dinoflagellata,Syndiniales,Dino-Group-I,Dino-Group-I-Clade-5,Dino-Group-I-Clade-5_X,Dino-Group-I-Clade-5_X_sp.
d09b4b334c5ef74d81e50611620273bc,Eukaryota,TSAR_Alveolata_Dinoflagellata,Syndiniales,Dino-Group-I,Dino-Group-I-Clade-2,Dino-Group-I-Clade-2_X,Dino-Group-I-Clade-2_X_sp.
690392a73699963421abf60b3f9811d7,Eukaryota,TSAR_Telonemia_Telonemia_X,Telonemia_XX,Telonemia_XXX,Telonemia-Group-2,Telonemia-Group-2_X,Telonemia-Group-2_X_sp.
9a551e66d76de92679cc4b2d73bfc9c5,Eukaryota,TSAR_Alveolata_Ciliophora,Oligohymenophorea,Apostomatia,Opalinopsidae,Chromidina,Chromidina_sp.
eab8d9730cc0f046ced2602a2d47a229,Eukaryota,TSAR_Telonemia_Telonemia_X,Telonemia_XX,Telonemia_XXX,Telonemia-Group-2,Telonemia-Group-2_X,Telonemia-Group-2_X_sp.
507a4d8c19b8c5d1611f4e4f831ca8df,Eukaryota,TSAR_Alveolata_Dinoflagellata,Syndiniales,Dino-Group-II,Dino-Group-II-Clade-6,Dino-Group-II-Clade-6_X,Dino-Group-II-Clade-6_X_sp.
6b45262a68e66ec59e19119318a87434,Eukaryota,TSAR_Stramenopiles_Bigyra,Opalozoa,Nanomonadea,MAST-3,MAST-3I,MAST-3I_sp.
ae54eaf8b8eadec6c482eef9ec4167a8,Eukaryota,TSAR_Alveolata_Dinoflagellata,Syndiniales,Dino-Group-II,Dino-Group-II-Clade-6,Dino-Group-II-Clade-6_X,Dino-Group-II-Clade-6_X_sp.
f467c17fd9f465a922ba11ec08721498,Eukaryota,TSAR_Alveolata_Dinoflagellata,Syndiniales,Dino-Group-V,Dino-Group-V_X,Dino-Group-V_XX,Dino-Group-V_XX_sp.
7b84e78f36c224af1de0c9d2deeaaa8e,Eukaryota,TSAR_Alveolata_Dinoflagellata,Syndiniales,Dino-Group-V,Dino-Group-V_X,Dino-Group-V_XX,Dino-Group-V_XX_sp.
a1a368766d3086975ef57dc0b394b05a,Eukaryota,TSAR_Alveolata_Apicomplexa,Gregarinomorphea,Eugregarinorida,Porosporidae,Porosporidae_X,Porosporidae_X_sp.
d941e6eb5d713bd5df587d7112aab310,Eukaryota,Obazoa_Opisthokonta_Fungi,Ascomycota,Pezizomycotina,Dothideomycetes,Cochliobolus,
ba6d61cacd2047c6adc5c341ea3f8eb3,Eukaryota,TSAR_Alveolata_Dinoflagellata,Dinophyceae,Dinophyceae_X,Dinophyceae_XX,Dinophyceae_XXX,Dinophyceae_XXX_sp.
9b20454f48d037cf7637cd2e58f9feec,Eukaryota,TSAR_Alveolata_Dinoflagellata,Dinophyceae,Dinophyceae_X,Dinophyceae_XX,Dinophyceae_XXX,Dinophyceae_XXX_sp.
ab1d70b7bc99c5daa3c3a65ccaeca540,Eukaryota,Haptista_Haptophyta_Haptophyta_X,Prymnesiophyceae,Prymnesiales,Chrysochromulinaceae,Chrysochromulina,Chrysochromulina_sp.
4770969cf4e1b380908255781e510e6b,Eukaryota,TSAR_Alveolata_Ciliophora,Spirotrichea,Choreotrichida,Leegaardiellidae,Leegaardiella,Leegaardiella_sp.
4c6faffc4eb9e40eea6e996cdf591fb2,Eukaryota,Haptista_Haptophyta_Haptophyta_X,Prymnesiophyceae,Prymnesiales,Chrysochromulinaceae,Chrysochromulina,Chrysochromulina_sp.
fbb919b6e2f28625ec368c59f8a63176,Eukaryota,TSAR_Alveolata_Dinoflagellata,Syndiniales,Dino-Group-II,Dino-Group-II-Clade-1,Dino-Group-II-Clade-1_X,Dino-Group-II-Clade-1_X_sp.
48b45e89bf8de0d32966c1b3a2d98a06,Eukaryota,TSAR_Alveolata_Dinoflagellata,Dinophyceae,Dinophyceae_X,Dinophyceae_XX,Dinophyceae_XXX,Dinophyceae_XXX_sp.
78a02e08a5d69a01c3dd8658ca59fd60,Eukaryota,TSAR_Alveolata_Dinoflagellata,Syndiniales,Dino-Group-II,Dino-Group-II-Clade-15,Dino-Group-II-Clade-15_X,Dino-Group-II-Clade-15_X_sp.
253a499111c0f8e1c6d356d9d50442a6,Eukaryota,Archaeplastida_Chlorophyta_Chlorophyta_X,Pyramimonadophyceae,Pyramimonadales,Pyramimonadaceae,Pyramimonas,
769cc9af6ee58abe98c318efb9e12110,Eukaryota,TSAR_Alveolata_Dinoflagellata,Syndiniales,Dino-Group-V,Dino-Group-V_X,Dino-Group-V_XX,Dino-Group-V_XX_sp.
da737915f2c99afc9a1d599c36fe892c,Eukaryota,TSAR_Stramenopiles_Gyrista,MOCH-2,MOCH-2_X,MOCH-2_XX,MOCH-2_XXX,MOCH-2_XXX_sp.
9d11d91ad30fe374acbbb0c577916ecd,Eukaryota,TSAR_Alveolata_Dinoflagellata,Syndiniales,Dino-Group-II,Dino-Group-II-Clade-6,Dino-Group-II-Clade-6_X,Dino-Group-II-Clade-6_X_sp.
4d4c7abf0ca87363cdc44488c496e08d,Eukaryota,TSAR_Alveolata_Dinoflagellata,,,,,
e79d289e2d24edb52615c634df5e2b8f,Eukaryota,TSAR_Stramenopiles_Gyrista,Chrysophyceae,Paraphysomonadales,Paraphysomonadaceae,Paraphysomonas,Paraphysomonas_sp.
d30b1860a01dfe0fed6cd1f0cfd81c4c,Eukaryota,TSAR_Stramenopiles_Bigyra,Sagenista,Sagenista_X,MAST-8,,
09a2615f431f63bfce21ffe86f7ad489,Eukaryota,TSAR_Rhizaria_Radiolaria,Polycystinea,Nassellaria,Nassellaria_1,Nassellaria_1_X,Nassellaria_1_X_sp.
011dbd1ce42c663ab5c14c48bf7b4393,Eukaryota,TSAR_Stramenopiles_Gyrista,Dictyochophyceae,Dictyochophyceae_X,Pedinellales,Pedinellales_X,Pedinellales_X_sp.
962868b6f08740fecb534c1bce1bb035,Eukaryota,TSAR_Alveolata_Dinoflagellata,Syndiniales,Dino-Group-I,Dino-Group-I-Clade-5,Dino-Group-I-Clade-5_X,Dino-Group-I-Clade-5_X_sp.
c0b37c539bf323038e41cd8478bac622,Eukaryota,TSAR_Rhizaria_Radiolaria,Polycystinea,Spumellaria,,,
02df8817ae04b9a7af29b08799720233,Eukaryota,TSAR_Alveolata_Dinoflagellata,Dinophyceae,Dinophyceae_X,Dinophyceae_XX,Dinophyceae_XXX,Dinophyceae_XXX_sp.
1b5907f0e80507edda95590ff7810068,Eukaryota,TSAR_Stramenopiles_Gyrista,Gyrista_X,Gyrista_XX,MAST-1,MAST-1C,MAST-1C_sp.
91f5543236f212aaa4051a1047d6133b,Eukaryota,TSAR_Alveolata_Ciliophora,Oligohymenophorea,Apostomatia,Opalinopsidae,Chromidina,Chromidina_sp.
bf604fe6a715c923473f21f8918bbd93,Eukaryota,Haptista_Haptophyta_Haptophyta_X,Prymnesiophyceae,Prymnesiales,Chrysochromulinaceae,Chrysochromulina,Chrysochromulina_sp.
25d91058245e47cb0d94a725dc1d3378,Eukaryota,TSAR_Alveolata_Dinoflagellata,Dinophyceae,Suessiales,Suessiaceae,,
8def5906590933bed46a999e3dfdf07b,Eukaryota,TSAR_Alveolata_Ciliophora,CONThreeP,CONThreeP_X,Discotrichidae,NASSO_1,NASSO_1_sp.
945b1da3c66019205b996a34bf787ba3,Eukaryota,TSAR_Alveolata_Dinoflagellata,Syndiniales,Dino-Group-II,Dino-Group-II-Clade-10-and-11,Dino-Group-II-Clade-10-and-11_X,Dino-Group-II-Clade-10-and-11_X_sp.
bec6e0ceb6f7f3254d8c5222467271b4,Eukaryota,TSAR_Alveolata_Dinoflagellata,Syndiniales,Dino-Group-II,Dino-Group-II_X,Dino-Group-II_XX,Dino-Group-II_XX_sp.
d2e9e22f675e778d542d04f14e4923c2,Eukaryota,Archaeplastida_Picozoa_Picozoa_subdivision_2,Picozoa_subdivision_2_X,Picozoa_subdivision_2_XX,Picozoa_subdivision_2_XXX,Picozoa_subdivision_2_XXXX,Picozoa_subdivision_2_XXXX_sp.
3fc52415f49a23d82b7fd7e283e8b56b,Eukaryota,__,,,,,
61f866ad70c07935b8f2c9c921d53834,Eukaryota,TSAR_Alveolata_Dinoflagellata,,,,,
4142e2c5c39f6163dd5c12a6692bd78d,Eukaryota,TSAR_Alveolata_Dinoflagellata,Dinophyceae,Dinophyceae_X,Dinophyceae_XX,Dinophyceae_XXX,Dinophyceae_XXX_sp.
b87e616f0d2d3c320bf5d120b1010ae6,Eukaryota,TSAR_Stramenopiles_Bigyra,Opalozoa,Nanomonadea,MAST-3,MAST-3I,MAST-3I_sp.
00c3f1fbc4569661dd45301d0aa54975,Eukaryota,TSAR_Alveolata_Dinoflagellata,Dinophyceae,,,,
646c0daf408aa9539c3328bedf3cded2,Eukaryota,TSAR_Stramenopiles_Bigyra,Sagenista,Sagenista_X,MAST-7,MAST-7D,MAST-7D_sp.
f42409c149c9eb0bf53bbac6f9d2f8d7,Eukaryota,Amoebozoa_Discosea_Discosea_X,Flabellinia,Dactylopodida,Paramoebidae,Neoparamoeba,Neoparamoeba_branchiphila
ba9cebce09829652f9e5d220b2458dcf,Eukaryota,TSAR_Alveolata_Dinoflagellata,Syndiniales,Dino-Group-III,Dino-Group-III_X,Dino-Group-III_XX,Dino-Group-III_XX_sp.
fcb157db1c13fe8638db184201ec1e33,Eukaryota,TSAR_Alveolata_Dinoflagellata,,,,,
61d519831539b520b1769b18fd611a84,Eukaryota,Excavata_Discoba_Euglenozoa,Kinetoplastea,Kinetoplastea_X,Kinetoplastea_XX,Kinetoplastea_XX_MET6,Kinetoplastea_XX_MET6_sp.
5bc84c0c55a05b9239bc292557033bd0,Eukaryota,TSAR_Rhizaria_Cercozoa,Filosa-Thecofilosea,Ventricleftida,Ventrifissuridae,Ventrifissura,Ventrifissura_oblonga
778819441e78fccd22bb10ceaa0cade4,Eukaryota,TSAR_Alveolata_Dinoflagellata,Dinophyceae,Suessiales,Suessiaceae,Pelagodinium,Pelagodinium_beii
e957cc4d2d36ffe2f318e034c8ba2c53,Eukaryota,TSAR_Alveolata_Dinoflagellata,Dinophyceae,Dinophyceae_X,Dinophyceae_XX,Dinophyceae_XXX,Dinophyceae_XXX_sp.
56187b69f9ba940c3404b80926abc5d8,Eukaryota,Excavata_Discoba_Euglenozoa,Diplonemea,Diplonemida,Eupelagonemidae,Eupelagonemidae_X,Eupelagonemidae_X_sp.
dfe26bbbad682615763fb60030b3d807,Eukaryota,TSAR_Alveolata_Apicomplexa,Gregarinomorphea,Eugregarinorida,Eugregarinorida_EUG3,Eugregarinorida_EUG3_X,Eugregarinorida_EUG3_X_sp.
cb73f9f1db37d6c41743c2867182dc35,Eukaryota,TSAR_Alveolata_Dinoflagellata,Syndiniales,Dino-Group-I,Dino-Group-I-Clade-3,Ichthyodinium,Ichthyodinium_chabelardi
8827c9bf7559a9cd19db9343fa9610bd,Eukaryota,TSAR_Alveolata_Dinoflagellata,Dinophyceae,Dinophyceae_X,Dinophyceae_XX,Dinophyceae_XXX,Dinophyceae_XXX_sp.
6e38e634d72fcd75e28eea0dfbd6a6ca,Eukaryota,TSAR_Alveolata_Dinoflagellata,Dinophyceae,,,,
cae1dc1d265d791732f1ece378672523,Eukaryota,TSAR_Alveolata_Dinoflagellata,Syndiniales,Dino-Group-I,Dino-Group-I-Clade-4,Dino-Group-I-Clade-4_X,Dino-Group-I-Clade-4_X_sp.
203fcf97f50e6823a308226da72b5528,Eukaryota,Obazoa_Opisthokonta_Choanoflagellata,Choanoflagellatea,Acanthoecida,Stephanoecidae_Group_D,Stephanoecidae_Group_D_X,Stephanoecidae_Group_D_X_sp.
0f96f4608ae249d792751a3e15ef19bd,Eukaryota,TSAR_Stramenopiles_Bigyra,Opalozoa,Nanomonadea,MAST-3,MAST-3E,MAST-3E_sp.
524bf105a2681ded4fd01e98d1997d84,Eukaryota,TSAR_Rhizaria_Radiolaria,Polycystinea,Nassellaria,Sphaerozoidae,,
bc92549c01763997628fa3bfdfd92cfe,Eukaryota,TSAR_Alveolata_Dinoflagellata,Dinophyceae,Dinophyceae_X,Dinophyceae_XX,Dinophyceae_XXX,Dinophyceae_XXX_sp.
ec3269af3f641ea619b4897fb23d73d0,Eukaryota,TSAR_Alveolata_Dinoflagellata,Syndiniales,Dino-Group-II,Dino-Group-II-Clade-12,Dino-Group-II-Clade-12_X,Dino-Group-II-Clade-12_X_sp.
a4a5ba238107220a67865be3aca5f089,Eukaryota,TSAR_Alveolata_Dinoflagellata,,,,,
c2f3bc218656cfc3b4fa7c8c8be9d35e,Eukaryota,TSAR_Alveolata_Dinoflagellata,Syndiniales,Dino-Group-II,Dino-Group-II-Clade-6,Dino-Group-II-Clade-6_X,Dino-Group-II-Clade-6_X_sp.
04549d3d37414f81e8e04841d6b23737,Eukaryota,Haptista_Haptophyta_Haptophyta_X,Prymnesiophyceae,Prymnesiales,Chrysochromulinaceae,Chrysochromulina,Chrysochromulina_sp.
5697b5d9fcce13b089370a0e73a4a07a,Eukaryota,TSAR_Alveolata_Dinoflagellata,Syndiniales,Dino-Group-II,,,
db354ddfe1e3cf5e8d9cc2754a34e590,Eukaryota,TSAR_Stramenopiles_Gyrista,Bacillariophyceae,Bacillariales,Bacillariaceae,Pseudo-nitzschia,Pseudo-nitzschia_cuspidata
a06166f245865420d2876d7246cd85af,Eukaryota,TSAR_Alveolata_Dinoflagellata,Dinophyceae,Dinophyceae_X,Dinophyceae_XX,Dinophyceae_XXX,Dinophyceae_XXX_sp.
b9252a7c11c269e48abee2ca1ea859af,Eukaryota,TSAR_Alveolata_Ciliophora,Oligohymenophorea,Apostomatia,Pseudocolliniidae,Fusiforma,Fusiforma_themisticola
6b82eb9a9e07ba92a01c608a3dcf2adb,Eukaryota,TSAR_Alveolata_Dinoflagellata,Syndiniales,Dino-Group-II,Dino-Group-II-Clade-10-and-11,Dino-Group-II-Clade-10-and-11_X,Dino-Group-II-Clade-10-and-11_X_sp.
60afcb70428a754479f6b13e798c38e7,Eukaryota,Excavata_Discoba_Euglenozoa,Diplonemea,Diplonemida,Eupelagonemidae,Eupelagonemidae_X,Eupelagonemidae_X_sp.
02cda425cd5c02881dfc2e5e04ecde93,Eukaryota,TSAR_Alveolata_Dinoflagellata,Dinophyceae,Dinophyceae_X,Dinophyceae_XX,Dinophyceae_XXX,Dinophyceae_XXX_sp.
31a61780c361f41d92e10990fdd3991a,Eukaryota,Haptista_Haptophyta_Haptophyta_X,Prymnesiophyceae,Prymnesiales,Chrysochromulinaceae,Chrysochromulina,Chrysochromulina_sp.
98e986343261ac76a11f5cbea677ec5e,Eukaryota,TSAR_Alveolata_Ciliophora,Spirotrichea,Oligotrichida,Strombidiidae,Strombidiidae_X,Strombidiidae_X_sp.
d8176028d68910933c07bdec40b5e8f5,Eukaryota,TSAR_Alveolata_Dinoflagellata,Syndiniales,Dino-Group-I,Dino-Group-I-Clade-4,Dino-Group-I-Clade-4_X,Dino-Group-I-Clade-4_X_sp.
64bf55f87135c2660632b25c7c03a8e3,Eukaryota,TSAR_Alveolata_Dinoflagellata,Dinophyceae,Peridiniales,Thoracosphaeraceae,Scrippsiella,
da23bcc0a86afb72c496ea16e8896084,Eukaryota,Archaeplastida_Chlorophyta_Chlorophyta_X,Pyramimonadophyceae,Pyramimonadales,Pterospermaceae,Pterosperma,Pterosperma_cristatum
daf33f66b8b69250676112a200da8c8b,Eukaryota,TSAR_Alveolata_Dinoflagellata,Syndiniales,Dino-Group-I,Dino-Group-I-Clade-5,Dino-Group-I-Clade-5_X,Dino-Group-I-Clade-5_X_sp.
231195cf3c6a822fff189b9a1fb9e6e6,Eukaryota,TSAR_Alveolata_Dinoflagellata,Syndiniales,Dino-Group-I,Dino-Group-I-Clade-4,Dino-Group-I-Clade-4_X,Dino-Group-I-Clade-4_X_sp.
2495a705dd4aa3191b9dc8e512aa54da,Eukaryota,Cryptista_Kathablepharidacea_Kathablepharida,Kathablepharidea,Kathablepharidida,Kathablepharidida_X,Leucocryptos,Leucocryptos_marina
71710deec3594891033b4393ba6692c2,Eukaryota,TSAR_Alveolata_Dinoflagellata,Syndiniales,Dino-Group-IV,Dino-Group-IV-Hematodinium-Group,Hematodinium,Hematodinium_sp.
c19a92d1e69e786e3c7dc9e87ebe8c01,Eukaryota,TSAR_Alveolata_Ciliophora,Spirotrichea,Choreotrichida-Tintinnina,Dictyocystidae,,
03c22fe54aa5db7ca96dfda954243114,Eukaryota,TSAR_Alveolata_Ciliophora,Spirotrichea,Choreotrichida-Tintinnina,Favellidae,Favella,Favella_campanula
01c8b56790b071d54843b85e304f72db,Eukaryota,TSAR_Stramenopiles_Gyrista,Chrysophyceae,Chrysophyceae_Clade-EC2H,Chrysophyceae_Clade-EC2H_X,Chrysophyceae_Clade-EC2H_XX,Chrysophyceae_Clade-EC2H_XX_sp.
1dcce138c8e8712d1dcda00a87473f2d,Eukaryota,TSAR_Alveolata_Dinoflagellata,Dinophyceae,Dinophyceae_X,Dinophyceae_XX,Dinophyceae_XXX,Dinophyceae_XXX_sp.
8ba79b21ed04ac816b387c8675c84363,Eukaryota,TSAR_Alveolata_Dinoflagellata,Syndiniales,Dino-Group-II,Dino-Group-II-Clade-1,Dino-Group-II-Clade-1_X,Dino-Group-II-Clade-1_X_sp.
796c1b96a66810756cd9bc4c1acf6e14,Eukaryota,TSAR_Alveolata_Ciliophora,Phyllopharyngea,Cyrtophoria_1,PHYLL_4,PHYLL_4_X,PHYLL_4_X_sp.
8118170ccfbad7040224fe29838c86f5,Eukaryota,TSAR_Alveolata_Dinoflagellata,Syndiniales,Dino-Group-I,Dino-Group-I-Clade-5,Dino-Group-I-Clade-5_X,Dino-Group-I-Clade-5_X_sp.
367e6e97130f63261db4a319def4c1ff,Eukaryota,TSAR_Alveolata_Dinoflagellata,Syndiniales,Dino-Group-II,Dino-Group-II-Clade-15,Dino-Group-II-Clade-15_X,Dino-Group-II-Clade-15_X_sp.
799d89afcc80a082fffa96e23974d247,Eukaryota,TSAR_Alveolata_Dinoflagellata,Syndiniales,Dino-Group-II,Dino-Group-II-Clade-1,Dino-Group-II-Clade-1_X,Dino-Group-II-Clade-1_X_sp.
3fa0e04f8dd434c5ddede541b1c43932,Eukaryota,TSAR_Alveolata_Dinoflagellata,Dinophyceae,Dinophyceae_X,Dinophyceae_XX,Dinophyceae_XXX,Dinophyceae_XXX_sp.
4a5f5e1619120644034b64bbbb9bd503,Eukaryota,TSAR_Alveolata_Dinoflagellata,Dinophyceae,Dinophyceae_X,Dinophyceae_XX,Dinophyceae_XXX,Dinophyceae_XXX_sp.
8cc248ff1a25142768cc12fcbe652800,Eukaryota,TSAR_Stramenopiles_Bigyra,Sagenista,Pseudophyllomitidae,MAST-6,MAST-6_X,MAST-6_X_sp.
230dcf8927a540506a9b7a8dbd1cee01,Eukaryota,Cryptista_Kathablepharidacea_Kathablepharida,Kathablepharidea,Kathablepharidida,Kathablepharidida_X,Kathablepharidida_XX,Kathablepharidida_XX_sp.
25a7ce4b83b7b0706e6f923b7df1a1d5,Eukaryota,TSAR_Rhizaria_Radiolaria,Polycystinea,Nassellaria,Acanthodesmidae,Amphispyris,Amphispyris_costata
643c6398639727bb44d819ebcf9026d4,Eukaryota,Haptista_Haptophyta_Haptophyta_X,Prymnesiophyceae,Prymnesiales,Chrysochromulinaceae,Chrysochromulina,Chrysochromulina_sp.
ee525a3f7ebe081995cc7689d57420cf,Eukaryota,Archaeplastida_Chlorophyta_Chlorophyta_X,Pyramimonadophyceae,Pyramimonadales,Pyramimonadaceae,Pyramimonas,
381da84474b3ef7c75f889eb00cc3513,Eukaryota,TSAR_Alveolata_Apicomplexa,Gregarinomorphea,Eugregarinorida,Porosporidae,Porosporidae_X,Porosporidae_X_sp.
79b48a737a9dc2fc8586147f1d3eb3af,Eukaryota,TSAR_Alveolata_Dinoflagellata,Syndiniales,Dino-Group-II,Dino-Group-II-Clade-10-and-11,Dino-Group-II-Clade-10-and-11_X,Dino-Group-II-Clade-10-and-11_X_sp.
ff20c5a311d2b28ce51bb1d7e150bac4,Eukaryota,Obazoa_Opisthokonta_Fungi,Ascomycota,Pezizomycotina,Dothideomycetes,,
a638b565cf019ead5ef6c1a098c4535e,Eukaryota,TSAR_Rhizaria_Radiolaria,Acantharea,Acantharea_2,Acantharea_2b,Acantharea_2b_X,Acantharea_2b_X_sp.
e889a07ab1e0279ac27ab6bbae77e793,Eukaryota,TSAR_Stramenopiles_Gyrista,Mediophyceae,Chaetocerotales,Chaetocerotaceae,Chaetoceros,Chaetoceros_protuberans
fa474771ee7480edc08010c2e1760cd2,Eukaryota,TSAR_Alveolata_Dinoflagellata,Noctilucophyceae,Noctilucales,Noctilucaceae,Noctiluca,Noctiluca_scintillans
52940f8fdc17f8c90f4c293b88fb6184,Eukaryota,TSAR_Alveolata_Dinoflagellata,Syndiniales,Dino-Group-II,Dino-Group-II-Clade-22,Dino-Group-II-Clade-22_X,Dino-Group-II-Clade-22_X_sp.
ea5fa262a91bba77636b1fffc7835b33,Eukaryota,TSAR_Alveolata_Dinoflagellata,Dinophyceae,Dinophyceae_X,Dinophyceae_XX,Dinophyceae_XXX,Dinophyceae_XXX_sp.
a5f569b5c004504c5c9388db41354cc3,Eukaryota,TSAR_Alveolata_Dinoflagellata,Dinophyceae,Dinophyceae_X,Dinophyceae_XX,Dinophyceae_XXX,Dinophyceae_XXX_sp.
e82a1e4a5c71a69fa4aa8aef10103d08,Eukaryota,TSAR_Alveolata_Dinoflagellata,Syndiniales,Dino-Group-II,Dino-Group-II-Clade-3,Dino-Group-II-Clade-3_X,Dino-Group-II-Clade-3_X_sp.
bea49e10bf2a252f334c8423082a7051,Eukaryota,TSAR_Alveolata_Dinoflagellata,Syndiniales,Dino-Group-V,Dino-Group-V_X,Dino-Group-V_XX,Dino-Group-V_XX_sp.
49c5c111bfb4496a1027b5ae63673fca,Eukaryota,TSAR_Alveolata_Ciliophora,Ciliophora_X,Ciliophora_XX,Ciliophora_XXX,Cyclotrichium,Cyclotrichium_cyclokaryon
b03a148f825d314ded980117ca08684f,Eukaryota,TSAR_Rhizaria_Radiolaria,Polycystinea,Nassellaria,Triospyrididae,Ceratospyris,Ceratospyris_hyperborea
b31abc5cc101f0bfc0bbbc5a444f3509,Eukaryota,TSAR_Alveolata_Dinoflagellata,Dinophyceae,Dinophyceae_X,Dinophyceae_XX,Dinophyceae_XXX,Dinophyceae_XXX_sp.
ab6c18c68c2ce671db43d12c579e638b,Eukaryota,TSAR_Alveolata_Ciliophora,Spirotrichea,Oligotrichida,Strombidiidae,Strombidiidae_X,Strombidiidae_X_sp.
8f80997a29aa349f54274675badb70a5,Eukaryota,TSAR_Alveolata_Dinoflagellata,Syndiniales,Dino-Group-II,Dino-Group-II-Clade-10-and-11,Dino-Group-II-Clade-10-and-11_X,Dino-Group-II-Clade-10-and-11_X_sp.
144826c325cddba77cdcb5ecee8f733d,Eukaryota,TSAR_Alveolata_Dinoflagellata,Dinophyceae,Dinophyceae_X,Dinophyceae_XX,Dinophyceae_XXX,Dinophyceae_XXX_sp.
4aaabacea06b49bd5a280b15b1b3e71b,Eukaryota,Obazoa_Opisthokonta_Choanoflagellata,Choanoflagellatea,Acanthoecida,Acanthoecidae_Group_G,Calliacantha,Calliacantha_natans
5fb1bfe3653c2006afaa0503d13d2e57,Eukaryota,TSAR_Alveolata_Dinoflagellata,Syndiniales,Dino-Group-II,Dino-Group-II-Clade-6,Dino-Group-II-Clade-6_X,Dino-Group-II-Clade-6_X_sp.
47651a4500bcaa281c29e6e792ef81c8,Eukaryota,TSAR_Alveolata_Dinoflagellata,Dinophyceae,,,,
10904b3ac59ed653ead42e18f5d33e50,Eukaryota,TSAR_Rhizaria_Radiolaria,Polycystinea,Spumellaria,Astrosphaeridae,Heliosphaera,Heliosphaera_sp.
8fb71c56f8e832b2caa0ff93569c1df1,Eukaryota,Haptista_Haptophyta_Haptophyta_X,Prymnesiophyceae,Prymnesiales,Prymnesiaceae,,
5e75387417ca9e71fa5bef74aef47b3a,Eukaryota,TSAR_Alveolata_Dinoflagellata,Syndiniales,Dino-Group-II,Dino-Group-II-Clade-4,,
df60d6fb9ee55b42e8eb10b15444114d,Eukaryota,TSAR_Alveolata_Dinoflagellata,Syndiniales,Dino-Group-II,Dino-Group-II-Clade-10-and-11,Dino-Group-II-Clade-10-and-11_X,Dino-Group-II-Clade-10-and-11_X_sp.
362035bef5bf346d93c42358f504c2ba,Eukaryota,TSAR_Alveolata_Dinoflagellata,Dinophyceae,,,,
1ce7d862e8ee77fb655a392eb6bd1783,Eukaryota,Obazoa_Opisthokonta_Fungi,Basidiomycota,Agaricomycotina,Agaricomycetes,,
035881d092a6ef3daa59fcdbdcc8a127,Eukaryota,TSAR_Telonemia_Telonemia_X,Telonemia_XX,Telonemia_XXX,Telonemia-Group-1,Telonemia-Group-1_X,Telonemia-Group-1_X_sp.
3baf5f11ff93be124eefa94320705368,Eukaryota,TSAR_Alveolata_Dinoflagellata,Dinophyceae,Dinophyceae_X,Dinophyceae_XX,Dinophyceae_XXX,Dinophyceae_XXX_sp.
c07054378484dc1f8a01ef58e50272ce,Eukaryota,TSAR_Alveolata_Dinoflagellata,Syndiniales,Dino-Group-II,Dino-Group-II-Clade-7,Dino-Group-II-Clade-7_X,Dino-Group-II-Clade-7_X_sp.
f20568bd1646f6bb4531fc001237cae7,Eukaryota,TSAR_Alveolata_Dinoflagellata,Dinophyceae,,,,
2a072c414ef9b223e1ebb38e529864b2,Eukaryota,TSAR_Stramenopiles_Bigyra,Sagenista,Labyrinthulomycetes,Labyrinthulaceae,Labyrinthulaceae_ANT10_3,Labyrinthulaceae_ANT10_3_sp.
c72293649afba4751921ab2c52f820fc,Eukaryota,TSAR_Alveolata_Dinoflagellata,Syndiniales,Dino-Group-II,,,
f2d3046fbe4d558e8110c582156ab9de,Eukaryota,TSAR_Alveolata_Ciliophora,CONThreeP,CONThreeP_X,Discotrichidae,NASSO_1,NASSO_1_sp.
0c3fcaeb588a05bd73ff1697802e42c9,Eukaryota,TSAR_Alveolata_Dinoflagellata,Syndiniales,Dino-Group-I,Dino-Group-I-Clade-3,Dino-Group-I-Clade-3_X,Dino-Group-I-Clade-3_X_sp.
38c29360305748ed5707b57c118ffa34,Eukaryota,TSAR_Alveolata_Dinoflagellata,Syndiniales,Dino-Group-II,Dino-Group-II-Clade-7,Dino-Group-II-Clade-7_X,Dino-Group-II-Clade-7_X_sp.
c7e43ad825d307eeedaf6abb0df43f47,Eukaryota,TSAR_Alveolata_Dinoflagellata,Dinophyceae,,,,
855da7193407732e4afabfce9b859ef4,Eukaryota,TSAR_Alveolata_Dinoflagellata,Syndiniales,Dino-Group-I,Dino-Group-I-Clade-6,Dino-Group-I-Clade-6_X,Dino-Group-I-Clade-6_X_sp.
24847d79568abece8d66ff1b6968244b,Eukaryota,TSAR_Rhizaria_Radiolaria,Polycystinea,Spumellaria,Pyloniidae,,
3c8446c8b66a1fb25481f606a6172582,Eukaryota,TSAR_Alveolata_Dinoflagellata,,,,,
6a89be89aae3d81d80d42978141a49b9,Eukaryota,TSAR_Rhizaria_Radiolaria,Polycystinea,Spumellaria,Spumellaria_1,Spumellaria_1_X,Spumellaria_1_X_sp.
be5bc0e408946024744f2597350f686b,Eukaryota,TSAR_Alveolata_Dinoflagellata,,,,,
73009c4ae633b8a1efee6840f0c648ed,Eukaryota,TSAR_Alveolata_Dinoflagellata,Dinophyceae,Gonyaulacales,Pyrophacaceae,Fragilidium,
3bdbe80801291a045629c8f0e496d0d0,Eukaryota,Archaeplastida_Chlorophyta_Chlorophyta_X,Mamiellophyceae,Mamiellales,Bathycoccaceae,Ostreococcus,Ostreococcus_clade_B
5210277797a3e8dafa11ac67d82c5614,Eukaryota,TSAR_Alveolata_Dinoflagellata,Dinophyceae,Dinophyceae_X,Dinophyceae_XX,Dinophyceae_XXX,Dinophyceae_XXX_sp.
53689aa762b3b1c2ec3354349a256f63,Eukaryota,TSAR_Rhizaria_Cercozoa,Filosa-Thecofilosea,Cryomonadida,Cryothecomonas-lineage,Cryothecomonas,Cryothecomonas_aestivalis
6bfdee0e7fc4a660f22a1f4f73ea22ef,Eukaryota,TSAR_Alveolata_Dinoflagellata,Syndiniales,Dino-Group-II,Dino-Group-II-Clade-5,Dino-Group-II-Clade-5_X,Dino-Group-II-Clade-5_X_sp.
e58b3ef69b5d2a2c4ead85fcc287ac22,Eukaryota,TSAR_Stramenopiles_Bigyra,Opalozoa,Nanomonadea,MAST-3,MAST-3E,MAST-3E_sp.
8323a85f817fec033fdfac5888b74c57,Eukaryota,TSAR_Alveolata_Dinoflagellata,Dinophyceae,,,,
ca3e4c4ba88aa9a49a09c4d3ed5e3c70,Eukaryota,TSAR_Stramenopiles_Gyrista,Mediophyceae,Chaetocerotales,Chaetocerotaceae,Chaetoceros,
dee317cd77f261d89b72f2a3ff834b1f,Eukaryota,TSAR_Stramenopiles_Gyrista,MOCH-2,MOCH-2_X,MOCH-2_XX,MOCH-2_XXX,MOCH-2_XXX_sp.
f125e11c2cd4eb325c2a496c89e96a10,Eukaryota,TSAR_Alveolata_Dinoflagellata,Dinophyceae,,,,
90c882be7f8db5909da1fe0b4e418366,Eukaryota,Obazoa_Opisthokonta_Fungi,Basidiomycota,Wallemiomycetes,Wallemiales,Wallemia,Wallemia_sebi
d8edf609543f54931d29f4cbe74f6ec2,Eukaryota,TSAR_Alveolata_Dinoflagellata,Syndiniales,Dino-Group-I,Dino-Group-I_X,Dino-Group-I_XX,Dino-Group-I_XX_sp.
7a4cabdbce51bedd6a1644babffba608,Eukaryota,TSAR_Alveolata_Ciliophora,Spirotrichea,Choreotrichida-Tintinnina,Xystonellidae,Parafavella,
8902ae32c7461fcce94c63ed80584b59,Eukaryota,TSAR_Alveolata_Dinoflagellata,Dinophyceae,Torodiniales,Torodiniaceae,Torodinium,Torodinium_teredo
ee59d51aa10b68a1bb268eb1231e2d0a,Eukaryota,TSAR_Alveolata_Ciliophora,Spirotrichea,Choreotrichida-Tintinnina,Eutintinnidae,Eutintinnus,Eutintinnus_tenuis
f4f27db3355ae6619ff5a5ec49baccd9,Eukaryota,TSAR_Alveolata_Dinoflagellata,Syndiniales,Dino-Group-II,,,
e79d34cd8306856fda0f9bceb46be389,Eukaryota,TSAR_Alveolata_Dinoflagellata,Syndiniales,Dino-Group-II,Dino-Group-II-Clade-7,Dino-Group-II-Clade-7_X,Dino-Group-II-Clade-7_X_sp.
ed3e3eef54c09da002b9f4e477c3edf1,Eukaryota,Excavata_Discoba_Euglenozoa,Diplonemea,Diplonemida,Eupelagonemidae,Eupelagonemidae_X,Eupelagonemidae_X_sp.
5f8a282303590e98323caf731115671b,Eukaryota,TSAR_Rhizaria_Radiolaria,Acantharea,Acantharea_F,Acantharea_F3,Acanthometra,Acanthometra_sp.
2480ffe3b508af4ec550005178740bd1,Eukaryota,TSAR_Rhizaria_Radiolaria,Polycystinea,Nassellaria,Triospyrididae,Ceratospyris,Ceratospyris_hyperborea
5a8b610bc5d2ef6bf6b89c3001ea826f,Eukaryota,TSAR_Alveolata_Dinoflagellata,Dinophyceae,Gonyaulacales,Ceratiaceae,Tripos,
22220b749075be906bfb17b856448358,Eukaryota,TSAR_Alveolata_Dinoflagellata,Dinophyceae,Dinophyceae_X,Dinophyceae_XX,Dinophyceae_XXX,Dinophyceae_XXX_sp.
341972a167a0a99a088006fce14b0779,Eukaryota,Haptista_Haptophyta_Haptophyta_X,Prymnesiophyceae,Prymnesiales,Chrysochromulinaceae,Chrysochromulina,Chrysochromulina_sp.
7bc8296e4e29bd8e192ae10be887c07d,Eukaryota,TSAR_Alveolata_Dinoflagellata,Dinophyceae,Prorocentrales,Prorocentraceae,Prorocentrum,
aa30c7f2a51f607db25a9630af5a8ce7,Eukaryota,TSAR_Alveolata_Dinoflagellata,Syndiniales,Dino-Group-II,Dino-Group-II-Clade-10-and-11,Dino-Group-II-Clade-10-and-11_X,Dino-Group-II-Clade-10-and-11_X_sp.
d11cd10295603d477f296535754d844a,Eukaryota,TSAR_Alveolata_Dinoflagellata,Dinophyceae,Dinophyceae_X,Dinophyceae_XX,Dinophyceae_XXX,Dinophyceae_XXX_sp.
0d08665fe062a47f093260283a300059,Eukaryota,TSAR_Stramenopiles_Gyrista,Dictyochophyceae,Dictyochophyceae_X,Florenciellales,Florenciellales_X,Florenciellales_X_sp.
a344205932dbf026093dce326086f1d9,Eukaryota,TSAR_Alveolata_Dinoflagellata,Syndiniales,Dino-Group-II,,,
b4102736e84610e6091f63d5a0cb67e0,Eukaryota,TSAR_Alveolata_Dinoflagellata,Syndiniales,Dino-Group-II,Dino-Group-II-Clade-1,Dino-Group-II-Clade-1_X,Dino-Group-II-Clade-1_X_sp.
2b65338e219ee757e9a3c97713682498,Eukaryota,TSAR_Rhizaria_Radiolaria,Polycystinea,Spumellaria,Hexalonchidae,Stigmostylus,Stigmostylus_ferrusi
50e4bbcc94da2990c11518ecdc694df1,Eukaryota,TSAR_Stramenopiles_Bigyra,Sagenista,Labyrinthulomycetes,Labyrinthulomycetes_LAB12,Labyrinthulomycetes_LAB12_X,Labyrinthulomycetes_LAB12_X_sp.
5c67b63b2f8044e279c9a1828ad4d3f0,Eukaryota,TSAR__,,,,,
3dc66ca218ce82d9da6be163ff2905e8,Eukaryota,TSAR_Stramenopiles_Gyrista,Bacillariophyceae,Bacillariophyceae_X,Bacillariophyceae_XX,Bacillariophyceae_XXX,Bacillariophyceae_XXX_sp.
a858861f88a83bd0d4f4e1430bc59719,Eukaryota,TSAR_Rhizaria_Cercozoa,Filosa-Thecofilosea,Ventricleftida,Ventrifissuridae,Ventrifissuridae_X,Ventrifissuridae_X_sp.
04bee1217e3931d033977050edc610dd,Eukaryota,TSAR_Alveolata_Dinoflagellata,Syndiniales,Dino-Group-I,Dino-Group-I-Clade-3,Dino-Group-I-Clade-3_X,Dino-Group-I-Clade-3_X_sp.
62fa3d6c2d091f965bdc9530fad534c6,Eukaryota,TSAR_Alveolata_Dinoflagellata,Syndiniales,Dino-Group-II,Dino-Group-II-Clade-5,Dino-Group-II-Clade-5_X,Dino-Group-II-Clade-5_X_sp.
04241907bd9451b8e88f8a5159176629,Eukaryota,TSAR_Alveolata_Dinoflagellata,Syndiniales,Dino-Group-II,Dino-Group-II-Clade-1,Dino-Group-II-Clade-1_X,Dino-Group-II-Clade-1_X_sp.
eda0c04cac72b7c69a806292b3a2f317,Eukaryota,TSAR_Alveolata_Dinoflagellata,Syndiniales,Dino-Group-II,Dino-Group-II-Clade-9,Dino-Group-II-Clade-9_X,Dino-Group-II-Clade-9_X_sp.
1ecdd4a310349bfa913002ab5bf34ce4,Eukaryota,TSAR_Alveolata_Dinoflagellata,Dinophyceae,Dinophyceae_X,Dinophyceae_XX,Dinophyceae_XXX,Dinophyceae_XXX_sp.
33c00444ed217fbd7df3cf3eeebd1837,Eukaryota,TSAR_Rhizaria_Cercozoa,Filosa-Imbricatea,Marimonadida,Marimonadida_X,Marimonadida_XX,Marimonadida_XX_sp.
9db15c18d6f5d642b6e83e4c770ec2d6,Eukaryota,TSAR_Alveolata_Dinoflagellata,Syndiniales,Dino-Group-II,Dino-Group-II-Clade-26,Dino-Group-II-Clade-26_X,Dino-Group-II-Clade-26_X_sp.
9fcdfda8c594754838d45b96c4f23b76,Eukaryota,TSAR_Alveolata_Dinoflagellata,Dinophyceae,Dinophyceae_X,Dinophyceae_XX,Dinophyceae_XXX,Dinophyceae_XXX_sp.
8b224e05f4a45036649b956041c34048,Eukaryota,TSAR_Alveolata_Dinoflagellata,Syndiniales,Dino-Group-II,Dino-Group-II-Clade-21,Dino-Group-II-Clade-21_X,Dino-Group-II-Clade-21_X_sp.
61656a2b8363ebe69872ba2e07f448ab,Eukaryota,TSAR_Stramenopiles_Bigyra,Sagenista,Sagenista_X,MAST-7,MAST-7A,MAST-7A_sp.
c48ec4bb8f61f4e1cf7965d562bb7378,Eukaryota,Obazoa_Opisthokonta_Fungi,Ascomycota,Pezizomycotina,Eurotiomycetes,Eurotiomycetes_X,Eurotiomycetes_X_sp.
4e682f302a77f4c92107cae06b8c16fd,Eukaryota,TSAR_Alveolata_Dinoflagellata,Dinophyceae,Gymnodiniales,,,
b4d15aaf16ec8ebb29f489b9eb8034ad,Eukaryota,TSAR_Alveolata_Dinoflagellata,Dinophyceae,Dinophyceae_X,Dinophyceae_XX,Dinophyceae_XXX,Dinophyceae_XXX_sp.
676ffc9eb04930e4b0e8a3a952935814,Eukaryota,Archaeplastida_Streptophyta_Streptophyta_X,Embryophyceae,Embryophyceae_X,Embryophyceae_XX,,
d1cc3540bfa1cf46e406732f18e0ee19,Eukaryota,TSAR_Alveolata_Dinoflagellata,Syndiniales,Dino-Group-I,Dino-Group-I-Clade-4,Dino-Group-I-Clade-4_X,Dino-Group-I-Clade-4_X_sp.
3f24650c5b2309a61685782b35563be6,Eukaryota,TSAR_Alveolata_Dinoflagellata,Syndiniales,Dino-Group-II,Dino-Group-II-Clade-7,Dino-Group-II-Clade-7_X,Dino-Group-II-Clade-7_X_sp.
a6abf554aa67bd7fb49b92e9bda47184,Eukaryota,TSAR_Stramenopiles_Gyrista,Pelagophyceae,Pelagomonadales,Pelagomonadaceae,Pelagococcus,Pelagococcus_subviridis
c230abd03e7659e75de163132054bce4,Eukaryota,TSAR_Alveolata_Dinoflagellata,Syndiniales,Dino-Group-I,Dino-Group-I-Clade-5,Dino-Group-I-Clade-5_X,Dino-Group-I-Clade-5_X_sp.
ef1af98845dd7cb54fe47b2ad930f26b,Eukaryota,TSAR_Rhizaria_Cercozoa,Filosa-Thecofilosea,Ventricleftida,CCW10-lineage,CCW10-lineage_X,CCW10-lineage_X_sp.
dfa7ee3dfb7781703a0b2d773b8646c1,Eukaryota,TSAR_Alveolata_Dinoflagellata,Syndiniales,Dino-Group-IV,Dino-Group-IV-Hematodinium-Group,Hematodinium,Hematodinium_sp.
5ffc60f4d4241c96a3cb9e46b08455a1,Eukaryota,TSAR_Alveolata_Dinoflagellata,Syndiniales,Dino-Group-I,Dino-Group-I-Clade-5,Dino-Group-I-Clade-5_X,Dino-Group-I-Clade-5_X_sp.
6214c2a281110b509ebb693050c15fa3,Eukaryota,TSAR_Alveolata_Dinoflagellata,Syndiniales,Dino-Group-I,Dino-Group-I-Clade-5,Dino-Group-I-Clade-5_X,Dino-Group-I-Clade-5_X_sp.
f490e81fa1c39bb2108ee2cf38f70d97,Eukaryota,TSAR_Rhizaria_Radiolaria,Acantharea,Acantharea_2,Acantharea_2b,Acantharea_2b_X,Acantharea_2b_X_sp.
10bb93eac40420cf4a6bd16b6deb5a5c,Eukaryota,TSAR_Stramenopiles_Gyrista,Mediophyceae,Thalassiosirales,Thalassiosiraceae,Thalassiosira,Thalassiosira_pseudonana
30f4e8da78c554dd24444ad4dded7e6c,Eukaryota,Archaeplastida_Chlorophyta_Chlorophyta_X,Chloropicophyceae,Chloropicales,Chloropicaceae,Chloropicon,Chloropicon_sp.
a8195172843477e8620f38b2b651fb27,Eukaryota,TSAR_Alveolata_Dinoflagellata,Syndiniales,Dino-Group-I,Dino-Group-I-Clade-6,Dino-Group-I-Clade-6_X,Dino-Group-I-Clade-6_X_sp.
f855698a409ded838cc0343b90799db3,Eukaryota,TSAR_Alveolata_Dinoflagellata,Syndiniales,Dino-Group-I,Dino-Group-I-Clade-5,Dino-Group-I-Clade-5_X,Dino-Group-I-Clade-5_X_sp.
e4e5694c315016a8aa46dcd475a576cb,Eukaryota,TSAR_Alveolata_Apicomplexa,Gregarinomorphea,Eugregarinorida,Cephaloidophoridae,Cephaloidophora,Cephaloidophora_sp.
99eace510726d4e179d3a80658df71d5,Eukaryota,Haptista_Haptophyta_Haptophyta_X,Prymnesiophyceae,Prymnesiales,Prymnesiaceae,Prymnesium,Prymnesium_parvum
dfd343a6192ac1a50ef98e2ac47fe580,Eukaryota,TSAR_Alveolata_Dinoflagellata,Syndiniales,Dino-Group-II,,,
7721cd25865d7c2d4d6bd1b615a96ec7,Eukaryota,TSAR_Alveolata_Dinoflagellata,Dinophyceae,,,,
08e445e2406587ec792b709d555b86a4,Eukaryota,Cryptista_Kathablepharidacea_Kathablepharida,Kathablepharidea,Kathablepharidida,Kathablepharidida_X,Kathablepharidida_XX,Kathablepharidida_XX_sp.
254a0692b4250c4fe5b0f8fa03228715,Eukaryota,TSAR_Rhizaria_Cercozoa,Filosa-Imbricatea,Filosa-Imbricatea_X,Filosa-Imbricatea_XX,Filosa-Imbricatea_XXX,Filosa-Imbricatea_XXX_sp.
a0ea94460f6d7e557244cd3ebc5a64e0,Eukaryota,TSAR_Alveolata_Dinoflagellata,Syndiniales,Dino-Group-I,Dino-Group-I-Clade-1,Dino-Group-I-Clade-1_X,Dino-Group-I-Clade-1_X_sp.
69089134576738a4500cb0785186602a,Eukaryota,TSAR_Alveolata_Alveolata_X,Ellobiopsidae,Ellobiopsidae_X,Ellobiopsidae_XX,Thalassomyces,Thalassomyces_sp.
fce568aead7c218bc5fbeef380b53356,Eukaryota,TSAR_Alveolata_Ciliophora,Spirotrichea,Choreotrichida,,,
5ba4b67647e39955f83258329aa94aa4,Eukaryota,TSAR_Stramenopiles_Bigyra,Opalozoa,Nanomonadea,MAST-3,MAST-3I,MAST-3I_sp.
6a248068260f28dffebc032e3de4dcab,Eukaryota,TSAR_Stramenopiles_Gyrista,Gyrista_X,Gyrista_XX,MAST-1,MAST-1C,MAST-1C_sp.
a2240773c0ad35cd5ef5fadd99591da9,Eukaryota,TSAR_Telonemia_Telonemia_X,Telonemia_XX,Telonemia_XXX,Telonemia-Group-2,Telonemia-Group-2_X,Telonemia-Group-2_X_sp.
1ddd4eb4260c5b362d50df2f8e60783d,Eukaryota,TSAR_Rhizaria_Radiolaria,Polycystinea,Nassellaria,Lychnocaniidae,Pterocanium,
52f23f653d7377286fe2fab0bc49c242,Eukaryota,TSAR_Rhizaria_Radiolaria,Polycystinea,Spumellaria,Spumellaria_3,Spumellaria_3_X,Spumellaria_3_X_sp.
73f7dce3ac2a55565d09f30d13313918,Eukaryota,TSAR_Alveolata_Dinoflagellata,Syndiniales,Dino-Group-II,Dino-Group-II-Clade-10-and-11,Dino-Group-II-Clade-10-and-11_X,Dino-Group-II-Clade-10-and-11_X_sp.
0700367fc45a70a344cfbf53336baa52,Eukaryota,TSAR_Rhizaria_Radiolaria,RAD-B,RAD-B_X,RAD-B_X_Group-Ib,RAD-B_X_Group-Ib_X,RAD-B_X_Group-Ib_X_sp.
109577999c9cfa2d530b1b1eed616385,Eukaryota,TSAR_Alveolata_Dinoflagellata,Syndiniales,Dino-Group-II,Dino-Group-II-Clade-20,Dino-Group-II-Clade-20_X,Dino-Group-II-Clade-20_X_sp.
49903ec0370ba0dfc2d898083d6371c4,Eukaryota,Archaeplastida_Chlorophyta_Chlorophyta_X,Pyramimonadophyceae,Pyramimonadales,Pyramimonadaceae,Pyramimonas,Pyramimonas_sp.
7524de8b331f101626ce29b6c25d3065,Eukaryota,TSAR_Alveolata_Dinoflagellata,Dinophyceae,Dinophyceae_X,Dinophyceae_XX,Dinophyceae_XXX,Dinophyceae_XXX_sp.
9ddd6127fcb4542128bfe6cc73c6fe2b,Eukaryota,TSAR_Alveolata_Dinoflagellata,Syndiniales,Dino-Group-I,Dino-Group-I-Clade-1,Dino-Group-I-Clade-1_X,Dino-Group-I-Clade-1_X_sp.
b4cd6e24239520c7467b2edf85e293d9,Eukaryota,TSAR_Alveolata_Dinoflagellata,Dinophyceae,Dinophyceae_X,Dinophyceae_XX,Dinophyceae_XXX,Dinophyceae_XXX_sp.
e0e44ddc58ba0c6e0fc026884dc32cf4,Eukaryota,TSAR_Alveolata_Dinoflagellata,Syndiniales,Dino-Group-II,Dino-Group-II-Clade-10-and-11,Dino-Group-II-Clade-10-and-11_X,Dino-Group-II-Clade-10-and-11_X_sp.
f620fb157888d3f63c9753c964db8d0f,Eukaryota,TSAR_Alveolata_Dinoflagellata,Syndiniales,Dino-Group-II,,,
2543613a64925a8f1e3c05b9845cae21,Eukaryota,TSAR_Alveolata_Dinoflagellata,Syndiniales,Dino-Group-II,Dino-Group-II-Clade-10-and-11,Dino-Group-II-Clade-10-and-11_X,Dino-Group-II-Clade-10-and-11_X_sp.
90988217af211f666016424e0f072f86,Eukaryota,TSAR_Alveolata_Dinoflagellata,Syndiniales,,,,
b2a6248eb7520aae4576263661a2cd49,Eukaryota,TSAR_Stramenopiles_Bigyra,Opalozoa,Nanomonadea,MAST-3,MAST-3E,MAST-3E_sp.
d90249a227575c1890db8de5c5112207,Eukaryota,TSAR_Alveolata_Dinoflagellata,Syndiniales,Dino-Group-II,Dino-Group-II-Clade-10-and-11,Dino-Group-II-Clade-10-and-11_X,Dino-Group-II-Clade-10-and-11_X_sp.
18ef607af784112e342aa0646da32a77,Eukaryota,Haptista_Haptophyta_Haptophyta_X,Prymnesiophyceae,Prymnesiales,Prymnesiaceae,,
41d6ddbd64f7212e5d3c217b60955a34,Eukaryota,Archaeplastida_Chlorophyta_Chlorophyta_X,Trebouxiophyceae,Chlorellales,Chlorellales_X,Picochlorum,Picochlorum_sp.
5e64615e4c8051dd4115d24fbe6a79bd,Eukaryota,TSAR_Stramenopiles_Stramenopiles_X,Stramenopiles_XX,Stramenopiles_XXX,Stramenopiles_XXXX,Stramenopiles_XXXXX,Stramenopiles_XXXXX_sp.
10e8c2b0c8aa46ed1057629840929e72,Eukaryota,Haptista_Centroplasthelida_Centroplasthelida_X,Pterocystida,Pterocystida_X,Pterocystida_XX,Pterocystida_XXX,Pterocystida_XXX_sp.
47ba4a66749286731713b6391f869660,Eukaryota,TSAR_Alveolata_Dinoflagellata,Syndiniales,Dino-Group-I,Dino-Group-I-Clade-8,Dino-Group-I-Clade-8_X,Dino-Group-I-Clade-8_X_sp.
789ec5169fb17e04657ad598db9ea228,Eukaryota,TSAR_Stramenopiles_Bigyra,Opalozoa,Nanomonadea,MAST-3,MAST-3I,MAST-3I_sp.
bcb766e39b78fee7e3c1fb1b1376b7ab,Eukaryota,TSAR_Alveolata_Dinoflagellata,Syndiniales,Dino-Group-II,Dino-Group-II-Clade-10-and-11,Dino-Group-II-Clade-10-and-11_X,Dino-Group-II-Clade-10-and-11_X_sp.
f25fff110e52ec2650e115824afe86b0,Eukaryota,Obazoa_Opisthokonta_Fungi,Chytridiomycota,Chytridiales,Chytridiales_X,Chytridiales_XX,Chytridiales_XX_sp.
7da5801139fda5cae7d293111c72a91f,Eukaryota,TSAR_Rhizaria_Cercozoa,Filosa-Granofilosea,Massiterida,Massiteriidae,Massisteria,Massisteria_sp.
bf5b7205c212daab815552f176b07ad2,Eukaryota,Haptista_Haptophyta_Haptophyta_X,Prymnesiophyceae,Coccolithales,Hymenomonadaceae,,
0516e4be20fc9b7975afd2a9d2c62563,Eukaryota,Archaeplastida_Chlorophyta_Chlorophyta_X,Chlorodendrophyceae,Chlorodendrales,Chlorodendraceae,Tetraselmis,Tetraselmis_sp.
dd453af6548fb0be5bc2240eacc481b5,Eukaryota,Obazoa_Opisthokonta_Fungi,Ascomycota,Saccharomycotina,Saccharomycetales,Candida,
203ccfe1a2e66b87899d5d858cf62d38,Eukaryota,TSAR_Alveolata_Dinoflagellata,Syndiniales,Dino-Group-II,Dino-Group-II-Clade-1,Dino-Group-II-Clade-1_X,Dino-Group-II-Clade-1_X_sp.
3633e5485f84242abb98d14d6f04517b,Eukaryota,Haptista_Haptophyta_Haptophyta_X,Prymnesiophyceae,Prymnesiales,Prymnesiaceae,,
c38dc1fec9038b6c3bc599f918b904a4,Eukaryota,TSAR_Alveolata_Dinoflagellata,Dinophyceae,Peridiniales,,,
deffed656b0357e4ef1026057dad60c9,Eukaryota,TSAR_Stramenopiles_Gyrista,Bacillariophyceae,Naviculales,Naviculaceae,Haslea,Haslea_tsukamotoi
266767682f542f4d8270100c4ed2acb7,Eukaryota,TSAR_Alveolata_Dinoflagellata,Syndiniales,Dino-Group-II,Dino-Group-II-Clade-21,Dino-Group-II-Clade-21_X,Dino-Group-II-Clade-21_X_sp.
754f68719c8cfae133335b140e2f4001,Eukaryota,TSAR_Alveolata_Dinoflagellata,Syndiniales,Dino-Group-II,Dino-Group-II-Clade-10-and-11,Dino-Group-II-Clade-10-and-11_X,Dino-Group-II-Clade-10-and-11_X_sp.
88eb7f94685e89dcb1695da846302ed2,Eukaryota,TSAR_Alveolata_Dinoflagellata,Dinophyceae,Dinophyceae_X,Dinophyceae_XX,Dinophyceae_XXX,Dinophyceae_XXX_sp.
2093575214b35292856f0d2f73938de2,Eukaryota,TSAR_Alveolata_Dinoflagellata,Dinophyceae,,,,
7e89457c275b54e14bb55cbe730bcf59,Eukaryota,TSAR_Alveolata_Dinoflagellata,Syndiniales,Dino-Group-II,Dino-Group-II-Clade-10-and-11,Dino-Group-II-Clade-10-and-11_X,Dino-Group-II-Clade-10-and-11_X_sp.
819f36669c1a043baf153dd6d6df3d89,Eukaryota,TSAR_Alveolata_Ciliophora,CONThreeP,CONThreeP_X,Discotrichidae,NASSO_1,NASSO_1_sp.
8a9a944fa4c82f9351dbb62d5de1b48e,Eukaryota,TSAR_Stramenopiles_Bigyra,Sagenista,Labyrinthulomycetes,Labyrinthulomycetes_LAB14,Labyrinthulomycetes_LAB14_X,Labyrinthulomycetes_LAB14_X_sp.
d588be0b9c92fa17deebe789c65ac647,Eukaryota,TSAR_Alveolata_Dinoflagellata,Dinophyceae,Peridiniales,Crypthecodiniaceae,Crypthecodinium,Crypthecodinium_sp.
cd327885e31988650c96b89db6fd31ab,Eukaryota,TSAR_Stramenopiles_Bigyra,Opalozoa,Opalozoa_X,MAST-12,MAST-12A,MAST-12A_sp.
31b9992f54d7205d8773b56a95ae8adb,Eukaryota,TSAR_Alveolata_Dinoflagellata,Syndiniales,Dino-Group-III,Dino-Group-III_X,Dino-Group-III_XX,Dino-Group-III_XX_sp.
02bf62aa2a25972ca381f1cfc0714514,Eukaryota,TSAR_Stramenopiles_Gyrista,Chrysophyceae,Chrysophyceae_Clade-EC2I,Chrysophyceae_Clade-EC2I_X,Chrysophyceae_Clade-EC2I_XX,Chrysophyceae_Clade-EC2I_XX_sp.
7f855f4c82aa7bda7f7fb9b3ec07cf81,Eukaryota,TSAR_Alveolata_Dinoflagellata,Syndiniales,Dino-Group-III,Dino-Group-III_X,Dino-Group-III_XX,Dino-Group-III_XX_sp.
fc2021c6e9dd935d0f7dcafba0087727,Eukaryota,TSAR_Rhizaria_Cercozoa,Filosa-Imbricatea,Filosa-Imbricatea_X,Novel-clade-2,Novel-clade-2_X,Novel-clade-2_X_sp.
91a79b9acb31ed547fa2da97f9035b8b,Eukaryota,TSAR_Alveolata_Dinoflagellata,Syndiniales,Dino-Group-II,Dino-Group-II-Clade-7,Dino-Group-II-Clade-7_X,Dino-Group-II-Clade-7_X_sp.
c65b919f18b021c5900fb4870bda47bb,Eukaryota,TSAR_Alveolata_Dinoflagellata,Dinophyceae,,,,
fb80372501d17085bbda14d14a15c765,Eukaryota,TSAR_Rhizaria_Cercozoa,Filosa-Thecofilosea,Cryomonadida,Protaspa-lineage,Protaspa-lineage_X,Protaspa-lineage_X_sp.
47e8a32231b4520605beaaaef8b7d8b7,Eukaryota,TSAR_Alveolata_Dinoflagellata,Dinophyceae,Dinophyceae_X,Dinophyceae_XX,Dinophyceae_XXX,Dinophyceae_XXX_sp.
404bd0ae7a732e3537fa501005ce8017,Eukaryota,Excavata_Discoba_Euglenozoa,Diplonemea,Diplonemida,Eupelagonemidae,Eupelagonemidae_X,Eupelagonemidae_X_sp.
3d70efca0796204b2409f7e71dc53d45,Eukaryota,__,,,,,
4802f07bee74ccfa932df3541cfda147,Eukaryota,TSAR_Alveolata_Dinoflagellata,,,,,
6f1c43ac4ce2401a61c415fba3206b67,Eukaryota,TSAR_Alveolata_Ciliophora,CONTH_6,CONTH_6_X,CONTH_6_XX,CONTH_6_XXX,CONTH_6_XXX_sp.
db671f9959664e9eb4bfa008670c6315,Eukaryota,TSAR_Alveolata_Dinoflagellata,Syndiniales,Dino-Group-I,Dino-Group-I-Clade-6,Dino-Group-I-Clade-6_X,Dino-Group-I-Clade-6_X_sp.
5f8bc01903aec6933e183f83dc0c1350,Eukaryota,TSAR_Alveolata_Ciliophora,Spirotrichea,Choreotrichida-Tintinnina,Undellidae,Undellidae_X,Undellidae_X_sp.
ce7e8b911091b5efd840eb6e58aa6b89,Eukaryota,TSAR_Stramenopiles_Gyrista,Mediophyceae,Chaetocerotales,Chaetocerotaceae,Chaetoceros,Chaetoceros_convolutus
5234ea70d3d929646b3b262905af0baa,Eukaryota,TSAR_Alveolata_Dinoflagellata,Dinophyceae,Peridiniales,Thoracosphaeraceae,Posoniella,Posoniella_tricarinelloides
0f0871edf8c9f014259381d3065d12f7,Eukaryota,TSAR_Alveolata_Dinoflagellata,Dinophyceae,Prorocentrales,Prorocentraceae,Prorocentrum,Prorocentrum_sp.
b14e0826bd0b6f019b2a4f21e7166e0c,Eukaryota,TSAR_Stramenopiles_Gyrista,,,,,
3a4bfd97d0da81d6e9eb1212b2b8b260,Eukaryota,Obazoa_Opisthokonta_Fungi,Basidiomycota,Agaricomycotina,Agaricomycetes,Tricholoma,
e516f8e0528f23a8c9ddc114feafb678,Eukaryota,TSAR_Alveolata_Dinoflagellata,Dinophyceae,Dinophyceae_X,Dinophyceae_XX,Dinophyceae_XXX,Dinophyceae_XXX_sp.
7ccc8c393c8dc7c4ff2fcff5423f773e,Eukaryota,TSAR_Alveolata_Ciliophora,Oligohymenophorea,OLIGO5,OLIGO5_X,OLIGO5_XX,OLIGO5_XX_sp.
b5c35a3b229b9cdfb0d9f80fb0cb01cd,Eukaryota,TSAR_Alveolata_Dinoflagellata,Syndiniales,Dino-Group-I,Dino-Group-I-Clade-2,Dino-Group-I-Clade-2_X,Dino-Group-I-Clade-2_X_sp.
640a4b54527d382584f2503546a5b5b7,Eukaryota,TSAR_Alveolata_Dinoflagellata,Dinophyceae,Dinophyceae_X,Dinophyceae_XX,Dinophyceae_XXX,Dinophyceae_XXX_sp.
9bff736fb4a79218ae347970d1cc6abf,Eukaryota,TSAR_Alveolata_Dinoflagellata,Syndiniales,Dino-Group-II,Dino-Group-II-Clade-7,Dino-Group-II-Clade-7_X,Dino-Group-II-Clade-7_X_sp.
cd18978bdb836e78f6ae53d5aa8f5826,Eukaryota,TSAR_Alveolata_Ciliophora,Spirotrichea,Oligotrichida,Oligotrichida_X,Oligotrichida_XX,Oligotrichida_XX_sp.
7a1788a781e7ceab6a15dfc1f0bcd7c9,Eukaryota,TSAR_Alveolata_Dinoflagellata,Dinophyceae,Peridiniales,Thoracosphaeraceae,,
84e2301608b19087ae3f6e4034f0652e,Eukaryota,TSAR_Rhizaria_Radiolaria,Polycystinea,Spumellaria,Spumellaria_6,Spumellaria_6_X,Spumellaria_6_X_sp.
91162277235f3875b49553608b65f8c4,Eukaryota,Haptista_Haptophyta_Haptophyta_X,Prymnesiophyceae,Prymnesiales,Chrysochromulinaceae,Chrysochromulina,Chrysochromulina_sp.
514f0350feabc594dd41621fc8272521,Eukaryota,Archaeplastida_Chlorophyta_Chlorophyta_X,Mamiellophyceae,Mamiellales,Mamiellaceae,Mamiella,Mamiella_gilva
5cee80c18aef4f621129d71141dfb6fd,Eukaryota,TSAR_Alveolata_Dinoflagellata,Syndiniales,,,,
c1a5292d426c3ecbecc6a65d58a6069a,Eukaryota,TSAR_Alveolata_Dinoflagellata,Dinophyceae,,,,
42080e163bc98c1f0ff603e0f7e523ac,Eukaryota,TSAR_Alveolata_Dinoflagellata,Syndiniales,Dino-Group-I,Dino-Group-I-Clade-5,Dino-Group-I-Clade-5_X,Dino-Group-I-Clade-5_X_sp.
101be71ccfee805afa89f7919705c1be,Eukaryota,TSAR_Alveolata_Dinoflagellata,Syndiniales,Dino-Group-I,Dino-Group-I-Clade-1,Dino-Group-I-Clade-1_X,Dino-Group-I-Clade-1_X_sp.
2160f86716f23adbed35586e12e389ef,Eukaryota,Haptista_Haptophyta_Haptophyta_X,Prymnesiophyceae,Prymnesiales,Chrysochromulinaceae,Chrysochromulina,Chrysochromulina_sp.
8633fc643ac25d40381526ea4257346a,Eukaryota,TSAR_Alveolata_Dinoflagellata,Syndiniales,Dino-Group-II,Dino-Group-II-Clade-12,Dino-Group-II-Clade-12_X,Dino-Group-II-Clade-12_X_sp.
8d4e53e956ac4e1c15c64429985d0c93,Eukaryota,Haptista_Haptophyta_Haptophyta_X,Prymnesiophyceae,Prymnesiales,Chrysochromulinaceae,Chrysochromulina,Chrysochromulina_sp.
e57c21be46e29310f8615ed0c4d2ba63,Eukaryota,TSAR_Stramenopiles_Bigyra,Sagenista,Labyrinthulomycetes,Labyrinthulomycetes_LAB7,Labyrinthulomycetes_LAB7_X,Labyrinthulomycetes_LAB7_X_sp.
84cf4085d9609e2a65c00a040c88c28a,Eukaryota,TSAR_Alveolata_Ciliophora,CONThreeP,CONThreeP_X,CONThreeP_XX,Askenasia,Askenasia_sp.
85fea141ab83b812eff25e7c36b4b1e9,Eukaryota,TSAR_Alveolata_Dinoflagellata,Dinophyceae,Dinophyceae_X,Dinophyceae_XX,Dinophyceae_XXX,Dinophyceae_XXX_sp.
60e2393d1f28d5afe6979c24050f9987,Eukaryota,TSAR_Stramenopiles_Bigyra,Sagenista,Sagenista_X,MAST-9,MAST-9_X,MAST-9_X_sp.
9b0f37e6e25f6f2c9dc439d4776bc981,Eukaryota,TSAR_Alveolata_Dinoflagellata,Syndiniales,Dino-Group-II,Dino-Group-II-Clade-20,Dino-Group-II-Clade-20_X,Dino-Group-II-Clade-20_X_sp.
ac6677848e055c64cb3882455244f52a,Eukaryota,TSAR_Alveolata_Ciliophora,Spirotrichea,Choreotrichida-Tintinnina,Rhabdonellidae,Schmidingerella,
6ee7922c6c0f0eb002a64a666c034704,Eukaryota,Obazoa_Opisthokonta_Fungi,Basidiomycota,Pucciniomycotina,Agaricostilbomycetes,Sterigmatomyces,Sterigmatomyces_halophilus
6b743d3e788b843404a15509b4b3b675,Eukaryota,TSAR_Alveolata_Ciliophora,Spirotrichea,Choreotrichida-Tintinnina,Tintinnidae,Tintinnidae_X,Tintinnidae_X_sp.
7cbfec4b2ba7a63ab20d0c9d00689a6e,Eukaryota,TSAR_Alveolata_Dinoflagellata,Dinophyceae,,,,
fd911fe423eb29a345686f27c460db4f,Eukaryota,TSAR_Alveolata_Ciliophora,Spirotrichea,Choreotrichida,Strobilidiidae,Strobilidiidae_X,Strobilidiidae_X_sp.
b2bc4cbd7e6659bd964804deec4f8c26,Eukaryota,TSAR_Alveolata_Dinoflagellata,Syndiniales,Dino-Group-II,Dino-Group-II_X,Dino-Group-II_XX,Dino-Group-II_XX_sp.
e33c5c4bb1e82bbf79e7e362ada59da2,Eukaryota,TSAR_Rhizaria_Foraminifera,Globothalamea,Textulariida,Textulariacea,Textularia,Textularia_sp.
fca9b47ae54b4809475d827e4e9f26bc,Eukaryota,TSAR_Alveolata_Dinoflagellata,Dinophyceae,Gonyaulacales,Pyrophacaceae,Fragilidium,Fragilidium_mexicanum
4002bdc15793d414c4f785827a29d8c6,Eukaryota,TSAR_Alveolata_Dinoflagellata,Syndiniales,Dino-Group-II,Dino-Group-II-Clade-6,Dino-Group-II-Clade-6_X,Dino-Group-II-Clade-6_X_sp.
6152f414e60414cf2583ecdbc9a2bd28,Eukaryota,TSAR_Alveolata_Dinoflagellata,Syndiniales,Dino-Group-II,Dino-Group-II-Clade-5,Dino-Group-II-Clade-5_X,Dino-Group-II-Clade-5_X_sp.
88b0d4b729ed6e194aa6178f5891949a,Eukaryota,TSAR_Alveolata_Dinoflagellata,Dinophyceae,,,,
93d862a78ad2964806ad0aac98296d41,Eukaryota,TSAR_Rhizaria_Radiolaria,Polycystinea,Nassellaria,Lophophaenidae,Lithomelissa,Lithomelissa_setosa
a6e084588ff1ee373d39be183580d145,Eukaryota,TSAR_Alveolata_Dinoflagellata,Syndiniales,Dino-Group-II,Dino-Group-II-Clade-15,Dino-Group-II-Clade-15_X,Dino-Group-II-Clade-15_X_sp.
27474d56dcd6afb061214e53d5fea4a2,Eukaryota,Haptista_Haptophyta_Haptophyta_X,Prymnesiophyceae,Prymnesiales,Prymnesiaceae,,
2a0d7e5bb102ff6763a56de725341082,Eukaryota,TSAR_Alveolata_Ciliophora,Spirotrichea,Choreotrichida-Tintinnina,Xystonellidae,Parafavella,
a445f91efa0303582329f28f28b41681,Eukaryota,TSAR_Alveolata_Dinoflagellata,Dinophyceae,Gonyaulacales,Pyrocystaceae,Alexandrium,Alexandrium_ostenfeldii
1b533f1bd90d84344484885feb1d7773,Eukaryota,TSAR_Stramenopiles_Gyrista,Mediophyceae,Chaetocerotales,Chaetocerotaceae,Chaetoceros,Chaetoceros_sp._Clade-Na13C1
fceb79ee341f1dc1143fc4d06508dce9,Eukaryota,TSAR_Alveolata_Ciliophora,Spirotrichea,Oligotrichida,Strombidiidae,Strombidiidae_X,Strombidiidae_X_sp.
292a9ad10642745f0255d764ac9dac24,Eukaryota,TSAR_Alveolata_Dinoflagellata,Syndiniales,Dino-Group-I,Dino-Group-I-Clade-2,Dino-Group-I-Clade-2_X,Dino-Group-I-Clade-2_X_sp.
910f0e1c453ea1553cdaa6431581b79f,Eukaryota,TSAR_Alveolata_Dinoflagellata,Dinophyceae,,,,
e93411dcc3a279ac8bd9fb48960b1a73,Eukaryota,TSAR_Alveolata_Dinoflagellata,Syndiniales,Dino-Group-II,Dino-Group-II-Clade-1,Dino-Group-II-Clade-1_X,Dino-Group-II-Clade-1_X_sp.
f8c0d92904662157684d26ab26cb82f1,Eukaryota,TSAR_Telonemia_Telonemia_X,Telonemia_XX,Telonemia_XXX,Telonemia-Group-2,Telonemia-Group-2_X,Telonemia-Group-2_X_sp.
b44755b30d2a9f2e549b49333e78605e,Eukaryota,TSAR_Alveolata_Dinoflagellata,Syndiniales,Dino-Group-II,Dino-Group-II-Clade-20,Dino-Group-II-Clade-20_X,Dino-Group-II-Clade-20_X_sp.
5ef1a74c644d74316586ed54216cba9c,Eukaryota,TSAR_Alveolata_Dinoflagellata,Syndiniales,Dino-Group-II,Dino-Group-II-Clade-10-and-11,Dino-Group-II-Clade-10-and-11_X,Dino-Group-II-Clade-10-and-11_X_sp.
6afc1c5b5a64a18bc1b14549c2736472,Eukaryota,TSAR_Stramenopiles_Bigyra,Opalozoa,Nanomonadea,MAST-3,MAST-3I,MAST-3I_sp.
11070fb1ccb22497b2fa097ff23569ad,Eukaryota,TSAR_Alveolata_Dinoflagellata,Syndiniales,Dino-Group-II,,,
63ccafc95971e03011d22d1bdc74e16b,Eukaryota,TSAR_Alveolata_Dinoflagellata,Syndiniales,Dino-Group-II,Dino-Group-II-Clade-44,Dino-Group-II-Clade-44_X,Dino-Group-II-Clade-44_X_sp.
8fd2e6576f6553ee548073f4af8c7f10,Eukaryota,TSAR_Alveolata_Ciliophora,Oligohymenophorea,OLIGO5,OLIGO5_X,OLIGO5_XX,OLIGO5_XX_sp.
c74dd30d1b6c8aa8a1b493824b1e572e,Eukaryota,TSAR_Rhizaria_Radiolaria,Acantharea,Acantharea_F,Acantharea_F3,,
d4769c7becccb84fd9efca571bdf5958,Eukaryota,TSAR_Alveolata_Dinoflagellata,,,,,
46634cb15fc308f2138b77292c4d50e0,Eukaryota,TSAR_Alveolata_Dinoflagellata,Syndiniales,Dino-Group-II,Dino-Group-II-Clade-10-and-11,Dino-Group-II-Clade-10-and-11_X,Dino-Group-II-Clade-10-and-11_X_sp.
c37e80f5961890d72aa989add9a6d714,Eukaryota,TSAR_Alveolata_Dinoflagellata,Dinophyceae,,,,
acb8afeaada91366686140e637d94af3,Eukaryota,TSAR_Alveolata_Dinoflagellata,Dinophyceae,Dinophyceae_X,Dinophyceae_XX,Dinophyceae_XXX,Dinophyceae_XXX_sp.
df07cb2f23fd9e276036fc4af221afe9,Eukaryota,TSAR_Rhizaria_Radiolaria,RAD-A,RAD-A_X,RAD-A_Xf,RAD-A_Xf_c,RAD-A_Xf_c_sp.
e5e82a1058e8c617f115b2ed7bad0057,Eukaryota,TSAR_Alveolata_Dinoflagellata,Syndiniales,Dino-Group-II,Dino-Group-II-Clade-3,Dino-Group-II-Clade-3_X,Dino-Group-II-Clade-3_X_sp.
453bedd32cf5bfed488f458c16f426b5,Eukaryota,TSAR_Alveolata_Dinoflagellata,Dinophyceae,Peridiniales,Protoperidiniaceae,Protoperidinium,Protoperidinium_pellucidum
8beb3fb48a8c77517c39257dce67d201,Eukaryota,TSAR_Alveolata_Dinoflagellata,Syndiniales,Dino-Group-II,Dino-Group-II-Clade-1,Dino-Group-II-Clade-1_X,Dino-Group-II-Clade-1_X_sp.
c2c5142db689bc8b2ff7662100716b3b,Eukaryota,Haptista_Haptophyta_Haptophyta_X,Prymnesiophyceae,Prymnesiales,Chrysochromulinaceae,Chrysochromulina,Chrysochromulina_sp.
216781fe869c206c2bec3a50b21a0a36,Eukaryota,TSAR_Alveolata_Dinoflagellata,Syndiniales,Syndiniales_X,Syndiniales_XX,Syndiniales_XXX,Syndiniales_XXX_sp.
b4b543a5e48824c75b1d9fad3a2c3ed2,Eukaryota,TSAR_Alveolata_Dinoflagellata,Dinophyceae,Dinophyceae_X,Dinophyceae_XX,Dinophyceae_XXX,Dinophyceae_XXX_sp.
47e7f10a4199ea62abce958784b820a9,Eukaryota,TSAR_Alveolata_Dinoflagellata,Syndiniales,Dino-Group-II,Dino-Group-II_X,Dino-Group-II_XX,Dino-Group-II_XX_sp.
d5ecfefbf339c815b3d2e8c2edc0309e,Eukaryota,TSAR_Rhizaria_Foraminifera,Globothalamea,Rotaliida,Uvigerinidae,Uvigerina,Uvigerina_peregrina
271bcfa93358e4b222dcd91bd12842ac,Eukaryota,TSAR_Alveolata_Dinoflagellata,Syndiniales,Dino-Group-II,Dino-Group-II-Clade-12,Dino-Group-II-Clade-12_X,Dino-Group-II-Clade-12_X_sp.
b2b97d56a3ee0c91a8f15cb5d2de4917,Eukaryota,TSAR_Alveolata_Dinoflagellata,Syndiniales,Dino-Group-I,Dino-Group-I-Clade-4,Dino-Group-I-Clade-4_X,Dino-Group-I-Clade-4_X_sp.
522f5437293792804ba5b7e8afe80120,Eukaryota,TSAR_Alveolata_Dinoflagellata,Syndiniales,Dino-Group-II,Dino-Group-II-Clade-10-and-11,Dino-Group-II-Clade-10-and-11_X,Dino-Group-II-Clade-10-and-11_X_sp.
0692ce78bcf101b129255fbcb44a1915,Eukaryota,TSAR_Stramenopiles_Bigyra,Bicoecea,Anoecales,Anoecaceae,Anoeca,Anoeca_atlantica
0940278cf26b3f6827aaf19d8d4a29e6,Eukaryota,TSAR_Alveolata_Dinoflagellata,Syndiniales,Dino-Group-II,Dino-Group-II-Clade-10-and-11,Dino-Group-II-Clade-10-and-11_X,Dino-Group-II-Clade-10-and-11_X_sp.
9398fad70cf57f9fa54d9d8eb38bc0b1,Eukaryota,TSAR_Alveolata_Dinoflagellata,Dinophyceae,Dinophyceae_X,Dinophyceae_XX,Dinophyceae_XXX,Dinophyceae_XXX_sp.
6e182429358bf89d09d720cc6d526998,Eukaryota,TSAR_Alveolata_Dinoflagellata,Dinophyceae,Dinophyceae_X,Dinophyceae_XX,Dinophyceae_XXX,Dinophyceae_XXX_sp.
49a199de31157d9939087e95dbebea7e,Eukaryota,TSAR_Alveolata_Dinoflagellata,Syndiniales,Dino-Group-II,Dino-Group-II-Clade-7,Dino-Group-II-Clade-7_X,Dino-Group-II-Clade-7_X_sp.
d2fa4f23e9cd990d7d1b3a2d1c74507c,Eukaryota,TSAR_Alveolata_Dinoflagellata,Dinophyceae,Dinophyceae_X,Dinophyceae_XX,Dinophyceae_XXX,Dinophyceae_XXX_sp.
e07a02dc2476c7fb6d4fff7d868c6bd9,Eukaryota,TSAR_Rhizaria_Radiolaria,Polycystinea,Nassellaria,Triospyrididae,Ceratospyris,Ceratospyris_hyperborea
638e2f4aa443b6640577c3dca92c9cf4,Eukaryota,TSAR_Alveolata_Dinoflagellata,Dinophyceae,Gymnodiniales,Gymnodiniaceae,Polykrikos,Polykrikos_kofoidii
fe8cf922530819a5b9bbb96442234475,Eukaryota,Haptista_Haptophyta_Haptophyta_X,Prymnesiophyceae,Prymnesiales,Chrysochromulinaceae,Chrysochromulina,Chrysochromulina_sp.
44ca103537c1f5d82f45a3272a7597c6,Eukaryota,Haptista_Haptophyta_Haptophyta_X,Haptophyta_Clade_HAP2,Haptophyta_Clade_HAP2_X,Haptophyta_Clade_HAP2_XX,Haptophyta_Clade_HAP2_XXX,Haptophyta_Clade_HAP2_XXX_sp.
fec4a86e8de394209b29bd76620b3c30,Eukaryota,TSAR_Rhizaria_Radiolaria,Polycystinea,Spumellaria,Astrosphaeridae,Cladococcus,Cladococcus_scoparius
cd7668c750a5371b475bd93a58400fa3,Eukaryota,TSAR_Alveolata_Dinoflagellata,Dinophyceae,Gonyaulacales,Pyrocystaceae,Alexandrium,Alexandrium_pacificum
fbafd9a0fb62b150d35c297ccecdb402,Eukaryota,TSAR_Alveolata_Dinoflagellata,Dinophyceae,Dinophyceae_X,Dinophyceae_XX,Dinophyceae_XXX,Dinophyceae_XXX_sp.
2976b32e649b90d6d4f6e2f1b7cf9161,Eukaryota,TSAR_Stramenopiles_Bigyra,Sagenista,Sagenista_X,MAST-8,MAST-8D,MAST-8D_sp.
6547732c4ea1c4082f2953ead1d55618,Eukaryota,TSAR_Alveolata_Dinoflagellata,Dinophyceae,Peridiniales,Blastodiniaceae,Blastodinium,Blastodinium_mangini
72d0f5abce9546e7a0f70b8f7a010866,Eukaryota,TSAR_Rhizaria_Cercozoa,Filosa-Thecofilosea,Cryomonadida,Cryothecomonas-lineage,Cryothecomonas,
c6ea62e1178135f528e163cabe1054c9,Eukaryota,TSAR_Alveolata_Dinoflagellata,Syndiniales,Dino-Group-II,Dino-Group-II-Clade-15,Dino-Group-II-Clade-15_X,Dino-Group-II-Clade-15_X_sp.
0b08ac821bcba2358509fdb9f265d4c6,Eukaryota,TSAR_Alveolata_Dinoflagellata,Syndiniales,Dino-Group-II,,,
79aed56aa870587b5adc3f93d98ec867,Eukaryota,TSAR_Alveolata_Ciliophora,Spirotrichea,Oligotrichida,Oligotrichida_X,Oligotrichida_XX,Oligotrichida_XX_sp.
3335c616ef3926bc45248db7bcc8e83b,Eukaryota,TSAR_Alveolata_Dinoflagellata,Dinophyceae,Dinophyceae_X,Dinophyceae_XX,Dinophyceae_XXX,Dinophyceae_XXX_sp.
1a982e0d1519276f07563f36e17daaf7,Eukaryota,TSAR_Alveolata_Ciliophora,Spirotrichea,Oligotrichida,Strombidiidae,Strombidiidae_X,Strombidiidae_X_sp.
956f68e7a7dc3428b17796ace962a4a2,Eukaryota,TSAR_Rhizaria_Cercozoa,Filosa-Imbricatea,Marimonadida,Marimonadida_X,Marimonadida_XX,Marimonadida_XX_sp.
365e39824442ac7bf27e9e08c5c44c51,Eukaryota,TSAR_Alveolata_Dinoflagellata,Syndiniales,Dino-Group-I,Dino-Group-I-Clade-3,Dino-Group-I-Clade-3_X,Dino-Group-I-Clade-3_X_sp.
4c2e818c6731167f141c9ed58c02f8ff,Eukaryota,TSAR_Stramenopiles_Gyrista,Bacillariophyceae,Bacillariophyceae_X,Bacillariophyceae_XX,Bacillariophyceae_XXX,Bacillariophyceae_XXX_sp.
dddb86af3535f098cc9b2c9d61b31565,Eukaryota,Obazoa_Opisthokonta_Choanoflagellata,Choanoflagellatea,Acanthoecida,Stephanoecidae_Group_E,Stephanoecidae_Group_E_X,Stephanoecidae_Group_E_X_sp.
91be8402176a92d4a8239b59f42929ba,Eukaryota,TSAR_Stramenopiles_Bigyra,Opalozoa,Nanomonadea,MAST-3,MAST-3K,MAST-3K_sp.
c213d24818ab99d18858832557e7da34,Eukaryota,__,,,,,
ff7deffeb51bc5a31cdbde42c54f0a7c,Eukaryota,Haptista_Haptophyta_Haptophyta_X,Prymnesiophyceae,Prymnesiales,Prymnesiaceae,,
32a1199c353a50f276164f3abab01c02,Eukaryota,TSAR_Alveolata_Dinoflagellata,Dinophyceae,Peridiniales,Blastodiniaceae,Blastodinium,Blastodinium_sp.
70409895478aeae4bb72affc70b0eeeb,Eukaryota,Archaeplastida_Chlorophyta_Chlorophyta_X,Trebouxiophyceae,Chlorellales,Chlorellales_X,Picochlorum,Picochlorum_sp.
4b8bc0a746d430f3f88a51aa3c4b14d5,Eukaryota,Haptista_Haptophyta_Haptophyta_X,Prymnesiophyceae,Prymnesiales,Chrysochromulinaceae,Chrysochromulina,
1005722bc3955b17b4e44f571585e304,Eukaryota,TSAR_Alveolata_Dinoflagellata,Syndiniales,Dino-Group-I,Dino-Group-I-Clade-2,Dino-Group-I-Clade-2_X,Dino-Group-I-Clade-2_X_sp.
632fda802ad9c2c9f7bd51d79b4ece4e,Eukaryota,Obazoa_Opisthokonta_Choanoflagellata,Choanoflagellatea,Acanthoecida,,,
26356e8eeedc1ad3e47a19f9d5d89657,Eukaryota,TSAR_Stramenopiles_Bigyra,Sagenista,Labyrinthulomycetes,Labyrinthulomycetes_LAB16,Labyrinthulomycetes_LAB16_X,Labyrinthulomycetes_LAB16_X_sp.
15d5e85cb606082b3fe6fe782ea2d5a4,Eukaryota,Haptista_Haptophyta_Haptophyta_X,Prymnesiophyceae,Prymnesiales,Chrysochromulinaceae,Chrysochromulina,Chrysochromulina_sp.
1e8a8ff9556cdb8ab9eb49292dc57fa0,Eukaryota,TSAR_Alveolata_Dinoflagellata,Syndiniales,Dino-Group-II,Dino-Group-II-Clade-1,Dino-Group-II-Clade-1_X,Dino-Group-II-Clade-1_X_sp.
9cc0c7b20c693a119b8dc025a84e5ce8,Eukaryota,Obazoa_Opisthokonta_Fungi,Ascomycota,Pezizomycotina,Leotiomycetes,Sclerotinia,
980749cdf119abd410a576e0615ab061,Eukaryota,TSAR__,,,,,
2540ba7402901f610d6d3730b799d7c7,Eukaryota,TSAR_Alveolata_Dinoflagellata,Dinophyceae,Dinophyceae_X,Dinophyceae_XX,Dinophyceae_XXX,Dinophyceae_XXX_sp.
5015e7e5e827e5fd857c87940c116202,Eukaryota,TSAR_Alveolata_Ciliophora,Spirotrichea,Choreotrichida-Tintinnina,Tintinnidae,Tintinnidae_X,Tintinnidae_X_sp.
c2c413a87eafc3ebed7a150671bd04db,Eukaryota,Haptista_Haptophyta_Haptophyta_X,Haptophyta_Clade_HAP4,Haptophyta_Clade_HAP4_X,Haptophyta_Clade_HAP4_XX,Haptophyta_Clade_HAP4_XXX,Haptophyta_Clade_HAP4_XXX_sp.
1df0d01c9311f40b05fb31d36744fa72,Eukaryota,TSAR_Alveolata_Dinoflagellata,Syndiniales,Dino-Group-II,,,
a6844ea7cf7c877a09a853a1c11c3a7c,Eukaryota,TSAR_Stramenopiles_Gyrista,Dictyochophyceae,Dictyochophyceae_X,Florenciellales,Pseudochattonella,Pseudochattonella_verruculosa
b19cd26c824b1350583f12f709d8556a,Eukaryota,Archaeplastida_Chlorophyta_Chlorophyta_X,Pyramimonadophyceae,Pyramimonadales,Pyramimonadales_X,Cymbomonas,Cymbomonas_tetramitiformis
42860b6acd31f0f69255b5bc6219e38d,Eukaryota,TSAR_Alveolata_,,,,,
ca2220a7d6722f9c17a8b0870c5e2ff5,Eukaryota,Obazoa_Opisthokonta_Fungi,Ascomycota,Pezizomycotina,Dothideomycetes,,
93855ee1496327d564161fb72e68acd9,Eukaryota,TSAR_Alveolata_Dinoflagellata,Dinophyceae,Dinophyceae_X,Dinophyceae_XX,Dinophyceae_XXX,Dinophyceae_XXX_sp.
0b91b4e624dac7a334267a6f7690d089,Eukaryota,TSAR_Alveolata_Dinoflagellata,Syndiniales,Dino-Group-I,Dino-Group-I-Clade-2,Dino-Group-I-Clade-2_X,Dino-Group-I-Clade-2_X_sp.
1869a958ed22d57662e1d1cdc0a644d5,Eukaryota,TSAR_Rhizaria_Radiolaria,Acantharea,Acantharea_C,Acantharea_C2,Gigartacon-C2,Gigartacon-C2_fragilis
0d44598af82b8f79b6383a22865e1a32,Eukaryota,TSAR_Rhizaria_Cercozoa,Filosa-Granofilosea,Filosa-Granofilosea_X,Novel-Gran-234,Novel-Gran-234_X,Novel-Gran-234_X_sp.
11375900d68d4734d44e5c1b2f24bb41,Eukaryota,TSAR_Rhizaria_Radiolaria,Polycystinea,Spumellaria,Spumellaria_2,Spumellaria_2_X,Spumellaria_2_X_sp.
83ead701550ae830979fe9b457a1befe,Eukaryota,TSAR_Rhizaria_Cercozoa,Filosa-Thecofilosea,Cryomonadida,,,
0934754108a9c63984d8916cf702cee8,Eukaryota,TSAR_Alveolata_Ciliophora,CONThreeP,CONThreeP_X,Discotrichidae,NASSO_1,NASSO_1_sp.
76c2947fb6e5f99b2980223ae9e8140e,Eukaryota,TSAR_Stramenopiles_Gyrista,Chrysophyceae,Chrysophyceae_Clade-EC2I,Chrysophyceae_Clade-EC2I_X,Chrysophyceae_Clade-EC2I_XX,Chrysophyceae_Clade-EC2I_XX_sp.
e522909d910c49dd2058ab348a46da6d,Eukaryota,TSAR_Alveolata_Dinoflagellata,Dinophyceae,Dinophyceae_X,Dinophyceae_XX,Dinophyceae_XXX,Dinophyceae_XXX_sp.
c3c11fcd004f798c45db35199e1d864e,Eukaryota,TSAR_Alveolata_Dinoflagellata,Dinophyceae,Dinophyceae_X,Dinophyceae_XX,Dinophyceae_XXX,Dinophyceae_XXX_sp.
a7cd90bd701bfa9b57b1931cecd22ed4,Eukaryota,TSAR_Stramenopiles_Gyrista,Chrysophyceae,Chrysophyceae_Clade-EC2H,Chrysophyceae_Clade-EC2H_X,Chrysophyceae_Clade-EC2H_XX,Chrysophyceae_Clade-EC2H_XX_sp.
be387d735148a36543aa44a136be6021,Eukaryota,TSAR_Alveolata_Dinoflagellata,Syndiniales,Dino-Group-II,Dino-Group-II-Clade-10-and-11,Dino-Group-II-Clade-10-and-11_X,Dino-Group-II-Clade-10-and-11_X_sp.
263b54e35181f41941964920f106cfde,Eukaryota,Excavata_Discoba_Euglenozoa,Diplonemea,Diplonemida,Eupelagonemidae,Eupelagonemidae_X,Eupelagonemidae_X_sp.
29886c257207db5d7e16b398ad06ffd1,Eukaryota,TSAR_Alveolata_Dinoflagellata,Syndiniales,Dino-Group-II,Dino-Group-II-Clade-17,Dino-Group-II-Clade-17_X,Dino-Group-II-Clade-17_X_sp.
dd9ee572c4843c32d3fd940a12f1d469,Eukaryota,TSAR_Alveolata_Ciliophora,Spirotrichea,Choreotrichida-Tintinnina,Tintinnidae,Tintinnidae_X,Tintinnidae_X_sp.
e3848a3a2939cd0b96703f27d8e74e52,Eukaryota,Obazoa_Opisthokonta_Fungi,Ascomycota,Pezizomycotina,Eurotiomycetes,Aspergillus,
e8a06ad55633330b4339c3a8065c2fd1,Eukaryota,TSAR_Stramenopiles_Bigyra,Bicoecea,Anoecales,Cafeteriaceae,Pseudobodo,
ec94467cf21ded9813de7579e6b0310e,Eukaryota,Archaeplastida_Chlorophyta_Chlorophyta_X,Trebouxiophyceae,Chlorellales,Chlorellales_X,Chlorella,Chlorella_sorokiniana
f14c0d9b9465b26dea158f5f1d182ad5,Eukaryota,TSAR_Alveolata_Dinoflagellata,Syndiniales,Dino-Group-I,Dino-Group-I-Clade-3,Dino-Group-I-Clade-3_X,Dino-Group-I-Clade-3_X_sp.
a7b1c4fad2671ce1a736da8968eace2f,Eukaryota,TSAR_Alveolata_Dinoflagellata,Dinophyceae,Dinophyceae_X,Dinophyceae_XX,Dinophyceae_XXX,Dinophyceae_XXX_sp.
9efa93fc97be09d42bbd977d49f20b02,Eukaryota,TSAR_Alveolata_Dinoflagellata,Syndiniales,Dino-Group-II,Dino-Group-II-Clade-39,Dino-Group-II-Clade-39_X,Dino-Group-II-Clade-39_X_sp.
f0e06b23ef92cc21d8be6e1a3f761e0a,Eukaryota,TSAR_Alveolata_Dinoflagellata,Syndiniales,Dino-Group-I,Dino-Group-I-Clade-5,Dino-Group-I-Clade-5_X,Dino-Group-I-Clade-5_X_sp.
6cb0652b9cb505b1c07de7494efb0af6,Eukaryota,TSAR_Alveolata_Dinoflagellata,Syndiniales,Dino-Group-II,Dino-Group-II-Clade-1,Dino-Group-II-Clade-1_X,Dino-Group-II-Clade-1_X_sp.
22099ac9f08a56a5a0be3f2709ba4a51,Eukaryota,TSAR_Alveolata_Dinoflagellata,Dinophyceae,Peridiniales,Blastodiniaceae,Blastodinium,Blastodinium_sp.
e5d20a96a28606a713e058175ea05e9e,Eukaryota,TSAR_Alveolata_Dinoflagellata,Syndiniales,Dino-Group-I,Dino-Group-I-Clade-2,Dino-Group-I-Clade-2_X,Dino-Group-I-Clade-2_X_sp.
e6b9abd0c6ba4cda21e313a5514a8ff3,Eukaryota,TSAR_Alveolata_Dinoflagellata,Dinophyceae,,,,
320fcd799644cb809f8875049db599d6,Eukaryota,Archaeplastida_Prasinodermophyta_Prasinodermophyta_X,Prasinodermophyceae,Prasinodermales,Prasinodermaceae,Prasinoderma,Prasinoderma_singulare
4e78bc7ec8b48e004b0fb412e363cb97,Eukaryota,TSAR_Alveolata_Dinoflagellata,Dinophyceae,Peridiniales,Heterocapsaceae,Heterocapsa,
bca1cb466e56fb22012e91c9328b884c,Eukaryota,TSAR_Alveolata_Dinoflagellata,Syndiniales,Dino-Group-II,Dino-Group-II-Clade-2,Dino-Group-II-Clade-2_X,Dino-Group-II-Clade-2_X_sp.
6b53b24d3a0cf7c03c5a6f927dfc1be7,Eukaryota,Obazoa_Opisthokonta_Fungi,Basidiomycota,Pucciniomycotina,Cystobasidiomycetes,Cystobasidiomycetes_X,Cystobasidiomycetes_X_sp.
d4ca05566398be48c48ca1e9f1ff75be,Eukaryota,TSAR_Alveolata_Ciliophora,Spirotrichea,Choreotrichida,Choreotrichida_X,Choreotrichida_XX,Choreotrichida_XX_sp.
8fae80430b149cf213b335d888bbae25,Eukaryota,TSAR_Stramenopiles_Gyrista,Bacillariophyceae,Bacillariales,Bacillariaceae,Pseudo-nitzschia,
168bb764658763a5a5cc1746adca1f05,Eukaryota,Haptista_Haptophyta_Haptophyta_X,Prymnesiophyceae,Prymnesiales,Chrysochromulinaceae,Chrysochromulina,Chrysochromulina_sp.
1ef763af9081e3b3aac0bf227d32e304,Eukaryota,TSAR_Alveolata_Dinoflagellata,Dinophyceae,Dinophyceae_X,Dinophyceae_XX,Dinophyceae_XXX,Dinophyceae_XXX_sp.
e0b10ea6e44893014c56a9179889c8ac,Eukaryota,TSAR_Alveolata_Dinoflagellata,Dinophyceae,Dinophyceae_X,Dinophyceae_XX,Dinophyceae_XXX,Dinophyceae_XXX_sp.
1b9d0e0e6251e4d762a129a535c91dd4,Eukaryota,TSAR_Rhizaria_Radiolaria,Acantharea,Acantharea_1,Acantharea_1_X,Acantharea_1_XX,Acantharea_1_XX_sp.
1d44ddf12549f2eb4a230ab34074b6b7,Eukaryota,Excavata_Discoba_Euglenozoa,Diplonemea,Diplonemida,Eupelagonemidae,Eupelagonemidae_X,Eupelagonemidae_X_sp.
c3c42ef6064b3435883ccb2fd6323e66,Eukaryota,TSAR_Alveolata_Dinoflagellata,Dinophyceae,Dinophyceae_X,Dinophyceae_XX,Dinophyceae_XXX,Dinophyceae_XXX_sp.
ffbda30c7bbb933a108cfb173172f4d7,Eukaryota,TSAR_Rhizaria_Cercozoa,Filosa-Thecofilosea,Cryomonadida,Cryothecomonas-lineage,Cryothecomonas,
5bb87535b025933c810a2f46d428a0fa,Eukaryota,TSAR_Alveolata_Dinoflagellata,Syndiniales,Dino-Group-I,Dino-Group-I-Clade-4,Dino-Group-I-Clade-4_X,Dino-Group-I-Clade-4_X_sp.
accaafe607e668e5fe83d4dc517f0423,Eukaryota,Archaeplastida_Chlorophyta_Chlorophyta_X,Chloropicophyceae,Chloropicales,Chloropicaceae,Chloropicon,Chloropicon_roscoffensis
06314d10e0483edb7e69c055f90d79c7,Eukaryota,TSAR_Alveolata_Dinoflagellata,Syndiniales,Dino-Group-I,Dino-Group-I-Clade-5,Dino-Group-I-Clade-5_X,Dino-Group-I-Clade-5_X_sp.
ea10485f82189bbce9cfda3d6add00bd,Eukaryota,TSAR_Alveolata_Dinoflagellata,,,,,
6693bad501806e488ac6db65e3216118,Eukaryota,TSAR_Alveolata_Dinoflagellata,Syndiniales,Dino-Group-II,Dino-Group-II-Clade-1,Dino-Group-II-Clade-1_X,Dino-Group-II-Clade-1_X_sp.
8191903f1e240a1eab3468f2c5cc43f1,Eukaryota,TSAR_Alveolata_Dinoflagellata,Dinophyceae,Gonyaulacales,Pyrocystaceae,Pyrocystis,Pyrocystis_pseudonoctiluca
ec0d0433270aa8f21085b7b1aa519cda,Eukaryota,Haptista_Haptophyta_Haptophyta_X,Pavlovophyceae,Pavlovales,Pavlovaceae,Pavlova,Pavlova_pinguis
f17f190a1e1722eb9966b1455264ae27,Eukaryota,TSAR_Alveolata_Ciliophora,Spirotrichea,Oligotrichida,Strombidiidae,Strombidiidae_X,Strombidiidae_X_sp.
f335584afaa24f354a9ad969fcec4230,Eukaryota,TSAR_Alveolata_Dinoflagellata,Dinophyceae,Peridiniales,Heterocapsaceae,Heterocapsa,Heterocapsa_pygmaea
6cb4743bd15ebbf580d4402997c3451f,Eukaryota,TSAR_Alveolata_Ciliophora,Spirotrichea,Oligotrichida,Strombidiidae,Strombidiidae_X,Strombidiidae_X_sp.
40630c5ad0b780230d424c1617f2c280,Eukaryota,TSAR_Alveolata_Dinoflagellata,Syndiniales,Dino-Group-I,Dino-Group-I-Clade-2,Dino-Group-I-Clade-2_X,Dino-Group-I-Clade-2_X_sp.
a75ff85b5ce517cab6d832c77b7d3ffe,Eukaryota,TSAR_Rhizaria_Radiolaria,Polycystinea,Spumellaria,Spongopylidae,Spongopylidae_X,Spongopylidae_X_sp.
48bf4632068f8db28a4eb487be3589c6,Eukaryota,TSAR_Alveolata_Dinoflagellata,Syndiniales,Dino-Group-II,Dino-Group-II-Clade-3,Dino-Group-II-Clade-3_X,Dino-Group-II-Clade-3_X_sp.
2812a5f9da4aeaa6a50fb7b89bb2772d,Eukaryota,TSAR_Alveolata_Dinoflagellata,Dinophyceae,Peridiniales,Amphidomataceae,Azadinium,
8aa1e117d3d0c7d2790dfcf1d95db6b9,Eukaryota,TSAR_Alveolata_Dinoflagellata,Syndiniales,Dino-Group-II,Dino-Group-II-Clade-9,Dino-Group-II-Clade-9_X,Dino-Group-II-Clade-9_X_sp.
cd2b54245e3ec6e7b5ce27ee5472676c,Eukaryota,__,,,,,
4281768d9184f4418b1cefcb69751121,Eukaryota,TSAR_Alveolata_Dinoflagellata,Syndiniales,Dino-Group-II,,,
556e3affd7bde07208ec592dfc4ec918,Eukaryota,TSAR_Alveolata_Dinoflagellata,Syndiniales,Dino-Group-II,Dino-Group-II-Clade-5,Dino-Group-II-Clade-5_X,Dino-Group-II-Clade-5_X_sp.
38a0377cd12ace8bbb8e1516128729eb,Eukaryota,TSAR_Alveolata_Dinoflagellata,Syndiniales,Dino-Group-II,Dino-Group-II-Clade-20,Dino-Group-II-Clade-20_X,Dino-Group-II-Clade-20_X_sp.
569329b18516c3568e6bcf06ba977899,Eukaryota,TSAR_Alveolata_Dinoflagellata,Dinophyceae,Dinophyceae_X,Dinophyceae_XX,Dinophyceae_XXX,Dinophyceae_XXX_sp.
9f1907013c26245e63cc81521c1d536d,Eukaryota,TSAR_Alveolata_Dinoflagellata,Syndiniales,Dino-Group-II,Dino-Group-II-Clade-5,Dino-Group-II-Clade-5_X,Dino-Group-II-Clade-5_X_sp.
735540531278b6505d690e380335a17a,Eukaryota,TSAR_Alveolata_Dinoflagellata,Syndiniales,Dino-Group-I,Dino-Group-I-Clade-5,Dino-Group-I-Clade-5_X,Dino-Group-I-Clade-5_X_sp.
7f2f3617e9109e6e32e0949d886f2ac7,Eukaryota,TSAR_Alveolata_Dinoflagellata,Syndiniales,Dino-Group-II,Dino-Group-II-Clade-6,Dino-Group-II-Clade-6_X,Dino-Group-II-Clade-6_X_sp.
2ef08d72733d94444761b1da8cc3df2b,Eukaryota,TSAR_Rhizaria_Radiolaria,Acantharea,Acantharea_C,Acantharea_C1,Gigartacon-C1,Gigartacon-C1_muelleri
75431917621c05902c548e4cf48b72f3,Eukaryota,TSAR_Rhizaria_Radiolaria,RAD-A,RAD-A_X,RAD-A_Xb,RAD-A_Xb_X,RAD-A_Xb_X_sp.
a636759c66982a7ab350a7d175d7131c,Eukaryota,TSAR_Alveolata_Ciliophora,Spirotrichea,Choreotrichida,Choreotrichida_X,Choreotrichida_XX,Choreotrichida_XX_sp.
79833b8113557cb1186c396b3f4b31bb,Eukaryota,TSAR_Alveolata_Dinoflagellata,Syndiniales,Dino-Group-I,Dino-Group-I-Clade-1,Dino-Group-I-Clade-1_X,Dino-Group-I-Clade-1_X_sp.
a5490536f266455b26b55ddaa6abd151,Eukaryota,Excavata_Discoba_Euglenozoa,Diplonemea,Diplonemida,Eupelagonemidae,Eupelagonemidae_X,Eupelagonemidae_X_sp.
ae43e1d44f80baa0c98afe36f4903d72,Eukaryota,TSAR_Alveolata_Dinoflagellata,Syndiniales,Dino-Group-III,Dino-Group-III_X,Dino-Group-III_XX,Dino-Group-III_XX_sp.
26de0d146c965a768eeee8e687262c95,Eukaryota,TSAR_Alveolata_Dinoflagellata,Dinophyceae,Gonyaulacales,Pyrophacaceae,Fragilidium,Fragilidium_duplocampanaeforme
70e0266b14b9edbde00e52f044051612,Eukaryota,TSAR_Alveolata_Dinoflagellata,Dinophyceae,,,,
0db5fbcdd17d369e8b5df9e0c5bc0537,Eukaryota,TSAR_Alveolata_Ciliophora,Spirotrichea,Choreotrichida,Choreotrichida_X,Choreotrichida_XX,Choreotrichida_XX_sp.
3352f4e309e488f0005ef6f8c728f943,Eukaryota,TSAR_Telonemia_Telonemia_X,Telonemia_XX,Telonemia_XXX,Telonemia-Group-2,Telonemia-Group-2_X,Telonemia-Group-2_X_sp.
d549c8c419976e4294e896cce09e2264,Eukaryota,Obazoa_Opisthokonta_Choanoflagellata,Choanoflagellatea,Acanthoecida,Stephanoecidae_Group_E,Stephanoecidae_Group_E_X,Stephanoecidae_Group_E_X_sp.
0bea759c2ab63bd81c5cee9b74fa7757,Eukaryota,TSAR_Alveolata_Dinoflagellata,Syndiniales,Dino-Group-II,Dino-Group-II-Clade-1,Dino-Group-II-Clade-1_X,Dino-Group-II-Clade-1_X_sp.
0469eefd33e9d09bdbcbf35030fe82f1,Eukaryota,TSAR_Alveolata_Dinoflagellata,Dinophyceae,Dinophyceae_X,Dinophyceae_XX,Dinophyceae_XXX,Dinophyceae_XXX_sp.
3ba190da05ba28eb6bc56a9382cf9cb5,Eukaryota,TSAR_Alveolata_Dinoflagellata,Dinophyceae,Suessiales,Suessiaceae,Biecheleriopsis,Biecheleriopsis_adriatica
aec3ff2b2602b124b15b1ba7a89a4cc9,Eukaryota,Amoebozoa_Evosea_Evosea_X,Variosea,Flamellidae,Flamella-lineage,Flamella,Flamella_balnearia
d4d67e0ce311ca14dcb7faf5cda81798,Eukaryota,TSAR_Stramenopiles_Gyrista,Chrysophyceae,Chrysophyceae_Clade-EC2H,Chrysophyceae_Clade-EC2H_X,Chrysophyceae_Clade-EC2H_XX,Chrysophyceae_Clade-EC2H_XX_sp.
9cd747e911c68f26b2ead2f98736cc34,Eukaryota,TSAR_Alveolata_Dinoflagellata,Dinophyceae,Prorocentrales,Prorocentraceae,Prorocentrum,
51dc02b66f8facfb5ca9f540a42a7974,Eukaryota,TSAR_Alveolata_Dinoflagellata,Dinophyceae,Dinophyceae_X,Dinophyceae_XX,Dinophyceae_XXX,Dinophyceae_XXX_sp.
ae669586e42fd508251f5e8b9fd8d53e,Eukaryota,TSAR_Alveolata_Dinoflagellata,,,,,
b075c848b68fcebe69e4fe34e47b42c5,Eukaryota,Archaeplastida_Chlorophyta_Chlorophyta_X,Chlorophyta_XX,Nephroselmidaceae,Nephroselmidaceae_X,Nephroselmidaceae_XX,Nephroselmidaceae_XX_sp.
187668403c8ded3ac91e416219a2f8b8,Eukaryota,TSAR_Alveolata_Dinoflagellata,Dinophyceae,Prorocentrales,Prorocentraceae,Prorocentrum,Prorocentrum_sp.
f3e5090b45abe94a36c4e0e19c45a1f6,Eukaryota,TSAR_Alveolata_Dinoflagellata,Syndiniales,Dino-Group-II,Dino-Group-II-Clade-1,Dino-Group-II-Clade-1_X,Dino-Group-II-Clade-1_X_sp.
d386b00bde2affac9c4527c546011bf7,Eukaryota,TSAR__,,,,,
cfee6b6ef2badf05f518290d75b666e0,Eukaryota,TSAR_Alveolata_Dinoflagellata,Dinophyta_X,Dinophyta_XX,Dinophyta_XXX,Dinophyta_XXXX,Dinophyta_XXXX_sp.
06e1c97da7692953b0523e90df46f8e0,Eukaryota,Haptista_Haptophyta_Haptophyta_X,Haptophyta_Clade_HAP4,Haptophyta_Clade_HAP4_X,Haptophyta_Clade_HAP4_XX,Haptophyta_Clade_HAP4_XXX,Haptophyta_Clade_HAP4_XXX_sp.
1e6ea6f5509923f8a74571f50afc2e3a,Eukaryota,TSAR_Alveolata_Dinoflagellata,Syndiniales,Dino-Group-II,Dino-Group-II-Clade-10-and-11,Dino-Group-II-Clade-10-and-11_X,Dino-Group-II-Clade-10-and-11_X_sp.
7c79dcb5a0d004e057a90436cbcaf0cb,Eukaryota,TSAR_Stramenopiles_Bigyra,Sagenista,Sagenista_X,MAST-7,MAST-7A,MAST-7A_sp.
80dafcec212f86ff8461da8595d15c45,Eukaryota,TSAR_Alveolata_Dinoflagellata,Syndiniales,Dino-Group-II,Dino-Group-II-Clade-4,Amoebophrya,Amoebophrya_sp.
f457d66e0bb625d74b8441747306267b,Eukaryota,TSAR_Stramenopiles_,,,,,
4a512e34135dbe70da0e8dba93557d4d,Eukaryota,TSAR_Alveolata_Ciliophora,Spirotrichea,Choreotrichida,Choreotrichida_X,Choreotrichida_XX,Choreotrichida_XX_sp.
5c81698a27587653995eeaca28e9f743,Eukaryota,TSAR_Stramenopiles_Gyrista,Dictyochophyceae,Dictyochophyceae_X,Pedinellales,Pedinellales_X,Pedinellales_X_sp.
5db161e914a4fba397525980838a1c27,Eukaryota,Archaeplastida_Chlorophyta_Chlorophyta_X,Mamiellophyceae,Mamiellales,Mamiellaceae,Mantoniella,
921ff45430ad66311e5bc2b997f898ac,Eukaryota,TSAR_Alveolata_Dinoflagellata,Dinophyta_X,Dinophyta_XX,Dinophyta_XXX,Dinophyta_XXXX,Dinophyta_XXXX_sp.
9d0ee9bc0abf9e1a78527b037d333ea8,Eukaryota,TSAR_Alveolata_Ciliophora,Oligohymenophorea,OLIGO5,OLIGO5_X,OLIGO5_XX,OLIGO5_XX_sp.
ac0eaf35b151231923a4bdbc139cba67,Eukaryota,TSAR_Alveolata_Dinoflagellata,Syndiniales,Dino-Group-I,Dino-Group-I-Clade-2,Dino-Group-I-Clade-2_X,Dino-Group-I-Clade-2_X_sp.
afbea063c66fdd79561f9cdfb88c4e97,Eukaryota,TSAR_Alveolata_Ciliophora,CONThreeP,CONThreeP_X,Discotrichidae,NASSO_1,NASSO_1_sp.
9b78523464423e99c12177d6a705b37d,Eukaryota,TSAR_Alveolata_Dinoflagellata,Syndiniales,Dino-Group-II,Dino-Group-II-Clade-6,Dino-Group-II-Clade-6_X,Dino-Group-II-Clade-6_X_sp.
03a6fff3bdb577f4ba6508030595657d,Eukaryota,Obazoa_Opisthokonta_Fungi,Basidiomycota,Agaricomycotina,Tremellomycetes,,
0507be69ed787ca8b1289b339f998ac3,Eukaryota,Haptista_Haptophyta_Haptophyta_X,Prymnesiophyceae,Prymnesiales,Prymnesiaceae,,
c8a2a7aebe0d302358df564078663df8,Eukaryota,TSAR_Alveolata_Dinoflagellata,Dinophyceae,Gymnodiniales,Gymnodiniales_X,Levanderina,Levanderina_fissa
2d5c558114397da80fc89a7fd1ee1224,Eukaryota,TSAR_Alveolata_Dinoflagellata,Syndiniales,Dino-Group-II,Dino-Group-II-Clade-6,Dino-Group-II-Clade-6_X,Dino-Group-II-Clade-6_X_sp.
c3f87a832222e1f6f9cc05aec3f11060,Eukaryota,Archaeplastida_Chlorophyta_Chlorophyta_X,Pyramimonadophyceae,Pyramimonadales,Pyramimonadaceae,Pyramimonas,
ef512f092b412b8ac378a95cacd9d935,Eukaryota,TSAR_Rhizaria_Radiolaria,RAD-B,RAD-B_X,RAD-B_X_Group-IVd,RAD-B_X_Group-IVd_X,RAD-B_X_Group-IVd_X_sp.
db55bd3928cc56ea4a6eea797cf182a8,Eukaryota,TSAR_Alveolata_Dinoflagellata,Syndiniales,Dino-Group-II,Dino-Group-II-Clade-9,Dino-Group-II-Clade-9_X,Dino-Group-II-Clade-9_X_sp.
eef7fb82d5a31865baaf8017393a7c51,Eukaryota,Archaeplastida_Chlorophyta_Chlorophyta_X,Pyramimonadophyceae,Pyramimonadales,Pyramimonadaceae,Pyramimonas,
d761b1661924a4ea220ae50bcb5c20c4,Eukaryota,TSAR_Alveolata_Dinoflagellata,Dinophyceae,Prorocentrales,Prorocentraceae,Prorocentrum,Prorocentrum_sp.
f02214cfcdf1c7ced4a0cf490cb59c99,Eukaryota,TSAR_Alveolata_Dinoflagellata,Dinophyceae,Dinophyceae_X,Dinophyceae_XX,Dinophyceae_XXX,Dinophyceae_XXX_sp.
01bacc58d4f894eb7481cf9f19abd0c1,Eukaryota,TSAR_Alveolata_Dinoflagellata,Dinophyceae,Prorocentrales,Prorocentraceae,Prorocentrum,Prorocentrum_sp.
0a0568fa6dbe2f050b6d46be28c55e9d,Eukaryota,TSAR_Alveolata_Dinoflagellata,Dinophyceae,,,,
d321791ee61382c7b5bf1d6600d8d746,Eukaryota,TSAR_Alveolata_Dinoflagellata,Dinophyceae,Dinophyceae_X,Dinophyceae_XX,Dinophyceae_XXX,Dinophyceae_XXX_sp.
00b1c7771ab6497c684e1def39ca5596,Eukaryota,TSAR_Alveolata_Dinoflagellata,Syndiniales,Dino-Group-II,Dino-Group-II-Clade-10-and-11,Dino-Group-II-Clade-10-and-11_X,Dino-Group-II-Clade-10-and-11_X_sp.
76809d812b9ecab9523f54bf97a2cb59,Eukaryota,Haptista_Haptophyta_Haptophyta_X,Prymnesiophyceae,Prymnesiales,Chrysochromulinaceae,Chrysochromulina,Chrysochromulina_sp.
bb6217d9bc4898aac77be557fdd2b32b,Eukaryota,TSAR_Alveolata_Ciliophora,Spirotrichea,Oligotrichida,Strombidiidae,Strombidiidae_X,Strombidiidae_X_sp.
eb484164c0af70245242021d910f577d,Eukaryota,TSAR_Alveolata_Dinoflagellata,Dinophyceae,Gonyaulacales,Gonyaulacaceae,Gonyaulax,Gonyaulax_polygramma
a38a3cdd68970ecc9b4501b54b0b0252,Eukaryota,TSAR_Alveolata_Dinoflagellata,Syndiniales,Dino-Group-II,Dino-Group-II-Clade-10-and-11,Dino-Group-II-Clade-10-and-11_X,Dino-Group-II-Clade-10-and-11_X_sp.
8acf2e0271613e64241756c28415fd72,Eukaryota,Obazoa_Opisthokonta_Fungi,Chytridiomycota,Chytridiomycota_X,Chytridiomycota_XX,Chytridiomycota_XXX,Chytridiomycota_XXX_sp.
88f32fd4c4ce68ed4bae0c69f44ac659,Eukaryota,TSAR_Alveolata_Dinoflagellata,Syndiniales,Dino-Group-I,Dino-Group-I-Clade-3,Dino-Group-I-Clade-3_X,Dino-Group-I-Clade-3_X_sp.
15381603f78517a347022d857da9b465,Eukaryota,TSAR_Stramenopiles_Gyrista,Mediophyceae,Mediophyceae_X,Mediophyceae_XX,Mediophyceae_XXX,Mediophyceae_XXX_sp.
d149bb1c27e320f93712a9b5d828953c,Eukaryota,TSAR_Alveolata_Ciliophora,Spirotrichea,Choreotrichida,Strobilidiidae,Strobilidiidae_X,Strobilidiidae_X_sp.
22fe36407adfbf86efe949eab738d467,Eukaryota,TSAR_Rhizaria_Radiolaria,Polycystinea,Spumellaria,Hexalonchidae,Hexacontium,
259deb3a043981e8ade67fb4b8ef524d,Eukaryota,TSAR_Alveolata_Dinoflagellata,Syndiniales,Dino-Group-II,Dino-Group-II-Clade-1,Dino-Group-II-Clade-1_X,Dino-Group-II-Clade-1_X_sp.
f6a5c73bfd5895d4a2abc23c1a6a65ea,Eukaryota,TSAR_Alveolata_Dinoflagellata,Syndiniales,Dino-Group-III,Dino-Group-III_X,Dino-Group-III_XX,Dino-Group-III_XX_sp.
44b5f2c1791edbeed0ebf53738fc5ad3,Eukaryota,Haptista_Haptophyta_Haptophyta_X,Prymnesiophyceae,Prymnesiales,Chrysochromulinaceae,Chrysochromulina,Chrysochromulina_sp.
7b0b80aba41bf4de481a5a98928287b2,Eukaryota,TSAR_Rhizaria_Cercozoa,Chlorarachniophyceae,Chlorarachnida,Chlorarachnida_X,Partenskyella,Partenskyella_glossopodia
b2f6fbeb488d5c9dbdc6573ed8e932a5,Eukaryota,TSAR_Alveolata_Dinoflagellata,Syndiniales,Dino-Group-II,Dino-Group-II-Clade-6,Dino-Group-II-Clade-6_X,Dino-Group-II-Clade-6_X_sp.
f0b8de7266ce6d3bede6375b978e0d04,Eukaryota,TSAR_Alveolata_Dinoflagellata,Syndiniales,Dino-Group-II,Dino-Group-II-Clade-23,Dino-Group-II-Clade-23_X,Dino-Group-II-Clade-23_X_sp.
32e3ea6f99881abed4244253f41882ae,Eukaryota,TSAR_Alveolata_Dinoflagellata,Syndiniales,Dino-Group-I,Dino-Group-I-Clade-5,Dino-Group-I-Clade-5_X,Dino-Group-I-Clade-5_X_sp.
823248457056dc24f48ad27f8092628a,Eukaryota,Cryptista_Cryptophyta_Cryptophyta_X,Cryptophyceae,Goniomonadales,Goniomonadales_X,Goniomonas,Goniomonas_sp.
e19817081ae1054cbddaa07b8ad32d4e,Eukaryota,TSAR_Alveolata_Dinoflagellata,Syndiniales,Dino-Group-II,Dino-Group-II-Clade-6,Dino-Group-II-Clade-6_X,Dino-Group-II-Clade-6_X_sp.
74c6b242ad35670fa25193e23c98f267,Eukaryota,TSAR_Alveolata_Dinoflagellata,,,,,
eb2488a54a87958bff210ab563d6034a,Eukaryota,TSAR_Stramenopiles_Gyrista,Dictyochophyceae,Dictyochophyceae_X,Pedinellales,Pedinellales_X,Pedinellales_X_sp.
3663123fa80aeeb89e9bc53d1d8c79a8,Eukaryota,TSAR_Alveolata_Dinoflagellata,Syndiniales,Dino-Group-II,Dino-Group-II-Clade-5,Dino-Group-II-Clade-5_X,Dino-Group-II-Clade-5_X_sp.
3f90d5550318910432dbcd57f5ba4700,Eukaryota,TSAR_Alveolata_Dinoflagellata,Syndiniales,Dino-Group-II,Dino-Group-II-Clade-5,Dino-Group-II-Clade-5_X,Dino-Group-II-Clade-5_X_sp.
553dbacc63f99e74a7a651b02e8ab485,Eukaryota,Haptista_Haptophyta_Haptophyta_X,Prymnesiophyceae,Prymnesiales,Chrysochromulinaceae,Chrysochromulina,Chrysochromulina_sp.
dbd3888131900eabc7da7f020f2a7730,Eukaryota,TSAR_Alveolata_Ciliophora,Spirotrichea,Oligotrichida,Strombidiidae,Strombidiidae_X,Strombidiidae_X_sp.
e04020feaf626fb7164797661bcb408c,Eukaryota,Haptista_Haptophyta_Haptophyta_X,Prymnesiophyceae,Coccolithales,Hymenomonadaceae,,
60a4c58671b480db23ced8bfbd118ff7,Eukaryota,TSAR_Alveolata_Dinoflagellata,Syndiniales,Dino-Group-II,Dino-Group-II-Clade-10-and-11,Dino-Group-II-Clade-10-and-11_X,Dino-Group-II-Clade-10-and-11_X_sp.
8708655e5e17e16a939019b8bf37c0e6,Eukaryota,Haptista_Haptophyta_Haptophyta_X,Prymnesiophyceae,Coccolithales,Hymenomonadaceae,,
917da4fb734b4f8bce60536ebd98f7db,Eukaryota,Haptista_Centroplasthelida_Centroplasthelida_X,Pterocystida,Pterocystida_X,Pterocystida_XX,Pterocystida_XXX,Pterocystida_XXX_sp.
c0cb063f38031c8fdb25cb9a4948ae92,Eukaryota,TSAR_Alveolata_Apicomplexa,Gregarinomorphea,Eugregarinorida,Porosporidae,Porosporidae_X,Porosporidae_X_sp.
34661779ae251a5107d769751da7f932,Eukaryota,TSAR_Alveolata_Dinoflagellata,Dinophyceae,Prorocentrales,Prorocentraceae,Prorocentrum,
efc9c08c5b684bb4e7b65ef492ef58b0,Eukaryota,TSAR_Alveolata_Dinoflagellata,,,,,
a7e5fa9eaf741ad4bc1d2299c8ed3549,Eukaryota,TSAR_Alveolata_Dinoflagellata,Dinophyta_X,Dinophyta_XX,Dinophyta_XXX,Dinophyta_XXXX,Dinophyta_XXXX_sp.
bdd42c23a786096d9cd85b85a047570b,Eukaryota,TSAR_Alveolata_Dinoflagellata,Syndiniales,Dino-Group-I,Dino-Group-I-Clade-2,Dino-Group-I-Clade-2_X,Dino-Group-I-Clade-2_X_sp.
bf1c15fd42328e20a3b8fd9dd2e1a378,Eukaryota,Haptista_Haptophyta_Haptophyta_X,Pavlovophyceae,Pavlovales,Pavlovaceae,Exanthemachrysis,Exanthemachrysis_gayraliae
90cf660fdeb52bc6f924125a2da40d44,Eukaryota,TSAR_Stramenopiles_Gyrista,Peronosporomycetes,Peronosporomycetes_X,Haliphthorales,,
18439a18f835d9783a7a2e123b13d83b,Eukaryota,TSAR_Alveolata_Dinoflagellata,Dinophyceae,Peridiniales,,,
7dff4e8422984c927469a6250ac858dd,Eukaryota,TSAR_Alveolata_Dinoflagellata,Dinophyceae,Dinophyceae_X,Dinophyceae_XX,Dinophyceae_XXX,Dinophyceae_XXX_sp.
b37439a7562f2b9467c3f2b140dac2ac,Eukaryota,TSAR_Alveolata_Dinoflagellata,Syndiniales,Dino-Group-II,Dino-Group-II-Clade-6,Dino-Group-II-Clade-6_X,Dino-Group-II-Clade-6_X_sp.
5360469611851e4552cfcbdf61bee888,Eukaryota,Cryptista_Cryptophyta_Cryptophyta_X,Cryptophyceae,Cryptomonadales,Cryptomonadales_X,Cryptomonadales_XX,Cryptomonadales_XX_sp.
bd360a50180860bc251d487c53a8447c,Eukaryota,TSAR_Alveolata_Dinoflagellata,Dinophyceae,Peridiniales,Thoracosphaeraceae,Cryptoperidiniopsis,Cryptoperidiniopsis_brodyi
11765bc66e7446dc56ccf727d7d1805a,Eukaryota,TSAR_Alveolata_Dinoflagellata,Dinophyceae,Dinophyceae_X,Dinophyceae_XX,Dinophyceae_XXX,Dinophyceae_XXX_sp.
5186145e036bfd3e96fcc39bcaea4467,Eukaryota,TSAR_Rhizaria_Radiolaria,Polycystinea,Spumellaria,Liosphaeroidea_X,Liosphaeroidea_XX,Liosphaeroidea_XX_sp.
9dfad55844effec78ac9a97180b4b42e,Eukaryota,TSAR_Alveolata_Dinoflagellata,Syndiniales,Dino-Group-III,Dino-Group-III_X,Dino-Group-III_XX,Dino-Group-III_XX_sp.
c021ce9c1325bf66fb9b8848f6b4c63c,Eukaryota,Obazoa_Opisthokonta_Fungi,Ascomycota,Pezizomycotina,Eurotiomycetes,Aspergillus,Aspergillus_oryzae
36f21a3467c19748a127b1814c7b6a9d,Eukaryota,TSAR_Alveolata_Dinoflagellata,,,,,
8d7854cfec2e327450f6916ff34a79c7,Eukaryota,TSAR_Telonemia_Telonemia_X,Telonemia_XX,Telonemia_XXX,Telonemia-Group-1,Telonemia-Group-1_X,Telonemia-Group-1_X_sp.
ed5efbff4b4d99b13d5cd513d6dab9d0,Eukaryota,TSAR_Rhizaria_Radiolaria,Acantharea,Acantharea_4,Acantharea_4d,Acantharea_4d_X,Acantharea_4d_X_sp.
adfd3d67ab374f3b045be50a051f6e0f,Eukaryota,TSAR_Stramenopiles_Bigyra,Opalozoa,Nanomonadea,MAST-3,MAST-3I,MAST-3I_sp.
ce7eee5ee7a5295b779303bc08140c3c,Eukaryota,Archaeplastida_Chlorophyta_Chlorophyta_X,Trebouxiophyceae,,,,
0db257c24924b2c6174b3d0f2ed2fa07,Eukaryota,Haptista_Haptophyta_Haptophyta_X,Prymnesiophyceae,Phaeocystales,Phaeocystaceae,Phaeocystis,Phaeocystis_sp.
3ed9ba6b9f7dc13b851a6931fa45ea8f,Eukaryota,Cryptista_Cryptophyta_Cryptophyta_X,Cryptophyceae,Cryptomonadales,Cryptomonadales_X,Guillardia,Guillardia_theta
cede0b060d84b599687f9d7013770fb3,Eukaryota,TSAR_Alveolata_Dinoflagellata,Syndiniales,Dino-Group-II,Dino-Group-II-Clade-4,,
ffaa66b21111b9d1e441b8dc8d04e03c,Eukaryota,TSAR_Alveolata_Dinoflagellata,Syndiniales,Dino-Group-I,Dino-Group-I-Clade-2,Dino-Group-I-Clade-2_X,Dino-Group-I-Clade-2_X_sp.
631a758719743cedfcd24a1eab6d632c,Eukaryota,TSAR_Alveolata_Dinoflagellata,Syndiniales,Dino-Group-II,Dino-Group-II-Clade-13,Dino-Group-II-Clade-13_X,Dino-Group-II-Clade-13_X_sp.
b6264905373b18d021c87ca5ebf2e770,Eukaryota,TSAR_Rhizaria_Radiolaria,Acantharea,Acantharea_2,Acantharea_2b,Acantharea_2b_X,Acantharea_2b_X_sp.
02d15fe0a4e9a73349a3cf1be6ee310d,Eukaryota,TSAR_Alveolata_Ciliophora,Prostomatea,Prorodontida,Urotrichidae,,
75709ce8e1eeda47c3e32b135d748493,Eukaryota,Haptista_Haptophyta_Haptophyta_X,Prymnesiophyceae,Prymnesiales,Chrysochromulinaceae,Chrysochromulina,Chrysochromulina_parva
835c928c8d0129b6f9ada2a215e137eb,Eukaryota,TSAR_Alveolata_Dinoflagellata,Syndiniales,Dino-Group-II,Dino-Group-II-Clade-26,Dino-Group-II-Clade-26_X,Dino-Group-II-Clade-26_X_sp.
8fb4db4b8c5d1ee7fd8f8bd45b68ef4b,Eukaryota,Obazoa_Opisthokonta_Fungi,Basidiomycota,Agaricomycotina,Tremellomycetes,Trichosporon,
9a3f55d123213953d6bb88388223d085,Eukaryota,TSAR_Stramenopiles_Gyrista,Bacillariophyceae,Bacillariales,Bacillariaceae,,
8a180e4608351806c1b4a402b9f3bd08,Eukaryota,Cryptista_Cryptophyta_Cryptophyta_X,Cryptophyceae,Cryptomonadales,Cryptomonadales_X,Cryptomonadales_XX,Cryptomonadales_XX_sp.
a137ff67db15fa8cb95fddb8f3bbf4e3,Eukaryota,TSAR_Alveolata_Ciliophora,Spirotrichea,Choreotrichida-Tintinnina,Tintinnidae,Tintinnidae_X,Tintinnidae_X_sp.
64ce03452174595c32641bcb65211ef4,Eukaryota,Haptista_Haptophyta_Haptophyta_X,Prymnesiophyceae,Prymnesiales,Chrysochromulinaceae,Chrysochromulina,Chrysochromulina_sp.
7ab469e78a0fad82bfe9eecd69419845,Eukaryota,TSAR_Alveolata_Dinoflagellata,Dinophyceae,Gonyaulacales,Ceratiaceae,Tripos,
da4aba2580ae35959d0b52834e6eabd0,Eukaryota,TSAR_Stramenopiles_Gyrista,Mediophyceae,Biddulphiales,Biddulphiaceae,Biddulphia,
eb4b872d729bd5b2a5265d7ee6bf93b4,Eukaryota,Haptista_Haptophyta_Haptophyta_X,Prymnesiophyceae,Prymnesiales,Prymnesiaceae,,
8c709ec5b8525eafc2d20e2b65e1d499,Eukaryota,TSAR_Alveolata_Dinoflagellata,Syndiniales,Dino-Group-III,Dino-Group-III_X,Dino-Group-III_XX,Dino-Group-III_XX_sp.
1eeeb9fe021f535f34bf7ff51757543e,Eukaryota,TSAR_Alveolata_Dinoflagellata,Dinophyceae,,,,
f992d9b00e7221335f3c4a47bb654316,Eukaryota,TSAR_Alveolata_Dinoflagellata,Dinophyceae,Dinophyceae_X,Dinophyceae_XX,Dinophyceae_XXX,Dinophyceae_XXX_sp.
5cdffd69ca54d5aee891f8d8bf9a7e84,Eukaryota,TSAR_Alveolata_Dinoflagellata,Syndiniales,Dino-Group-I,,,
5fa9775eaa723c0a1d7f0f0ab462dc21,Eukaryota,TSAR_Alveolata_Dinoflagellata,Dinophyceae,,,,
7639602df18ead7b268826f8609a7a3d,Eukaryota,TSAR_Stramenopiles_Gyrista,Pinguiophyceae,Pinguiochrysidales,Pinguiochrysidaceae,Phaeomonas,Phaeomonas_parva
fbe818ed8d26fc58723b219c1f8a96b3,Eukaryota,TSAR_Alveolata_Dinoflagellata,Syndiniales,Dino-Group-II,Dino-Group-II-Clade-10-and-11,Dino-Group-II-Clade-10-and-11_X,Dino-Group-II-Clade-10-and-11_X_sp.
3edf8c037af177f129f5c95aeb3c6392,Eukaryota,Archaeplastida_Chlorophyta_Chlorophyta_X,Mamiellophyceae,Dolichomastigales,Dolichomastigaceae,Dolichomastigaceae-B,Dolichomastigaceae-B_sp.
9a56b58ce48e1498b5ea3ef6f9693543,Eukaryota,TSAR_Rhizaria_Cercozoa,Filosa-Thecofilosea,Ebriacea,Ebriidae,Ebria,Ebria_tripartita
b11ea0f7b9fe0112feca454f558a19f7,Eukaryota,TSAR_Rhizaria_Cercozoa,Filosa-Imbricatea,Filosa-Imbricatea_X,Novel-clade-2,Novel-clade-2_X,Novel-clade-2_X_sp.
ef284e9bffb2307a3985464f267ba146,Eukaryota,TSAR_Alveolata_Dinoflagellata,Dinophyceae,Dinophyceae_X,Dinophyceae_XX,Dinophyceae_XXX,Dinophyceae_XXX_sp.
ffc6f546964deb5fb9ee5c801362afdf,Eukaryota,TSAR_Alveolata_Apicomplexa,Gregarinomorphea,Eugregarinorida,Porosporidae,Porosporidae_X,Porosporidae_X_sp.
096de31aa5f8efa806a83b47fd1701da,Eukaryota,Excavata_Discoba_Euglenozoa,Diplonemea,Diplonemida,Eupelagonemidae,Eupelagonemidae_X,Eupelagonemidae_X_sp.
1ac4513fb891cecf51be190de11221db,Eukaryota,Archaeplastida_Prasinodermophyta_Prasinodermophyta_X,Prasinodermophyceae,Prasinodermales,Prasinodermaceae,Prasinodermaceae_X,Prasinodermaceae_X_sp.
5ce036f7b8817a7c27ec31b7a4814bb8,Eukaryota,TSAR_Alveolata_Dinoflagellata,Dinophyceae,Dinophyceae_X,Dinophyceae_XX,Dinophyceae_XXX,Dinophyceae_XXX_sp.
a6c5c7b6a6f2610901c0a696e31e124b,Eukaryota,TSAR_Alveolata_Dinoflagellata,,,,,
c845a72f22e6011158e790dbf694d573,Eukaryota,TSAR_Alveolata_Dinoflagellata,Syndiniales,Dino-Group-II,Dino-Group-II-Clade-14,Dino-Group-II-Clade-14_X,Dino-Group-II-Clade-14_X_sp.
21beadb16b9bc4edec2ca3366cba181d,Eukaryota,Obazoa_Opisthokonta_Fungi,Ascomycota,Pezizomycotina,Pezizomycetes,Pyronema,Pyronema_omphalodes
5afb38759728d9223139e3399fa1122a,Eukaryota,TSAR_Alveolata_Dinoflagellata,Dinophyceae,Gonyaulacales,Pyrophacaceae,Fragilidium,Fragilidium_sp.
7e9cdc7bf972fa007d372ed014384b59,Eukaryota,TSAR_Rhizaria_Radiolaria,Acantharea,Acantharea_2,Acantharea_2a,Acantharea_2a_X,Acantharea_2a_X_sp.
ad4623c15d7fa4f9722668221ad1a497,Eukaryota,TSAR_Rhizaria_Cercozoa,Filosa-Thecofilosea,Cryomonadida,Cryothecomonas-lineage,,
43596b5b30af54bcd3cdb32161098f81,Eukaryota,TSAR_Alveolata_Dinoflagellata,Dinophyceae,Dinophyceae_X,Dinophyceae_XX,Dinophyceae_XXX,Dinophyceae_XXX_sp.
c17a350cc89365445e67590f8b68954d,Eukaryota,Archaeplastida_Chlorophyta_Chlorophyta_X,Prasino-Clade-9,Prasino-Clade-9_X,Prasino-Clade-9_XX,Prasino-Clade-9_XXX,Prasino-Clade-9_XXX_sp.
c3448866254dcbccb32ca8eb2b29df4e,Eukaryota,Obazoa_Opisthokonta_Fungi,Basidiomycota,Agaricomycotina,Agaricomycetes,Phanerochaete,Phanerochaete_chrysosporium
ead9a2314ff2579caa0e4ddbfca1aa0b,Eukaryota,TSAR_Alveolata_Dinoflagellata,Dinophyceae,,,,
2ea216eefae62631a6db1c5c02632247,Eukaryota,TSAR_Alveolata_Dinoflagellata,Dinophyceae,Peridiniales,Thoracosphaeraceae,Apocalathium,
ce611d59faa490389f0b234c2cc27299,Eukaryota,TSAR_Alveolata_Dinoflagellata,Syndiniales,Dino-Group-II,Dino-Group-II-Clade-10-and-11,Dino-Group-II-Clade-10-and-11_X,Dino-Group-II-Clade-10-and-11_X_sp.
d9645213f8f9991bc6e8e12ceaa5268b,Eukaryota,TSAR_Alveolata_Dinoflagellata,Syndiniales,Dino-Group-II,Dino-Group-II-Clade-1,Dino-Group-II-Clade-1_X,Dino-Group-II-Clade-1_X_sp.
bc464500f06ed8b244e5fb9cc8c8a47f,Eukaryota,TSAR_Alveolata_Dinoflagellata,Syndiniales,Dino-Group-II,Dino-Group-II-Clade-1,Dino-Group-II-Clade-1_X,Dino-Group-II-Clade-1_X_sp.
cf5099a14a361e07df41749f6e834edc,Eukaryota,TSAR_Rhizaria_Radiolaria,Polycystinea,Spumellaria,Pyloniidae,,
b28c25eb5b826bd81e864eef230f638f,Eukaryota,TSAR_Alveolata_Dinoflagellata,Dinophyceae,,,,
20a7bf1ee6dcf1a001316e7997b3f8c0,Eukaryota,TSAR_Alveolata_Ciliophora,CONThreeP,CONThreeP_X,Discotrichidae,NASSO_1,NASSO_1_sp.
3e95e83c2b44df9b702d6df83179ca5a,Eukaryota,TSAR_Alveolata_Dinoflagellata,Syndiniales,Dino-Group-II,,,
ec42d10125cab37e1e100a601384f4d6,Eukaryota,TSAR_Stramenopiles_Gyrista,Chrysophyceae,Chrysophyceae_Clade-EC2H,Chrysophyceae_Clade-EC2H_X,Chrysophyceae_Clade-EC2H_XX,Chrysophyceae_Clade-EC2H_XX_sp.
2bc5f9b4e4ce79d249a164299912490f,Eukaryota,TSAR_Alveolata_Ciliophora,Spirotrichea,Oligotrichida,Tontoniidae,Laboea,Laboea_sp.
89223ad8d0b1c5f8a3474a0051d9af51,Eukaryota,Obazoa_Opisthokonta_Fungi,Ascomycota,Saccharomycotina,Saccharomycetales,Galactomyces,Galactomyces_sp.
98377609fc11b18cdeb0c5aa39fb74ec,Eukaryota,TSAR_Alveolata_Dinoflagellata,Syndiniales,Dino-Group-II,Dino-Group-II_X,Dino-Group-II_XX,Dino-Group-II_XX_sp.
63359d4d53bab9b3670442d7074205ce,Eukaryota,TSAR_Alveolata_Ciliophora,Oligohymenophorea,OLIGO5,OLIGO5_X,OLIGO5_XX,OLIGO5_XX_sp.
47c88092372cc1fc75c3ee1e827723eb,Eukaryota,TSAR_Alveolata_Dinoflagellata,Syndiniales,Dino-Group-II,Dino-Group-II-Clade-6,Dino-Group-II-Clade-6_X,Dino-Group-II-Clade-6_X_sp.
a6d91049698e59cb7ec83a3ad9ef5485,Eukaryota,TSAR_Alveolata_Dinoflagellata,Dinophyceae,Gymnodiniales,Warnowiaceae,Erythropsidinium,Erythropsidinium_sp.
d3a6b8f845af01a6441170d1bacdf742,Eukaryota,TSAR_Stramenopiles_Gyrista,Chrysophyceae,Paraphysomonadales,Paraphysomonadales_Clade-EC1Ga,Paraphysomonadales_Clade-EC1Ga_X,Paraphysomonadales_Clade-EC1Ga_X_sp.
23f90d197a59e5b2642bf8770127052f,Eukaryota,TSAR_Rhizaria_Radiolaria,Polycystinea,Spumellaria,Astrosphaeridae,Cladococcus,Cladococcus_scoparius
f34b7618234969de04bed9c70266e5e8,Eukaryota,TSAR_Stramenopiles_Gyrista,MOCH-2,MOCH-2_X,MOCH-2_XX,MOCH-2_XXX,MOCH-2_XXX_sp.
a992bf42946de1fe46aec6c70fe5a218,Eukaryota,TSAR_Alveolata_Dinoflagellata,Dinophyceae,Dinophyceae_X,Dinophyceae_XX,Dinophyceae_XXX,Dinophyceae_XXX_sp.
df6395e3db43c1981d2eba2515413fd7,Eukaryota,TSAR_Alveolata_Dinoflagellata,Dinophyceae,Dinophyceae_X,Dinophyceae_XX,Dinophyceae_XXX,Dinophyceae_XXX_sp.
fa29692cf464b2fcb20021a001130548,Eukaryota,TSAR_Alveolata_Dinoflagellata,Syndiniales,Dino-Group-II,Dino-Group-II-Clade-10-and-11,Dino-Group-II-Clade-10-and-11_X,Dino-Group-II-Clade-10-and-11_X_sp.
6c5dc617ddc17682426b7bcb66324329,Eukaryota,TSAR_Alveolata_Dinoflagellata,Syndiniales,Dino-Group-II,Dino-Group-II_X,Dino-Group-II_XX,Dino-Group-II_XX_sp.
984c8de91900f4768e518d4d85b673f9,Eukaryota,Excavata_Discoba_Euglenozoa,Diplonemea,Diplonemida,Eupelagonemidae,Eupelagonemidae_X,Eupelagonemidae_X_sp.
5cbb12e0fe5c80b6ef541f1d72049bb0,Eukaryota,Haptista_Haptophyta_Haptophyta_X,Haptophyta_XX,Haptophyta_XXX,Haptophyta_XXXX,Haptophyta_XXXXX,Haptophyta_XXXXX_sp.
6d1d8c793862715c5af324c2aa6f3282,Eukaryota,Haptista_Haptophyta_Haptophyta_X,Prymnesiophyceae,Prymnesiales,Chrysochromulinaceae,Chrysochromulina,Chrysochromulina_sp.
2fc924227b172d5b665f9b92dc9ac3c7,Eukaryota,TSAR_Rhizaria_Cercozoa,Filosa-Imbricatea,Filosa-Imbricatea_X,Novel-clade-2,Novel-clade-2_X,Novel-clade-2_X_sp.
abbdf52e3153d438825616b36c9653ce,Eukaryota,TSAR_Alveolata_Dinoflagellata,Dinophyceae,,,,
ff3ddbe7daccd9cdff2e86c671bb09a1,Eukaryota,Obazoa_Opisthokonta_Fungi,Basidiomycota,Ustilaginomycotina,Exobasidiomycetes,Exobasidiomycetes_X,Exobasidiomycetes_X_sp.
846fb2f175d46b4ba343f6feec388a6c,Eukaryota,TSAR_Alveolata_Ciliophora,CONThreeP,CONThreeP_X,CONThreeP_XX,Askenasia,Askenasia_sp.
b621eb7d9b8febe86948b249d5b701f3,Eukaryota,TSAR_Alveolata_Dinoflagellata,Dinophyceae,Gonyaulacales,Pyrocystaceae,Alexandrium,Alexandrium_sp.
018a275ba167bc81290f2f0f029ee9c5,Eukaryota,Haptista_Haptophyta_Haptophyta_X,Prymnesiophyceae,Prymnesiales,Chrysochromulinaceae,Chrysochromulina,Chrysochromulina_sp.
73d52f67848f09a3dcb357a2627cdc03,Eukaryota,TSAR_Alveolata_Dinoflagellata,Dinophyceae,Dinophyceae_X,Dinophyceae_XX,Dinophyceae_XXX,Dinophyceae_XXX_sp.
7c923e429cedcb571c1184bf7b3da1aa,Eukaryota,TSAR_Alveolata_Dinoflagellata,Dinophyceae,Peridiniales,Podolampadaceae,Blepharocysta,
0d67278c5facbaaf52f8fe29aa547a14,Eukaryota,TSAR_Alveolata_Dinoflagellata,Syndiniales,Dino-Group-II,Dino-Group-II-Clade-16,Dino-Group-II-Clade-16_X,Dino-Group-II-Clade-16_X_sp.
2e0a664ddfd65d3cb62c186fdd8d90c2,Eukaryota,Haptista_Haptophyta_Haptophyta_X,Prymnesiophyceae,Prymnesiales,Chrysochromulinaceae,Chrysochromulina,Chrysochromulina_sp.
aade2eca14c9971826c70ef9eb8b8285,Eukaryota,TSAR_Alveolata_Dinoflagellata,Syndiniales,Dino-Group-II,Dino-Group-II-Clade-7,Dino-Group-II-Clade-7_X,Dino-Group-II-Clade-7_X_sp.
c9590569005b5f1e1b7ec7478c7d0959,Eukaryota,TSAR_Rhizaria_Radiolaria,Polycystinea,Spumellaria,Pyloniidae,Pylodiscus,Pylodiscus_spinulosus
e24b99fc6c49046c921ec4b65b2f6f81,Eukaryota,TSAR_Alveolata_Dinoflagellata,Syndiniales,Dino-Group-I,Dino-Group-I-Clade-2,Dino-Group-I-Clade-2_X,Dino-Group-I-Clade-2_X_sp.
e14306dc1710c94d3f61308bb5c35312,Eukaryota,Obazoa_Opisthokonta_Fungi,Ascomycota,Pezizomycotina,Eurotiomycetes,Penicillium,
e4193c723e3ca870e3a4086696c0191e,Eukaryota,TSAR_Alveolata_Dinoflagellata,Dinophyceae,,,,
33e620df6baff0952431b2899683b624,Eukaryota,TSAR_Alveolata_Ciliophora,Spirotrichea,Choreotrichida-Tintinnina,Tintinnidae,Amphorellopsis,
3a0453dca60a47620f9c96ab0505dc67,Eukaryota,TSAR_Alveolata_Dinoflagellata,Dinophyceae,Peridiniales,Blastodiniaceae,Blastodinium,Blastodinium_sp.
5cd30a85341264750d1543ea1816b119,Eukaryota,TSAR_Alveolata_Dinoflagellata,Dinophyceae,Dinophyceae_X,Dinophyceae_XX,Dinophyceae_XXX,Dinophyceae_XXX_sp.
6d5d5ebbc6bbeb4a9d1da1ead1ab53e3,Eukaryota,TSAR_Alveolata_Dinoflagellata,Dinophyceae,Peridiniales,Blastodiniaceae,Blastodinium,Blastodinium_mangini
9be66bf9970aadb8499a1da9e3b60648,Eukaryota,TSAR_Alveolata_Ciliophora,Oligohymenophorea,Apostomatia,Opalinopsidae,Chromidina,Chromidina_sp.
b8c51007868c31680773d85e8b9308eb,Eukaryota,Obazoa_Opisthokonta_Choanoflagellata,Choanoflagellatea,Craspedida,Monosigidae_Group_B,Monosigidae_Group_B_X,Monosigidae_Group_B_X_sp.
5983ce337576e5a094c45385825e541e,Eukaryota,TSAR_Alveolata_Dinoflagellata,Syndiniales,Dino-Group-II,Dino-Group-II_X,Dino-Group-II_XX,Dino-Group-II_XX_sp.
9821ce2e258e3de84492b4516f4e560c,Eukaryota,TSAR_Alveolata_Dinoflagellata,Syndiniales,Dino-Group-II,Dino-Group-II-Clade-20,Dino-Group-II-Clade-20_X,Dino-Group-II-Clade-20_X_sp.
dae068036d75a2cb1f9a75d89670eaab,Eukaryota,Archaeplastida_Chlorophyta_Chlorophyta_X,Chloropicophyceae,Chloropicales,Chloropicaceae,Chloropicon,Chloropicon_roscoffensis
b82a1ff99f40db0d93fcdb92ffcb9ab8,Eukaryota,TSAR_Telonemia_Telonemia_X,Telonemia_XX,Telonemia_XXX,Telonemia-Group-2,Telonemia-Group-2_X,Telonemia-Group-2_X_sp.
c64651c4bde123f3c41ac6ca6ef1a666,Eukaryota,TSAR_Alveolata_Dinoflagellata,Syndiniales,Dino-Group-I,Dino-Group-I-Clade-2,Dino-Group-I-Clade-2_X,Dino-Group-I-Clade-2_X_sp.
308ae17d046fd620cd3491b970794560,Eukaryota,TSAR_Alveolata_Dinoflagellata,Syndiniales,Dino-Group-II,Dino-Group-II-Clade-10-and-11,Dino-Group-II-Clade-10-and-11_X,Dino-Group-II-Clade-10-and-11_X_sp.
56b32f996757257e812296551e8ad75f,Eukaryota,TSAR_Alveolata_Dinoflagellata,Syndiniales,Dino-Group-II,Dino-Group-II-Clade-2,Dino-Group-II-Clade-2_X,Dino-Group-II-Clade-2_X_sp.
b02d7003e827269c01b94975dcc745c2,Eukaryota,TSAR_Alveolata_Dinoflagellata,Syndiniales,Dino-Group-II,Dino-Group-II-Clade-26,Dino-Group-II-Clade-26_X,Dino-Group-II-Clade-26_X_sp.
fc24ebb47784cc904d75e5d3a0cf9ec5,Eukaryota,TSAR_Alveolata_Dinoflagellata,Syndiniales,Dino-Group-II,Dino-Group-II-Clade-7,Dino-Group-II-Clade-7_X,Dino-Group-II-Clade-7_X_sp.
172d5b72ac3bb356bf437f49ad090029,Eukaryota,TSAR_Alveolata_Dinoflagellata,Dinophyceae,,,,
caaadd20c568282a63d05eadd526dee3,Eukaryota,TSAR_Alveolata_Dinoflagellata,Syndiniales,Dino-Group-II,Dino-Group-II-Clade-9,Dino-Group-II-Clade-9_X,Dino-Group-II-Clade-9_X_sp.
fc508d6eb41507a124d57dbe0b7da7e0,Eukaryota,TSAR_Alveolata_Dinoflagellata,Dinophyceae,,,,
2175d4d6bcdb40cb9351ea9868a9716c,Eukaryota,TSAR_Stramenopiles_Gyrista,Dictyochophyceae,Dictyochophyceae_X,Dictyochophyceae_XX,Dictyochophyceae_XXX,Dictyochophyceae_XXX_sp.
60d305afbe61162eb61592b0409fac52,Eukaryota,TSAR_Alveolata_Dinoflagellata,Dinophyceae,Peridiniales,Blastodiniaceae,Blastodinium,Blastodinium_contortum
93b9df86a9129697f7a3c41970c425ed,Eukaryota,TSAR_Alveolata_Dinoflagellata,Syndiniales,Dino-Group-I,Dino-Group-I-Clade-6,Dino-Group-I-Clade-6_X,Dino-Group-I-Clade-6_X_sp.
01eb85966ce88e798cd84d2e9f74f6f9,Eukaryota,TSAR_Alveolata_Dinoflagellata,Syndiniales,Dino-Group-I,Dino-Group-I-Clade-5,Dino-Group-I-Clade-5_X,Dino-Group-I-Clade-5_X_sp.
7eea74c38f97a655f19278d02f3b3eb6,Eukaryota,TSAR_Rhizaria_Radiolaria,Polycystinea,Spumellaria,Pyloniidae,,
36a1e9a28f149c0065ebedc3802b794c,Eukaryota,TSAR_Rhizaria_Radiolaria,Polycystinea,Nassellaria,Collosphaeridae,Siphonosphaera,Siphonosphaera_abyssi
47bb4448e23aef9f7f74e86aee11e9f0,Eukaryota,TSAR_Alveolata_Dinoflagellata,Dinophyceae,Peridiniales,Protoperidiniaceae,Protoperidinium,Protoperidinium_crassipes
330842107dda7d5d8db4b44ee891d3e3,Eukaryota,TSAR_Alveolata_Dinoflagellata,Dinophyta_X,Dinophyta_XX,Dinophyta_XXX,Dinophyta_XXXX,Dinophyta_XXXX_sp.
6d1fe396531b6323814fa94122c838df,Eukaryota,TSAR_Alveolata_Dinoflagellata,Syndiniales,Dino-Group-II,,,
c3ee6960bc831e365ac89c2dc3301af0,Eukaryota,TSAR_Alveolata_Dinoflagellata,Dinophyceae,Gonyaulacales,Lingulodiniaceae,Lingulodinium,Lingulodinium_polyedra
f4f3062148bceba9574058e42d744aab,Eukaryota,TSAR_Alveolata_Dinoflagellata,Dinophyceae,,,,
7d9a7aac18032d82949b577a8749fa86,Eukaryota,Cryptista_Cryptophyta_Cryptophyta_X,Cryptophyceae,Goniomonadales,Goniomonadales_X,Goniomonas,Goniomonas_sp.
1bac6d9b223b52d2eb57e79613ac7588,Eukaryota,TSAR_Alveolata_Dinoflagellata,Syndiniales,Dino-Group-II,Dino-Group-II-Clade-21,Dino-Group-II-Clade-21_X,Dino-Group-II-Clade-21_X_sp.
8ef32f2daa6ec6c62a12c6992ba77519,Eukaryota,TSAR_Alveolata_Ciliophora,Spirotrichea,Oligotrichida,Tontoniidae,Spirotontonia,Spirotontonia_sp.
92543965ba165ca1b86352ef454046b6,Eukaryota,TSAR_Alveolata_Ciliophora,Prostomatea_1,Prostomatea_1_X,Colepidae,,
0b9a5237c349e950dedafd5bddd9c8a2,Eukaryota,TSAR_Alveolata_Dinoflagellata,Syndiniales,Dino-Group-I,Dino-Group-I-Clade-1,Dino-Group-I-Clade-1_X,Dino-Group-I-Clade-1_X_sp.
65625c8cd95cbf66daaf7b912bdfcde2,Eukaryota,Haptista_Haptophyta_Haptophyta_X,Prymnesiophyceae,Prymnesiales,Chrysochromulinaceae,Chrysochromulina,Chrysochromulina_sp.
6842af99c3cde5dcc170b43ceb6a495b,Eukaryota,TSAR_Rhizaria_Radiolaria,Polycystinea,Nassellaria,Lophophaenidae,Lophophaenidae_X,Lophophaenidae_X_sp.
2733d04eed4ca6df408d1c72153a5f11,Eukaryota,TSAR_Alveolata_Dinoflagellata,Syndiniales,,,,
4c73e205bdf3396f8b070f55046a7166,Eukaryota,TSAR_Alveolata_Dinoflagellata,Syndiniales,Dino-Group-I,Dino-Group-I-Clade-5,Dino-Group-I-Clade-5_X,Dino-Group-I-Clade-5_X_sp.
700beabe83ce69d2c0a95a80fc4de115,Eukaryota,TSAR_Rhizaria_Cercozoa,Filosa-Thecofilosea,Cryomonadida,Cryomonadida_X,Cryomonadida_XX,Cryomonadida_XX_sp.
ab75de2cd8424dc9acca6727a715c686,Eukaryota,Obazoa_Opisthokonta_Fungi,Chytridiomycota,Chytridiales,Chytridiales_X,Chytridiales_XX,Chytridiales_XX_sp.
45be7e8b73f08412c792e7dc3d7a5451,Eukaryota,TSAR_Alveolata_Dinoflagellata,Syndiniales,Dino-Group-II,Dino-Group-II-Clade-14,Dino-Group-II-Clade-14_X,Dino-Group-II-Clade-14_X_sp.
87d1e4d215e058abc327f07725bfd354,Eukaryota,TSAR_Alveolata_Dinoflagellata,Syndiniales,Dino-Group-II,Dino-Group-II-Clade-1,Dino-Group-II-Clade-1_X,Dino-Group-II-Clade-1_X_sp.
171a44ff92a8f03ce0d11b3235ffdd48,Eukaryota,TSAR_Alveolata_Dinoflagellata,Syndiniales,Dino-Group-I,Dino-Group-I-Clade-4,Euduboscquella,
46b4e7829f9b1c42c70a8fe0dedafe6e,Eukaryota,Obazoa_Opisthokonta_Choanoflagellata,Choanoflagellatea,Acanthoecida,Stephanoecidae_Group_D,Stephanoecidae_Group_D_X,Stephanoecidae_Group_D_X_sp.
4ce473179ba2b3ee66b33ee2faaf4e16,Eukaryota,TSAR_Alveolata_Dinoflagellata,Syndiniales,Dino-Group-II,Dino-Group-II-Clade-7,Dino-Group-II-Clade-7_X,Dino-Group-II-Clade-7_X_sp.
b7c02773672438a4732f552d9612ff63,Eukaryota,TSAR_Alveolata_Dinoflagellata,Syndiniales,Dino-Group-II,Dino-Group-II-Clade-6,Dino-Group-II-Clade-6_X,Dino-Group-II-Clade-6_X_sp.
4d662a20e52dc761b0ddbd0fd2dd2490,Eukaryota,TSAR_Alveolata_Ciliophora,Spirotrichea,Oligotrichida,Strombidiidae,,
b64869eecde246677660f7da58b0b60f,Eukaryota,TSAR_Alveolata_Ciliophora,CONThreeP,CONThreeP_X,Discotrichidae,NASSO_1,NASSO_1_sp.
fc307be6772000a563e46ded68c11137,Eukaryota,TSAR_Stramenopiles_Gyrista,Coscinodiscophyceae,Rhizosoleniales,Rhizosoleniaceae,Rhizosolenia,Rhizosolenia_fallax
2618f7b4224fca92e61fd79440f58693,Eukaryota,TSAR_Rhizaria_Cercozoa,Filosa-Thecofilosea,Cryomonadida,Protaspa-lineage,Protaspa-lineage_X,Protaspa-lineage_X_sp.
8e71450995a32ef06e8553a204562dae,Eukaryota,TSAR_Alveolata_Dinoflagellata,Syndiniales,Dino-Group-II,Dino-Group-II-Clade-10-and-11,Dino-Group-II-Clade-10-and-11_X,Dino-Group-II-Clade-10-and-11_X_sp.
29d12b3e2be05d64a7af9e96bb39b495,Eukaryota,TSAR_Alveolata_Dinoflagellata,Dinophyceae,Dinophyceae_X,Dinophyceae_XX,Dinophyceae_XXX,Dinophyceae_XXX_sp.
8fb76753aceeaef7b90511fe81d6f9d0,Eukaryota,Archaeplastida_Streptophyta_Streptophyta_X,Embryophyceae,Embryophyceae_X,Embryophyceae_XX,Brassica,Brassica_rapa
9bb560420898c7993d6f5381fc7a612a,Eukaryota,Excavata_Discoba_Euglenozoa,Diplonemea,Diplonemida,Eupelagonemidae,Eupelagonemidae_X,Eupelagonemidae_X_sp.
fa00452bc667e80aa1ff09507063f05a,Eukaryota,TSAR_Alveolata_Ciliophora,Spirotrichea,Oligotrichida,Strombidiidae,,
a6602e748531aef4594265f457a6a590,Eukaryota,Archaeplastida_Chlorophyta_Chlorophyta_X,Trebouxiophyceae,Chlorellales,Chlorellales_X,Picochlorum,
1f1a102c1995dd0933d8219cf3ecf6cf,Eukaryota,TSAR_Rhizaria_Radiolaria,Polycystinea,Spumellaria,Astrosphaeridae,Heliosphaera,Heliosphaera_sp.
bc0da852aff2b70917fe60a58cbec9fe,Eukaryota,TSAR_Rhizaria_Radiolaria,Polycystinea,Spumellaria,Actinommidae,Actinomma,Actinomma_boreale
315b080e9f96a5105908cdabc1836842,Eukaryota,TSAR_Alveolata_,,,,,
73c966f3e3d18c103458e371910f40e0,Eukaryota,TSAR_Alveolata_Dinoflagellata,Syndiniales,Dino-Group-I,Dino-Group-I-Clade-5,Dino-Group-I-Clade-5_X,Dino-Group-I-Clade-5_X_sp.
8e1091066cf782a7ce95613ce8ec615b,Eukaryota,TSAR_Stramenopiles_Bigyra,Sagenista,Sagenista_X,MAST-4,MAST-4D,MAST-4D_sp.
df866ba86c4fdbb802ac14d364084e4a,Eukaryota,TSAR_Alveolata_Dinoflagellata,Syndiniales,Dino-Group-II,Dino-Group-II_X,Dino-Group-II_XX,Dino-Group-II_XX_sp.
f5d1bddace1a259d5ba9b277502baa45,Eukaryota,TSAR_Alveolata_Dinoflagellata,,,,,
604c6c776a3893bfbccf7a643aa15f0f,Eukaryota,TSAR_Alveolata_Ciliophora,Spirotrichea,Choreotrichida-Tintinnina,Rhabdonellidae,,
999ee9e2775265872be7bf5780d933a7,Eukaryota,TSAR_Alveolata_Dinoflagellata,Syndiniales,Dino-Group-II,Dino-Group-II-Clade-7,Dino-Group-II-Clade-7_X,Dino-Group-II-Clade-7_X_sp.
a4cb12cb9938ce322605aadda38c05ba,Eukaryota,TSAR_Alveolata_Dinoflagellata,Dinophyceae,,,,
bbbc9f0908358c340838a7fec4775cfe,Eukaryota,TSAR_Alveolata_Dinoflagellata,Dinophyceae,,,,
54ebb1000a28f17b68f29ad479e340dd,Eukaryota,TSAR_Alveolata_Dinoflagellata,Dinophyceae,Dinophyceae_X,Dinophyceae_XX,Dinophyceae_XXX,Dinophyceae_XXX_sp.
9ef4cb00433243a50846067ff1d6b3f1,Eukaryota,Archaeplastida_Chlorophyta_Chlorophyta_X,Ulvophyceae,Ulvales-relatives,Ulvales-relatives_X,Halochlorococcum,
0517c55dea9f6fcb7273bff506f5725e,Eukaryota,Obazoa_Opisthokonta_Fungi,Basidiomycota,Agaricomycotina,Agaricomycetes,,
ab9aec80c3bf15b45a39caa106e53326,Eukaryota,TSAR_Alveolata_Ciliophora,CONThreeP,CONThreeP_X,Discotrichidae,NASSO_1,NASSO_1_sp.
fc839e7ebad17df21355e1b59a1fed0e,Eukaryota,TSAR_Alveolata_Dinoflagellata,Dinophyceae,Dinophyceae_X,Dinophyceae_XX,Dinophyceae_XXX,Dinophyceae_XXX_sp.
01126b01dd608d1ca581013090a8435a,Eukaryota,TSAR_Alveolata_Dinoflagellata,Syndiniales,Dino-Group-I,Dino-Group-I-Clade-1,Dino-Group-I-Clade-1_X,Dino-Group-I-Clade-1_X_sp.
a6fe5395df9f638c00713faf52e2cb02,Eukaryota,TSAR_Alveolata_Dinoflagellata,Syndiniales,Dino-Group-II,Dino-Group-II-Clade-22,Dino-Group-II-Clade-22_X,Dino-Group-II-Clade-22_X_sp.
3de53e8901ae460431823bbc060e83ce,Eukaryota,TSAR_Rhizaria_Cercozoa,Filosa-Imbricatea,Filosa-Imbricatea_X,Novel-clade-2,Novel-clade-2_X,Novel-clade-2_X_sp.
4824b3248e8bca1ea5b61500b4b4fea1,Eukaryota,Cryptista_Kathablepharidacea_Kathablepharida,Kathablepharidea,Kathablepharidida,Kathablepharidida_X,Kathablepharidida_XX,Kathablepharidida_XX_sp.
51e06874d9c31acba5b12d9be3733840,Eukaryota,TSAR_Alveolata_Dinoflagellata,Dinophyceae,,,,
cb46f15f4c2db3b2de61eb368bf4c31c,Eukaryota,TSAR_Alveolata_Dinoflagellata,Syndiniales,Dino-Group-II,Dino-Group-II-Clade-1,Dino-Group-II-Clade-1_X,Dino-Group-II-Clade-1_X_sp.
668570b9d26adc889098c253b2b9dc3e,Eukaryota,TSAR_Stramenopiles_Gyrista,Mediophyceae,Chaetocerotales,Chaetocerotaceae,Chaetoceros,Chaetoceros_sp.
aaf1d4e785035819971cef9d62914f11,Eukaryota,TSAR_Alveolata_Dinoflagellata,Syndiniales,Dino-Group-II,Dino-Group-II-Clade-10-and-11,Dino-Group-II-Clade-10-and-11_X,Dino-Group-II-Clade-10-and-11_X_sp.
13fbdf4a1ef000b401a4b1ef8056cd1c,Eukaryota,TSAR_Alveolata_Dinoflagellata,Syndiniales,Dino-Group-II,Dino-Group-II-Clade-4,Amoebophrya,Amoebophrya_ceratii
23405cd40e4f239d81b6ac3d4ff7eede,Eukaryota,Excavata_Discoba_Euglenozoa,Diplonemea,Diplonemida,Eupelagonemidae,Eupelagonemidae_X,Eupelagonemidae_X_sp.
4fad08980bd154f68d3d728fa2ec3de7,Eukaryota,TSAR__,,,,,
6038710b6cf490ae1874c95a7b7fffeb,Eukaryota,TSAR_Alveolata_Dinoflagellata,Syndiniales,Dino-Group-II,Dino-Group-II-Clade-4,,
9cfce09fb730624d91238b64c1d37827,Eukaryota,TSAR_Alveolata_Dinoflagellata,Syndiniales,Dino-Group-II,Dino-Group-II-Clade-1,Dino-Group-II-Clade-1_X,Dino-Group-II-Clade-1_X_sp.
bbf41a7e1896a67325876bb5f6dfb9bc,Eukaryota,Obazoa_Opisthokonta_Fungi,Basidiomycota,Agaricomycotina,Agaricomycetes,,
cabfeb45ca64582bdc950cd36be38444,Eukaryota,TSAR_Alveolata_Dinoflagellata,Dinophyceae,Dinophyceae_X,Dinophyceae_XX,Dinophyceae_XXX,Dinophyceae_XXX_sp.
906facc8c62ef34591d0b469aef3870d,Eukaryota,TSAR_Stramenopiles_Bigyra,Bicoecea,,,,
b6c155bdc7fc1013b68a8f0cbef0e559,Eukaryota,TSAR_Stramenopiles_Gyrista,Bacillariophyceae,,,,
3573bb2504e3b07b2083270f2881d315,Eukaryota,TSAR_Alveolata_Dinoflagellata,Dinophyceae,Dinophyceae_X,Dinophyceae_XX,Dinophyceae_XXX,Dinophyceae_XXX_sp.
77df3060518373c6e3acdc6f527abf99,Eukaryota,TSAR_Alveolata_Dinoflagellata,Dinophyceae,Prorocentrales,Prorocentraceae,Prorocentrum,
92d11a9b08f37083ab828e565b9a6d4e,Eukaryota,TSAR_Alveolata_Dinoflagellata,Syndiniales,Dino-Group-II,Dino-Group-II-Clade-3,Dino-Group-II-Clade-3_X,Dino-Group-II-Clade-3_X_sp.
099c90099b85c43a9e21e542e7605fab,Eukaryota,TSAR_Alveolata_Dinoflagellata,Syndiniales,Dino-Group-II,Dino-Group-II_X,Dino-Group-II_XX,Dino-Group-II_XX_sp.
add5b586c98c992bbf91555985c08e13,Eukaryota,TSAR_Alveolata_Dinoflagellata,Dinophyceae,Dinophyceae_X,Dinophyceae_XX,Dinophyceae_XXX,Dinophyceae_XXX_sp.
86db0948c669e764ba1c368a358ceaca,Eukaryota,TSAR_Alveolata_Dinoflagellata,Dinophyceae,Dinophyceae_X,Dinophyceae_XX,Dinophyceae_XXX,Dinophyceae_XXX_sp.
cebcbc6220f11071215685a29884f971,Eukaryota,TSAR_Alveolata_Dinoflagellata,Dinophyceae,Dinophyceae_X,Dinophyceae_XX,Dinophyceae_XXX,Dinophyceae_XXX_sp.
eca535d521833cebb4b84c13c00d01fe,Eukaryota,TSAR_Alveolata_Dinoflagellata,Dinophyceae,Dinophyceae_X,Dinophyceae_XX,Dinophyceae_XXX,Dinophyceae_XXX_sp.
13ddb1a6e182d37dd5edbab406c8a43b,Eukaryota,TSAR_Alveolata_Dinoflagellata,Dinophyceae,Dinophyceae_X,Dinophyceae_XX,Dinophyceae_XXX,Dinophyceae_XXX_sp.
32346f8571d2baab3914c9067aa6101a,Eukaryota,Archaeplastida_Chlorophyta_Chlorophyta_X,Mamiellophyceae,Mamiellales,Bathycoccaceae,Ostreococcus,Ostreococcus_clade_B
9e2a3060bd7f7cafd9461af232d2b8f8,Eukaryota,TSAR_Alveolata_Dinoflagellata,Syndiniales,Dino-Group-II,Dino-Group-II-Clade-1,Dino-Group-II-Clade-1_X,Dino-Group-II-Clade-1_X_sp.
887b096fd9acdc87abb5eef0ce6bfc25,Eukaryota,TSAR_Alveolata_Dinoflagellata,Dinophyceae,Dinophyceae_X,Dinophyceae_XX,Dinophyceae_XXX,Dinophyceae_XXX_sp.
f2c7087b15a64a5ccc7b38ccd94997c1,Eukaryota,TSAR_Alveolata_Dinoflagellata,Dinophyceae,Peridiniales,Thoracosphaeraceae,Stoeckeria,Stoeckeria_algicida
ff107ab8eb10c56923d5e5df12ed07a8,Eukaryota,TSAR_Alveolata_Ciliophora,Spirotrichea,Choreotrichida-Tintinnina,Eutintinnidae,Eutintinnus,Eutintinnus_lusus-undae
c415257a74343d93163c763e4a6d48f2,Eukaryota,TSAR_Alveolata_Dinoflagellata,Dinophyceae,Prorocentrales,Prorocentraceae,Prorocentrum,Prorocentrum_sp.
77852aa056d1f99c7dd08875bd36f4d5,Eukaryota,TSAR_Alveolata_Alveolata_X,Alveolata_XX,Alveolata_XXX,Alveolata_XXXX,Alveolata_XXXXX,Alveolata_XXXXX_sp.
4d4a985d9af54549a9f09f8cd8885cfc,Eukaryota,TSAR_Alveolata_Dinoflagellata,Syndiniales,Dino-Group-II,Dino-Group-II-Clade-1,Dino-Group-II-Clade-1_X,Dino-Group-II-Clade-1_X_sp.
166e489f94f55b14a52b85e4407f1bc1,Eukaryota,Haptista_Haptophyta_Haptophyta_X,Prymnesiophyceae,Prymnesiales,Prymnesiaceae,,
8b0beb18ebe54a36e826016cb9b534cc,Eukaryota,TSAR_Alveolata_Dinoflagellata,Syndiniales,Dino-Group-II,Dino-Group-II-Clade-55,Dino-Group-II-Clade-55_X,Dino-Group-II-Clade-55_X_sp.
b2225e9c633a3408227fcfa69bef4fc1,Eukaryota,TSAR_Alveolata_Dinoflagellata,Syndiniales,Dino-Group-II,Dino-Group-II-Clade-10-and-11,Dino-Group-II-Clade-10-and-11_X,Dino-Group-II-Clade-10-and-11_X_sp.
03689c4ef267c98947941496c2a37468,Eukaryota,TSAR_Alveolata_Dinoflagellata,Dinophyceae,Prorocentrales,Prorocentraceae,Prorocentrum,Prorocentrum_sp.
0c7f445d6019403893761c4da787ce17,Eukaryota,Obazoa_Opisthokonta_Fungi,Basidiomycota,Ustilaginomycotina,Exobasidiomycetes,Tilletiopsis,Tilletiopsis_minor
1cad4906989034e0b70dcd2b59371aad,Eukaryota,TSAR_Alveolata_Dinoflagellata,Syndiniales,Dino-Group-II,Dino-Group-II_X,Dino-Group-II_XX,Dino-Group-II_XX_sp.
4869bed8685106c2d4fd5f5e2776830c,Eukaryota,Obazoa_Opisthokonta_Fungi,Ascomycota,Pezizomycotina,Dothideomycetes,,
84230f30f8c982c197dbf813f02561c5,Eukaryota,TSAR_Stramenopiles_Gyrista,Coscinodiscophyceae,Coscinodiscophyceae_X,Coscinodiscophyceae_XX,Coscinodiscophyceae_XXX,Coscinodiscophyceae_XXX_sp.
b0cf6b89fff7a65934a5a6899f09eb10,Eukaryota,TSAR_Alveolata_Dinoflagellata,Dinophyceae,Dinophyceae_X,Dinophyceae_XX,Dinophyceae_XXX,Dinophyceae_XXX_sp.
ef3a5f8d3b3548c2a95f39859a2fe387,Eukaryota,TSAR_Alveolata_Dinoflagellata,Dinophyceae,Dinophyceae_X,Dinophyceae_XX,Dinophyceae_XXX,Dinophyceae_XXX_sp.
9147a611b4796d8028ed0c040babb464,Eukaryota,TSAR_Alveolata_Ciliophora,Ciliophora_X,Ciliophora_XX,Protocruziidae,Protocruzia,Protocruzia_sp.
b42bba49fb79f7969333372a4df7c5a0,Eukaryota,TSAR_Alveolata_Dinoflagellata,Dinophyceae,Dinophyceae_X,Dinophyceae_XX,Dinophyceae_XXX,Dinophyceae_XXX_sp.
14a2fdd9887257edc07548a290438626,Eukaryota,TSAR_Alveolata_Dinoflagellata,Syndiniales,Dino-Group-II,Dino-Group-II-Clade-1,Dino-Group-II-Clade-1_X,Dino-Group-II-Clade-1_X_sp.
42103ed388fd1280e3725556ecf05a4d,Eukaryota,TSAR_Alveolata_Dinoflagellata,Dinophyceae,Dinophyceae_X,Dinophyceae_XX,Dinophyceae_XXX,Dinophyceae_XXX_sp.
a2b19950cb88456e9ecabbfdc011ea4f,Eukaryota,Obazoa_Opisthokonta_Fungi,Basidiomycota,Pucciniomycotina,Microbotryomycetes,Leucosporidium,
b59dec42efc27451ef78d8ab3da364bf,Eukaryota,TSAR_Rhizaria_Cercozoa,Endomyxa,Filoretidae,Filoretidae_X,Filoreta,Filoreta_sp.
969be1dc340085ccccc3682e43cc7838,Eukaryota,TSAR_Alveolata_Ciliophora,CONThreeP,CONThreeP_X,Discotrichidae,NASSO_1,NASSO_1_sp.
cb16867755b0cec04177d6e3e3eec7c9,Eukaryota,Obazoa_Opisthokonta_Choanoflagellata,Choanoflagellatea,Craspedida,Monosigidae_Group_B,Monosigidae_Group_B_X,Monosigidae_Group_B_X_sp.
f2765a51cbca62e7b67bab76d88b6980,Eukaryota,TSAR_Alveolata_Apicomplexa,Coccidiomorphea,Marosporida,Rhytidocystidae,Rhytidocystidae_X,Rhytidocystidae_X_sp.
547ab38df60a29fcf05c2f5fd866dfad,Eukaryota,TSAR_Alveolata_Dinoflagellata,,,,,
a33c629e48a83dba84f6f8e7984cae97,Eukaryota,Cryptista_Cryptophyta_Cryptophyta_X,Cryptophyceae,Pyrenomonadales,Pyrenomonadaceae,Rhodomonas,Rhodomonas_sp.
c6b3a2cae5e9eef6f7c243dab59103cf,Eukaryota,TSAR_Alveolata_Dinoflagellata,Syndiniales,Dino-Group-II,Dino-Group-II-Clade-1,Dino-Group-II-Clade-1_X,Dino-Group-II-Clade-1_X_sp.
de9271266aa28470edcb38273e3fcff9,Eukaryota,Obazoa_Apusomonada_Apusomonada_X,Apusomonadidae,Apusomonadidae_Group-1,Apusomonadidae_Group-1_X,Amastigomonas,Amastigomonas_sp.
57766268e82b42522334fdd103ec4fc3,Eukaryota,TSAR_Alveolata_Dinoflagellata,Syndiniales,Dino-Group-II,Dino-Group-II_X,Dino-Group-II_XX,Dino-Group-II_XX_sp.
5f15d8cbdddbf1f2d191e8478280ab1f,Eukaryota,TSAR_Alveolata_Ciliophora,Spirotrichea,Choreotrichida,Choreotrichida_X,Choreotrichida_XX,Choreotrichida_XX_sp.
6eee8febb4813aa884312fb05751063a,Eukaryota,TSAR_Alveolata_Ciliophora,Oligohymenophorea,Apostomatia,Opalinopsidae,Chromidina,Chromidina_sp.
e0084c2a4ab9e4d38f0a5015cab1fe96,Eukaryota,Cryptista_Cryptophyta_Cryptophyta_X,Cryptophyceae,Cryptophyceae-Basal-1,Cryptophyceae-Basal-1_X,Cryptophyceae-Basal-1_XX,Cryptophyceae-Basal-1_XX_sp.
e91bba266b751019fc65d81beea4f33b,Eukaryota,TSAR_Alveolata_Ciliophora,Oligohymenophorea,Apostomatia,Apostomatia_X,Apostomatia_XX,Apostomatia_XX_sp.
4dd1b25f6acdf6fd96ba3ebf90f54311,Eukaryota,Cryptista_Cryptophyta_Cryptophyta_X,Cryptophyceae,Cryptomonadales,Cryptomonadales_X,,
7c971faf757f344cc645c61df9d8b4c9,Eukaryota,Excavata_Discoba_Euglenozoa,Kinetoplastea,Neobodonida,,,
966ba043aad561b07d19c08d5cf05d00,Eukaryota,TSAR_Alveolata_Dinoflagellata,Syndiniales,Dino-Group-II,Dino-Group-II-Clade-7,Dino-Group-II-Clade-7_X,Dino-Group-II-Clade-7_X_sp.
c877100a2c4bfbb2987e976b49dd9cce,Eukaryota,TSAR_Alveolata_Dinoflagellata,Syndiniales,Dino-Group-II,Dino-Group-II-Clade-10-and-11,Dino-Group-II-Clade-10-and-11_X,Dino-Group-II-Clade-10-and-11_X_sp.
fe65f918d1ea7b89b4468d3312e251fd,Eukaryota,TSAR_Alveolata_Dinoflagellata,Dinophyceae,Dinophyceae_X,Dinophyceae_XX,Dinophyceae_XXX,Dinophyceae_XXX_sp.
9eedf12554321a75e20f6a987b0ad23a,Eukaryota,TSAR_Alveolata_Dinoflagellata,Syndiniales,Dino-Group-II,Dino-Group-II-Clade-15,Dino-Group-II-Clade-15_X,Dino-Group-II-Clade-15_X_sp.
be4f0293dfd9c8218c616de27bacdbb2,Eukaryota,TSAR_Alveolata_Dinoflagellata,Syndiniales,Dino-Group-I,Dino-Group-I-Clade-5,Dino-Group-I-Clade-5_X,Dino-Group-I-Clade-5_X_sp.
f7b4bcb2dd3568858344df84b053411d,Eukaryota,TSAR_Alveolata_Dinoflagellata,Syndiniales,Dino-Group-III,Dino-Group-III_X,Dino-Group-III_XX,Dino-Group-III_XX_sp.
0bb689133f547a4c14e1ee6d9a295b4d,Eukaryota,TSAR_Rhizaria_Radiolaria,Acantharea,Acantharea_A,Acantharea_A_X,Acanthoplegma,Acanthoplegma_sp.
732d71e0b201075ed2e426f11291427f,Eukaryota,TSAR_Rhizaria_Radiolaria,Polycystinea,Nassellaria,Nassellaria_3,Nassellaria_3_X,Nassellaria_3_X_sp.
93e1482cacf6f5aefde3478b912a6a3a,Eukaryota,TSAR_Stramenopiles_Bigyra,Sagenista,Labyrinthulomycetes,Labyrinthulaceae,Aplanochytrium,Aplanochytrium_sp.
0ab71d390456dc7896c5524609a28286,Eukaryota,Archaeplastida_Streptophyta_Streptophyta_X,Embryophyceae,Embryophyceae_X,Embryophyceae_XX,,
6cc20fd078242cc361272e838e7711c0,Eukaryota,TSAR_Alveolata_Dinoflagellata,Syndiniales,Dino-Group-II,Dino-Group-II-Clade-27,Dino-Group-II-Clade-27_X,Dino-Group-II-Clade-27_X_sp.
100db8e25f93fafcf34d895ba6979c0a,Eukaryota,TSAR_Alveolata_Ciliophora,Spirotrichea,Oligotrichida,,,
8abebd0bf80faf3476278dd58530c18b,Eukaryota,TSAR_Stramenopiles_Gyrista,Bacillariophyceae,Rhaphoneidales,Asterionellopsidaceae,Asterionellopsis,
ebc4a7edbf8b23700f742cfab59a225d,Eukaryota,TSAR_Alveolata_Dinoflagellata,Syndiniales,Dino-Group-I,Dino-Group-I-Clade-5,Dino-Group-I-Clade-5_X,Dino-Group-I-Clade-5_X_sp.
53f7830cd39e10833f870e2913626c3c,Eukaryota,TSAR_Stramenopiles_Bigyra,Opalozoa,Nanomonadea,MAST-3,MAST-3D,MAST-3D_sp.
cf97be62e18c4d7b510d50e8a48ae02e,Eukaryota,Obazoa_Opisthokonta_Fungi,Ascomycota,Saccharomycotina,Saccharomycetales,Pichia,Pichia_kudriavzevii
e765dfdb3b7de8a0f37a47a2735e5f21,Eukaryota,TSAR_Stramenopiles_Bigyra,Sagenista,Sagenista_X,MAST-7,MAST-7E,MAST-7E_sp.
0c033e335e6dd3508075e6010f9d40cc,Eukaryota,TSAR_Alveolata_Dinoflagellata,Dinophyceae,Gymnodiniales,Gymnodiniaceae,Polykrikos,Polykrikos_geminatus
173b0be4a4b26c1401c195c1a80b8152,Eukaryota,TSAR_Alveolata_Dinoflagellata,Syndiniales,Dino-Group-II,Dino-Group-II-Clade-6,Dino-Group-II-Clade-6_X,Dino-Group-II-Clade-6_X_sp.
d3ffdc797b6ec395b7f097e9780fa0b9,Eukaryota,TSAR_Alveolata_Dinoflagellata,Dinophyceae,Peridiniales,Blastodiniaceae,Blastodinium,Blastodinium_spinulosum
75d58f5150bf2eeca796115af13e95ec,Eukaryota,Archaeplastida_Chlorophyta_Chlorophyta_X,Chloropicophyceae,Chloropicales,Chloropicaceae,Chloropicon,Chloropicon_roscoffensis
3a7b089b0f076d8ac1b4456b253545b0,Eukaryota,TSAR_Alveolata_Ciliophora,Spirotrichea,Choreotrichida-Tintinnina,Tintinnidiidae,Antetintinnidium,Antetintinnidium_mucicola
52fccf6dba87389f30ac84c5952558e8,Eukaryota,TSAR_Rhizaria_Radiolaria,Polycystinea,Nassellaria,Lophophaenidae,Peromelissa,Peromelissa_tricuspidata
7cc69f2f824fc909c2d265daf1dde85f,Eukaryota,TSAR_Stramenopiles_Gyrista,Bacillariophyceae,Bacillariales,Bacillariaceae,,
95d60c78f6fa280d81555199b78a01d0,Eukaryota,TSAR_Alveolata_Dinoflagellata,Syndiniales,Dino-Group-II,Dino-Group-II-Clade-4,Dino-Group-II-Clade-4_X,Dino-Group-II-Clade-4_X_sp.
e94ce58949e7549b4ef66ab73de3b464,Eukaryota,TSAR_Alveolata_Dinoflagellata,Syndiniales,Dino-Group-II,Dino-Group-II-Clade-10-and-11,Dino-Group-II-Clade-10-and-11_X,Dino-Group-II-Clade-10-and-11_X_sp.
a448c4ca9841d8789c725a0b88a07082,Eukaryota,Obazoa_Opisthokonta_Fungi,Zoopagomycota,Entomophthoromycotina,Entomophthoromycotina_X,Pandora,Pandora_neoaphidis
165f30162cf0554a13436ae0edb51dac,Eukaryota,Excavata_Discoba_Euglenozoa,Kinetoplastea,Kinetoplastea_X,Kinetoplastea_XX,Kinetoplastea_XX_MET6,Kinetoplastea_XX_MET6_sp.
4a3a16bc96fe6d0a5e71408c18587f3f,Eukaryota,TSAR_Alveolata_Ciliophora,Spirotrichea,Choreotrichida,Strobilidiidae,Strobilidiidae_X,Strobilidiidae_X_sp.
56c635718d5c9b1e99dac0d7c50204e1,Eukaryota,TSAR_Alveolata_Dinoflagellata,Syndiniales,Dino-Group-II,Dino-Group-II-Clade-1,Dino-Group-II-Clade-1_X,Dino-Group-II-Clade-1_X_sp.
f8a18df2051073b9dea6f1681a6d414c,Eukaryota,TSAR_Rhizaria_Radiolaria,Polycystinea,Spumellaria,Astrosphaeridae,Astrosphaera,Astrosphaera_hexagonalis
fe4c5ea847130ac6d40c2e0e3034fe83,Eukaryota,TSAR_Alveolata_Dinoflagellata,Dinophyceae,,,,
0de5592a0848a6400b8be5fa3c132acd,Eukaryota,Haptista_Haptophyta_Haptophyta_X,Prymnesiophyceae,Prymnesiales,Chrysochromulinaceae,Chrysochromulina,Chrysochromulina_sp.
cd8ccddd7eed0acd4c51829434101316,Eukaryota,TSAR_Rhizaria_Radiolaria,Polycystinea,Nassellaria,Collodaria_X,Collodaria_XX,Collodaria_XX_sp.
e39e960f8dab63f163dd08eafd4f0eec,Eukaryota,Obazoa_Opisthokonta_Fungi,Basidiomycota,Ustilaginomycotina,Exobasidiomycetes,Malassezia,
24b19bc3571707e3bf103a8b6bd324d9,Eukaryota,TSAR_Alveolata_Dinoflagellata,Syndiniales,Dino-Group-II,Dino-Group-II-Clade-3,Dino-Group-II-Clade-3_X,Dino-Group-II-Clade-3_X_sp.
a66471de96b288a7b5cc09c58ade4560,Eukaryota,TSAR_Alveolata_Dinoflagellata,Dinophyceae,Dinophyceae_X,Dinophyceae_XX,Dinophyceae_XXX,Dinophyceae_XXX_sp.
c0589d065a6f04fdf68eb74de6df51b4,Eukaryota,TSAR_Alveolata_Dinoflagellata,Syndiniales,Dino-Group-II,Dino-Group-II-Clade-26,Dino-Group-II-Clade-26_X,Dino-Group-II-Clade-26_X_sp.
c429747555ed17ea9951f0035d2dd531,Eukaryota,Obazoa_Opisthokonta_Fungi,Ascomycota,Pezizomycotina,Eurotiomycetes,Aspergillus,Aspergillus_campestris
8930180693950cea2fd50990894e58cc,Eukaryota,TSAR_Stramenopiles_Gyrista,Bolidophyceae,Parmales,Triparmaceae,Triparma,Triparma_pacifica
56186982c7a30492f899500e73f838e3,Eukaryota,Obazoa_Opisthokonta_Choanoflagellata,Choanoflagellatea,Craspedida,Monosigidae_Group_A,Monosigidae_Group_A_X,Monosigidae_Group_A_X_sp.
56815197e6ffec3c676b55ef15d84d28,Eukaryota,TSAR_Alveolata_Ciliophora,Oligohymenophorea,OLIGO5,OLIGO5_X,OLIGO5_XX,OLIGO5_XX_sp.
7009912f984800041ff1541fdd5d6791,Eukaryota,TSAR_Stramenopiles_Bigyra,Sagenista,Labyrinthulomycetes,Labyrinthulaceae,Labyrinthulaceae_ANT10_3,Labyrinthulaceae_ANT10_3_sp.
958f1ed18c216df61897556140f18dd3,Eukaryota,TSAR_Rhizaria_Radiolaria,Acantharea,Acantharea_C,Acantharea_C1,Gigartacon-C1,Gigartacon-C1_muelleri
2aa9b4df971813ec8cbe5349500afb28,Eukaryota,TSAR_Rhizaria_Radiolaria,Acantharea,Acantharea_B,Acantharea_B1,Acanthochiasma,Acanthochiasma_sp.
626b8ec868a103b83dd15e342294c7ed,Eukaryota,TSAR_Alveolata_Dinoflagellata,Dinophyceae,Dinophyceae_X,Dinophyceae_XX,Dinophyceae_XXX,Dinophyceae_XXX_sp.
240312aa6d53fda793ac99726b92c84c,Eukaryota,TSAR_Stramenopiles_Bigyra,Sagenista,Sagenista_X,MAST-4,MAST-4D,MAST-4D_sp.
45bbb8c3009941391e93c9d2afd21bfa,Eukaryota,Haptista_Haptophyta_Haptophyta_X,Prymnesiophyceae,Prymnesiales,Chrysochromulinaceae,Chrysochromulina,
75bda09728ded27fc1b90559e996309c,Eukaryota,TSAR_Alveolata_Dinoflagellata,Dinophyceae,Dinophyceae_X,Dinophyceae_XX,Dinophyceae_XXX,Dinophyceae_XXX_sp.
9809b9f76b9df5898c90ef94bd3bcaaf,Eukaryota,TSAR_Alveolata_Ciliophora,CONThreeP,CONThreeP_X,Discotrichidae,NASSO_1,NASSO_1_sp.
992f57476832000a30a6e0fe0347e7eb,Eukaryota,Haptista_Haptophyta_Haptophyta_X,Prymnesiophyceae,Prymnesiophyceae_X,Braarudosphaeraceae,Braarudosphaeraceae_X,Braarudosphaeraceae_X_sp.
c8ed20f7b0e69562e8ed4ba9605ec75d,Eukaryota,TSAR_Stramenopiles_Gyrista,Mediophyceae,Chaetocerotales,Chaetocerotaceae,Chaetoceros,Chaetoceros_costatus
f5840ba42b18056687fef92db18dd707,Eukaryota,TSAR_Alveolata_Dinoflagellata,Syndiniales,Dino-Group-II,Dino-Group-II-Clade-1,Dino-Group-II-Clade-1_X,Dino-Group-II-Clade-1_X_sp.
c7ab2e24334fd40703dcffd75ce27c01,Eukaryota,TSAR_Alveolata_Dinoflagellata,Syndiniales,Dino-Group-II,Dino-Group-II-Clade-1,Dino-Group-II-Clade-1_X,Dino-Group-II-Clade-1_X_sp.
c85554af1645cdc985b7c62803c85cf8,Eukaryota,TSAR_Alveolata_Dinoflagellata,Syndiniales,Dino-Group-III,Dino-Group-III_X,Dino-Group-III_XX,Dino-Group-III_XX_sp.
19a6e46cade3f7b1093961a38a9774f6,Eukaryota,TSAR_Alveolata_Dinoflagellata,Syndiniales,Dino-Group-I,Dino-Group-I-Clade-5,Dino-Group-I-Clade-5_X,Dino-Group-I-Clade-5_X_sp.
22313874483e1ee3f062c0630a2b5918,Eukaryota,Obazoa_Opisthokonta_Choanoflagellata,Choanoflagellatea,Acanthoecida,Stephanoecidae_Group_E,Stephanoecidae_Group_E_X,Stephanoecidae_Group_E_X_sp.
6d879371ff96b5078280e9a104736090,Eukaryota,TSAR_Rhizaria_Cercozoa,Filosa-Thecofilosea,Ebriacea,TAGIRI1-lineage,TAGIRI1-lineage_X,TAGIRI1-lineage_X_sp.
cc53b461e5d6eb37a4edbd811d05e86a,Eukaryota,TSAR_Alveolata_Ciliophora,Phyllopharyngea,Cyrtophoria_1,PHYLL_4,PHYLL_4_X,PHYLL_4_X_sp.
5ff3008f90374dfbd69207e846f3dc10,Eukaryota,TSAR_Alveolata_Dinoflagellata,Syndiniales,Dino-Group-IV,Dino-Group-IV-Hematodinium-Group,Hematodinium,Hematodinium_sp.
905f0939edc4a46995db45f0e306a2af,Eukaryota,TSAR_Alveolata_Dinoflagellata,Syndiniales,Dino-Group-II,Dino-Group-II-Clade-16,Dino-Group-II-Clade-16_X,Dino-Group-II-Clade-16_X_sp.
2b8769247c249507bb95f3797f61e314,Eukaryota,TSAR_Alveolata_Ciliophora,Spirotrichea,Oligotrichida,,,
307a915ed8945985519566eadecc8296,Eukaryota,TSAR_Alveolata_Dinoflagellata,Syndiniales,Dino-Group-II,Dino-Group-II-Clade-1,Dino-Group-II-Clade-1_X,Dino-Group-II-Clade-1_X_sp.
a29d98425bd877c1f70aef74651c6665,Eukaryota,TSAR_Alveolata_Dinoflagellata,Syndiniales,Dino-Group-I,Dino-Group-I-Clade-5,Dino-Group-I-Clade-5_X,Dino-Group-I-Clade-5_X_sp.
dff86fad0a4eb2cda46512b6d9cf2954,Eukaryota,TSAR_Stramenopiles_Bigyra,Sagenista,Labyrinthulomycetes,Labyrinthulaceae,Aplanochytrium,Aplanochytrium_sp.
43958dd579eaccf02c6c8da9a4c27492,Eukaryota,TSAR_Telonemia_Telonemia_X,Telonemia_XX,Telonemia_XXX,Telonemia-Group-2,Telonemia-Group-2_X,Telonemia-Group-2_X_sp.
d59a3edf316350da7df98bf32f4f42af,Eukaryota,TSAR_Alveolata_Dinoflagellata,Syndiniales,Dino-Group-II,Dino-Group-II_X,Dino-Group-II_XX,Dino-Group-II_XX_sp.
200ddae11743a5e9c40e3ab4773ea938,Eukaryota,TSAR_Alveolata_Dinoflagellata,Syndiniales,Dino-Group-I,Dino-Group-I-Clade-2,Dino-Group-I-Clade-2_X,Dino-Group-I-Clade-2_X_sp.
2ab1589c790f3a93e3c90a8ce18991eb,Eukaryota,TSAR_Rhizaria_Cercozoa,Filosa-Thecofilosea,Cryomonadida,,,
b8f52166aa03c2a88b6449331a275d51,Eukaryota,TSAR_Alveolata_Dinoflagellata,Dinophyceae,Dinophyceae_X,Dinophyceae_XX,Dinophyceae_XXX,Dinophyceae_XXX_sp.
eaa87803ec55cea8ef6d7adc7c6714b7,Eukaryota,TSAR_Alveolata_Dinoflagellata,,,,,
36017ee5f1c9db426528fa372f39ba12,Eukaryota,TSAR_Alveolata_Ciliophora,Oligohymenophorea,OLIGO5,OLIGO5_X,OLIGO5_XX,OLIGO5_XX_sp.
60c67ffe86bac137b8393cec19cabfac,Eukaryota,TSAR_Alveolata_Ciliophora,Spirotrichea,Oligotrichida,Strombidiidae,Strombidiidae_X,Strombidiidae_X_sp.
61ba17f4d519e69947425505f49bdb1e,Eukaryota,Haptista_Haptophyta_Haptophyta_X,Prymnesiophyceae,Prymnesiales,Prymnesiaceae,,
95cf6ace4bfb17ca20270cc86d2f538c,Eukaryota,Archaeplastida_Streptophyta_Streptophyta_X,Embryophyceae,Embryophyceae_X,Embryophyceae_XX,,
285dea6f8b7cff74b57ee5b606802462,Eukaryota,Obazoa_Opisthokonta_Fungi,Basidiomycota,Agaricomycotina,Agaricomycetes,Rhizoctonia,Rhizoctonia_solani
84b3721d124fa0b6d3b0c073e78fe3c4,Eukaryota,TSAR_Rhizaria_Radiolaria,Acantharea,Acantharea_4,Acantharea_4d,Acantharea_4d_X,Acantharea_4d_X_sp.
2669c96a841f031ff6c851f61c965630,Eukaryota,Haptista_Haptophyta_Haptophyta_X,Prymnesiophyceae,Prymnesiales,Chrysochromulinaceae,Chrysochromulina,Chrysochromulina_sp.
c5f57caef41f4a98f3c6e0e0e7b364c6,Eukaryota,TSAR_Alveolata_Dinoflagellata,Syndiniales,Dino-Group-II,Dino-Group-II-Clade-7,Dino-Group-II-Clade-7_X,Dino-Group-II-Clade-7_X_sp.
6d10381f6e7b4894e0015f0eb3a68a29,Eukaryota,TSAR_Alveolata_Dinoflagellata,Dinophyceae,Dinophyceae_X,Dinophyceae_XX,Dinophyceae_XXX,Dinophyceae_XXX_sp.
a9754010fcb52c49537a99709ba3d67c,Eukaryota,TSAR_Telonemia_Telonemia_X,Telonemia_XX,Telonemia_XXX,Telonemia-Group-2,Telonemia-Group-2_X,Telonemia-Group-2_X_sp.
bb4ad80e93cb9e806ffd2a4b8ec96660,Eukaryota,TSAR_Alveolata_Ciliophora,Spirotrichea,Oligotrichida,Strombidiidae,Strombidium,Strombidium_chlorophilum
f044c92d0e4401e646840d032b27afce,Eukaryota,TSAR_Alveolata_Dinoflagellata,Dinophyceae,Peridiniales,Protoperidiniaceae,Protoperidinium,Protoperidinium_sp.
1d1daf5ff8515608b2a1e328b9b6ba84,Eukaryota,Excavata_Discoba_Euglenozoa,Diplonemea,Diplonemida,Eupelagonemidae,Eupelagonemidae_X,Eupelagonemidae_X_sp.
4f1762a8778b4a112698ae1c0b45fdf4,Eukaryota,TSAR_Rhizaria_Radiolaria,Polycystinea,Nassellaria,Eucyrtidiidae,Eucyrtidium,Eucyrtidium_hexastichum
687e193200a7cbf7f4b86e65a683adb0,Eukaryota,Haptista_Haptophyta_Haptophyta_X,Prymnesiophyceae,Prymnesiales,Prymnesiaceae,,
741ada562e634705b527072dd9957c53,Eukaryota,TSAR_Alveolata_Dinoflagellata,Syndiniales,Dino-Group-III,Dino-Group-III_X,Dino-Group-III_XX,Dino-Group-III_XX_sp.
a46e17a6d9644e5b1dc1022c7386cc0f,Eukaryota,TSAR_Stramenopiles_Bigyra,Opalozoa,Nanomonadea,MAST-3,MAST-3D,MAST-3D_sp.
06f447540d46454f4a279f617a4159f9,Eukaryota,TSAR_Alveolata_Dinoflagellata,Dinophyceae,,,,
be0b283c553c0702ac1466ad183e5dc6,Eukaryota,Archaeplastida_Chlorophyta_Chlorophyta_X,Trebouxiophyceae,Chlorellales,Chlorellales_X,Picochlorum,Picochlorum_sp.
d93da129a10feaa61ac1c31a4f5bf49f,Eukaryota,TSAR_Alveolata_Dinoflagellata,Dinophyceae,Dinophyceae_X,Dinophyceae_XX,Dinophyceae_XXX,Dinophyceae_XXX_sp.
2f11293d3fd1da2a1518cac4c7f9560e,Eukaryota,TSAR_Alveolata_Dinoflagellata,Syndiniales,Dino-Group-II,Dino-Group-II-Clade-1,Dino-Group-II-Clade-1_X,Dino-Group-II-Clade-1_X_sp.
6116415145e8a35b6a0e5ac79b0b7a8e,Eukaryota,TSAR_Alveolata_Dinoflagellata,Syndiniales,Dino-Group-II,Dino-Group-II-Clade-1,Dino-Group-II-Clade-1_X,Dino-Group-II-Clade-1_X_sp.
6eb4cc327c427a75d2ff7e1cb1c605e5,Eukaryota,TSAR_Alveolata_Dinoflagellata,Syndiniales,Dino-Group-II,Dino-Group-II-Clade-22,Dino-Group-II-Clade-22_X,Dino-Group-II-Clade-22_X_sp.
9737486e60c4531fb60cd960bf0abf13,Eukaryota,TSAR_Stramenopiles_Gyrista,Peronosporomycetes,Peronosporomycetes_X,Peronosporales,Phytophthora,Phytophthora_nicotianae
29845326a114b90d66c8c2608af24085,Eukaryota,TSAR_Alveolata_Dinoflagellata,Dinophyceae,Dinophyceae_X,Dinophyceae_XX,Dinophyceae_XXX,Dinophyceae_XXX_sp.
835e08251b8b4be0201382f82d6d29d6,Eukaryota,TSAR_Rhizaria_Radiolaria,Polycystinea,Spumellaria,Hexastylidae,Hexastylus,Hexastylus_nobilis
b47026b54796784fb37cd1d6e9043d80,Eukaryota,TSAR_Alveolata_Dinoflagellata,Syndiniales,Dino-Group-II,Dino-Group-II-Clade-6,Dino-Group-II-Clade-6_X,Dino-Group-II-Clade-6_X_sp.
bfa6a63fc5af32a9829a39d5c0dcf26b,Eukaryota,TSAR_Alveolata_Dinoflagellata,Dinophyceae,Dinophyceae_X,Dinophyceae_XX,Dinophyceae_XXX,Dinophyceae_XXX_sp.
c2192471bed7a09e508becbb17595771,Eukaryota,TSAR_Alveolata_Dinoflagellata,Dinophyceae,Peridiniales,,,
6157435395cf03b5554844bacc0b460c,Eukaryota,Amoebozoa_Evosea_Evosea_X,Variosea,Flamellidae,Flamella-lineage,Flamella,Flamella_arnhemensis
63ce6aed5c098e4b5024dd9a19189382,Eukaryota,TSAR_Alveolata_Dinoflagellata,Dinophyceae,Gymnodiniales,Gymnodiniaceae,Gymnodinium,Gymnodinium_microreticulatum
81a118f6fe28f91fb428b25b16a12005,Eukaryota,TSAR_Alveolata_Dinoflagellata,Syndiniales,Dino-Group-II,Dino-Group-II-Clade-10-and-11,Dino-Group-II-Clade-10-and-11_X,Dino-Group-II-Clade-10-and-11_X_sp.
57c5e8b1022fc59ebbf877a7d19147dd,Eukaryota,TSAR_Alveolata_Dinoflagellata,Syndiniales,Syndiniales_X,Syndiniales_XX,Syndiniales_XXX,Syndiniales_XXX_sp.
069f3582cf570b3c224677803dc57c5a,Eukaryota,TSAR_Alveolata_Ciliophora,Spirotrichea,Choreotrichida,Choreotrichida_X,Choreotrichida_XX,Choreotrichida_XX_sp.
540ec782f78ce0ca15afcf4b6f284ad3,Eukaryota,TSAR_Alveolata_Ciliophora,Spirotrichea,Oligotrichida,Strombidiidae,Strombidiidae_X,Strombidiidae_X_sp.
8280fe1bb6da8e73bd866752634befe0,Eukaryota,TSAR_Alveolata_Dinoflagellata,Syndiniales,Dino-Group-II,Dino-Group-II-Clade-5,Dino-Group-II-Clade-5_X,Dino-Group-II-Clade-5_X_sp.
a66dc54d380655f861eaf903dda8f1d1,Eukaryota,TSAR_Alveolata_Ciliophora,Spirotrichea,Oligotrichida,Strombidiidae,Strombidiidae_X,Strombidiidae_X_sp.
35ea46b9e3727b3cf54304ef6c1eddbb,Eukaryota,TSAR_Alveolata_Ciliophora,CONThreeP,CONThreeP_X,Discotrichidae,NASSO_1,NASSO_1_sp.
6759da035dd2cd15a21bb058a121e90a,Eukaryota,TSAR_Stramenopiles_Bigyra,Opalozoa,Nanomonadea,MAST-3,MAST-3C,MAST-3C_sp.
77163c79cd20b93900fd679a9bc08f08,Eukaryota,TSAR_Alveolata_Dinoflagellata,Syndiniales,Dino-Group-II,Dino-Group-II-Clade-10-and-11,Dino-Group-II-Clade-10-and-11_X,Dino-Group-II-Clade-10-and-11_X_sp.
85cd96644ffb4376394bc726702d329f,Eukaryota,TSAR_Alveolata_Ciliophora,Spirotrichea,Choreotrichida,,,
9780849c3ad8ad2c5b1f1a6d9e99e123,Eukaryota,TSAR_Alveolata_Dinoflagellata,Syndiniales,Dino-Group-II,Dino-Group-II-Clade-1,Dino-Group-II-Clade-1_X,Dino-Group-II-Clade-1_X_sp.
640c61bf454e71df796d42466f13561e,Eukaryota,TSAR_Alveolata_Ciliophora,Prostomatea,Prorodontida,Urotrichidae,Urotricha,Urotricha_sp.
26b4f59b47a273cedc7d1db4d6dc393d,Eukaryota,TSAR_Alveolata_Ciliophora,Spirotrichea,Oligotrichida,Strombidiidae,Strombidiidae_X,Strombidiidae_X_sp.
6073973a6b7ae8a9feb4fdfdf80be09c,Eukaryota,TSAR_Stramenopiles_Gyrista,Pelagophyceae,Sarcinochrysidales,Sarcinochrysidaceae,Sarcinochrysidaceae_X,Sarcinochrysidaceae_X_sp.
956407694fb3da23156c63dc9bd3c6d9,Eukaryota,TSAR_Alveolata_Dinoflagellata,Syndiniales,Dino-Group-I,Dino-Group-I-Clade-3,Dino-Group-I-Clade-3_X,Dino-Group-I-Clade-3_X_sp.
8e62ec444260bd197c0b60a4483f5383,Eukaryota,TSAR_Rhizaria_Foraminifera,Globothalamea,Rotaliida,Globigerinidae,Globigerinoides,Globigerinoides_ruber-ruber
8e7a1774ac3d69d23a6f702405d789d7,Eukaryota,TSAR_Alveolata_Dinoflagellata,Syndiniales,Dino-Group-II,Dino-Group-II-Clade-20,Dino-Group-II-Clade-20_X,Dino-Group-II-Clade-20_X_sp.
e6dccb3c4636411e84887aa5663b1251,Eukaryota,TSAR_Alveolata_Dinoflagellata,Syndiniales,Dino-Group-III,Dino-Group-III_X,Dino-Group-III_XX,Dino-Group-III_XX_sp.
61220380aa8128b116eaaf07e74306c1,Eukaryota,Cryptista_Cryptophyta_Cryptophyta_X,Cryptophyceae,Cryptomonadales,Cryptomonadales_X,Teleaulax,
8a70e2cb94571c2914d6b767dc409530,Eukaryota,Obazoa_Opisthokonta_Fungi,Basidiomycota,Pucciniomycotina,Pucciniomycetes,Pucciniomycetes_X,Pucciniomycetes_X_sp.
b9efff9e828c282c5aad87c141575abd,Eukaryota,TSAR_Stramenopiles_Bigyra,Opalozoa,Nanomonadea,MAST-3,MAST-3C,MAST-3C_sp.
e9c18287adb262c9147332eecd1273fa,Eukaryota,TSAR_Stramenopiles_Bigyra,Opalozoa,Nanomonadea,MAST-3,MAST-3J,MAST-3J_sp.
3e88417293e8d1cf16dcaf10093f1a36,Eukaryota,TSAR_Stramenopiles_Gyrista,Mediophyceae,Chaetocerotales,Chaetocerotaceae,Chaetoceros,
a3c7f88b633e5dce53cba39a55b0b953,Eukaryota,Amoebozoa_Discosea_Discosea_X,Flabellinia,Dactylopodida,Paramoebidae,Paramoeba,
a7589f6aef90a66cb47e20b3364d7ece,Eukaryota,TSAR_Alveolata_Dinoflagellata,Syndiniales,Dino-Group-II,Dino-Group-II-Clade-2,Dino-Group-II-Clade-2_X,Dino-Group-II-Clade-2_X_sp.
f6201626bb315e2439d99e7365826624,Eukaryota,TSAR_Alveolata_Apicomplexa,Gregarinomorphea,Eugregarinorida,Porosporidae,Porosporidae_X,Porosporidae_X_sp.
275132ae08d4644e618eb0b663169a0b,Eukaryota,TSAR_Alveolata_Ciliophora,Spirotrichea,Choreotrichida-Tintinnina,Rhabdonellidae,Rhabdonella,
ccefb03b08fc909e0770e71a63cd4d8e,Eukaryota,TSAR_Alveolata_Dinoflagellata,Dinophyceae,,,,
d61a5a35cd8bb80268bb120b95c9756d,Eukaryota,TSAR_Alveolata_Dinoflagellata,Syndiniales,Dino-Group-III,Dino-Group-III_X,Dino-Group-III_XX,Dino-Group-III_XX_sp.
d993f0862f00c725c008a56a611048cf,Eukaryota,TSAR_Alveolata_Dinoflagellata,Syndiniales,Dino-Group-I,Dino-Group-I-Clade-1,Dino-Group-I-Clade-1_X,Dino-Group-I-Clade-1_X_sp.
2eb54fac4ef883f179de927d56d9b055,Eukaryota,TSAR_Rhizaria_Foraminifera,Globothalamea,Rotaliida,Globigerinidae,Globigerinoides,Globigerinoides_ruber-ruber
70813284f6ea1d3c043b377a7bd79524,Eukaryota,TSAR_Rhizaria_Foraminifera,Monothalamids,Monothalamids_X,Monothalamids_XX,Crithionina,Crithionina_sp.
fe4109a1bf8cee1a7687d76dab7a4fad,Eukaryota,TSAR_Stramenopiles_Bigyra,Opalozoa,Nanomonadea,MAST-3,MAST-3J,MAST-3J_sp.
516c2f5113350ffcfb8fcd4db8bd0994,Eukaryota,TSAR_Alveolata_Dinoflagellata,Dinophyceae,Gymnodiniales,Kareniaceae,Karenia,Karenia_brevis
e5f0dbb3baa613133401d3fca68b59fd,Eukaryota,TSAR_Alveolata_Dinoflagellata,Dinophyceae,Dinophyceae_X,Dinophyceae_XX,Dinophyceae_XXX,Dinophyceae_XXX_sp.
e87b6c07c62bbd209934da2a8dadd6bf,Eukaryota,TSAR_Alveolata_Ciliophora,Oligohymenophorea,Apostomatia,Opalinopsidae,Chromidina,Chromidina_sp.
00369a0cf55102d22a76b5e85a568dc7,Eukaryota,TSAR_Alveolata_Dinoflagellata,Syndiniales,Dino-Group-IV,Dino-Group-IV-Hematodinium-Group,Hematodinium,Hematodinium_sp.
1a3351f1a7123fcc563f9a671eae5754,Eukaryota,TSAR_Rhizaria_Radiolaria,Polycystinea,Nassellaria,Acanthodesmidae,Amphispyris,Amphispyris_costata
2e6e9cb2b095111b0cb68bd66d5f493c,Eukaryota,TSAR_Alveolata_Dinoflagellata,Syndiniales,Dino-Group-II,Dino-Group-II-Clade-6,Dino-Group-II-Clade-6_X,Dino-Group-II-Clade-6_X_sp.
9b2ea1911acc4843f0fdcf685b34d30b,Eukaryota,TSAR_Alveolata_Ciliophora,Spirotrichea,Choreotrichida-Tintinnina,Tintinnidae,,
b2e333ce7d6444d1055c6d312783a411,Eukaryota,TSAR_Stramenopiles_Gyrista,Bacillariophyceae,Naviculales,Naviculaceae,Haslea,
b36303fccade27c5fe6b6d144b0a67d3,Eukaryota,TSAR_Alveolata_Dinoflagellata,Dinophyceae,Peridiniales,Protoperidiniaceae,Protoperidinium,Protoperidinium_sp.
bdc7441df0493eac9e66b44482aab626,Eukaryota,TSAR_Alveolata_Dinoflagellata,Syndiniales,Dino-Group-I,Dino-Group-I-Clade-1,Dino-Group-I-Clade-1_X,Dino-Group-I-Clade-1_X_sp.
d6c4c0702ad7d83f54404f4149cafea2,Eukaryota,TSAR_Alveolata_Dinoflagellata,Dinophyceae,Dinophyceae_X,Dinophyceae_XX,Dinophyceae_XXX,Dinophyceae_XXX_sp.
25c88375d845f59accc1c363d58b5d9f,Eukaryota,TSAR_Stramenopiles_Gyrista,Mediophyceae,Chaetocerotales,Chaetocerotaceae,Chaetoceros,Chaetoceros_sp.
5d588af61b29b9e4f47aff88325b7322,Eukaryota,TSAR_Alveolata_Dinoflagellata,Dinophyceae,Dinophyceae_X,Dinophyceae_XX,Dinophyceae_XXX,Dinophyceae_XXX_sp.
ee118306f89ce322c9091c9b894813f5,Eukaryota,TSAR_Alveolata_Ciliophora,Spirotrichea,Choreotrichida-Tintinnina,Tintinnidae,Tintinnidae_X,Tintinnidae_X_sp.
babb835d00b7dc84baee5abefcd7495c,Eukaryota,Excavata_Discoba_Euglenozoa,Diplonemea,Diplonemida,Eupelagonemidae,Eupelagonemidae_X,Eupelagonemidae_X_sp.
3fa85eee62271c9ff009f3fb0eede87e,Eukaryota,TSAR_Alveolata_Ciliophora,Spirotrichea,Choreotrichida-Tintinnina,Tintinnidae,Tintinnidae_X,Tintinnidae_X_sp.
816e523ab091a51af558fc387b24721e,Eukaryota,TSAR_Alveolata_Ciliophora,Spirotrichea,Oligotrichida,Strombidiidae,Strombidiidae_X,Strombidiidae_X_sp.
d695c50b8f9ed574e8d35d5f971a6f62,Eukaryota,TSAR_Alveolata_Dinoflagellata,Syndiniales,Dino-Group-I,Dino-Group-I-Clade-5,Dino-Group-I-Clade-5_X,Dino-Group-I-Clade-5_X_sp.
f31fdee572e0a220260b68d5dfc57e57,Eukaryota,TSAR_Alveolata_Ciliophora,Spirotrichea,Choreotrichida-Tintinnina,TIN_07,Tintinnopsis_07,Tintinnopsis_07_sp.
18c25c7281c950095e25fc9d2e28dfa1,Eukaryota,TSAR_Alveolata_Dinoflagellata,Syndiniales,Dino-Group-II,Dino-Group-II-Clade-15,Dino-Group-II-Clade-15_X,Dino-Group-II-Clade-15_X_sp.
51f2e39dd9452cd15afb80691abe42c6,Eukaryota,TSAR_Alveolata_Dinoflagellata,Syndiniales,Dino-Group-V,Dino-Group-V_X,Dino-Group-V_XX,Dino-Group-V_XX_sp.
920720da8e12576844c4850ea805b390,Eukaryota,TSAR_Alveolata_Dinoflagellata,Syndiniales,Dino-Group-II,Dino-Group-II-Clade-4,Dino-Group-II-Clade-4_X,Dino-Group-II-Clade-4_X_sp.
f05eedd2e6a39cf88976fe0be1f39ed9,Eukaryota,TSAR_Alveolata_,,,,,
0fada998c762731dc730dacddcecf0a0,Eukaryota,TSAR_Alveolata_Dinoflagellata,Dinophyceae,,,,
2ca59eab14a65a5fdcea46653ea47a83,Eukaryota,TSAR_Alveolata_Ciliophora,Spirotrichea,Oligotrichida,Tontoniidae,,
1fc1d8bf38878adfeb61a3cb40c347cf,Eukaryota,__,,,,,
860c1ee8fe28755bb859d805550aec76,Eukaryota,TSAR_Alveolata_Dinoflagellata,Syndiniales,Dino-Group-II,Dino-Group-II-Clade-10-and-11,Dino-Group-II-Clade-10-and-11_X,Dino-Group-II-Clade-10-and-11_X_sp.
c4eb6d792a17168854f96be1fd3c43bc,Eukaryota,TSAR_Alveolata_Dinoflagellata,Syndiniales,Dino-Group-II,Dino-Group-II-Clade-14,Dino-Group-II-Clade-14_X,Dino-Group-II-Clade-14_X_sp.
607c1d8d6fdee60c927dddfefdd9b04b,Eukaryota,TSAR_Alveolata_Dinoflagellata,Syndiniales,Dino-Group-II,Dino-Group-II-Clade-15,Dino-Group-II-Clade-15_X,Dino-Group-II-Clade-15_X_sp.
925b5e624524e2557df99c859d64134b,Eukaryota,TSAR_Stramenopiles_Gyrista,Mediophyceae,Chaetocerotales,Chaetocerotaceae,Chaetoceros,
b8ce14e8f72f225d0b246c86738c5840,Eukaryota,TSAR_Alveolata_Dinoflagellata,Syndiniales,Dino-Group-I,Dino-Group-I-Clade-2,Dino-Group-I-Clade-2_X,Dino-Group-I-Clade-2_X_sp.
eea01f8c7e4768f5755267ae7332daa7,Eukaryota,TSAR_Alveolata_Dinoflagellata,Syndiniales,Dino-Group-II,Dino-Group-II-Clade-10-and-11,Dino-Group-II-Clade-10-and-11_X,Dino-Group-II-Clade-10-and-11_X_sp.
f06e80da91daa73b7cc599e8683df024,Eukaryota,TSAR_Rhizaria_Radiolaria,Acantharea,Acantharea_F,Acantharea_F3,,
222dd5c67c3ab1851dcb4a4df9e8722b,Eukaryota,TSAR_Stramenopiles_Gyrista,Phaeophyceae,Phaeophyceae_X,Phaeophyceae_XX,Ectocarpus,Ectocarpus_siliculosus
4974218edd2921d75b90344d6edc9802,Eukaryota,TSAR_Alveolata_Dinoflagellata,Dinophyceae,Dinophyceae_X,Dinophyceae_XX,Dinophyceae_XXX,Dinophyceae_XXX_sp.
a19707528d854f36f89e808d19aeeef2,Eukaryota,TSAR_Alveolata_Dinoflagellata,,,,,
d4905aa399f9ed438d60573399e062b6,Eukaryota,TSAR_Alveolata_Dinoflagellata,Dinophyceae,Dinophyceae_X,Dinophyceae_XX,Dinophyceae_XXX,Dinophyceae_XXX_sp.
e9b3103df0b5ee0009e187f59256cd99,Eukaryota,TSAR_Alveolata_Dinoflagellata,Syndiniales,Dino-Group-II,Dino-Group-II-Clade-1,Dino-Group-II-Clade-1_X,Dino-Group-II-Clade-1_X_sp.
35f01fc94be40cd6e86de229ff7c7751,Eukaryota,TSAR_Alveolata_Dinoflagellata,Dinophyceae,Dinophyceae_X,Dinophyceae_XX,Dinophyceae_XXX,Dinophyceae_XXX_sp.
5c297d5fc949b4501f6e339e33a6a8b3,Eukaryota,TSAR_Alveolata_Dinoflagellata,Syndiniales,Dino-Group-II,Dino-Group-II-Clade-12,Dino-Group-II-Clade-12_X,Dino-Group-II-Clade-12_X_sp.
672c41f23c5ce88c8e59a8c6b976c2e1,Eukaryota,TSAR_Alveolata_,,,,,
0ab356c214af3426f3c631c17294566b,Eukaryota,TSAR_Alveolata_Ciliophora,CONThreeP,CONThreeP_X,Discotrichidae,NASSO_1,NASSO_1_sp.
7974b70553cbeccc020badb7a9b59254,Eukaryota,TSAR_Alveolata_Dinoflagellata,Dinophyceae,,,,
843c181e37b0ad3658e4fefbd5fb0dc6,Eukaryota,Archaeplastida_Chlorophyta_Chlorophyta_X,Nephroselmidophyceae,Nephroselmidales,Nephroselmidales_X,Nephroselmis,Nephroselmis_pyriformis
fcd8b0ba0cf5011d9889ab8567684ca1,Eukaryota,TSAR_Alveolata_Dinoflagellata,Syndiniales,Dino-Group-II,,,
3a8c57abed3fd1fe31820c665199caa4,Eukaryota,TSAR_Alveolata_Ciliophora,Spirotrichea,Choreotrichida-Tintinnina,Undellidae,Undellidae_X,Undellidae_X_sp.
6379793dc0f14e6930390129ba7291d9,Eukaryota,TSAR_Alveolata_Dinoflagellata,Dinophyceae,Dinophyceae_X,Dinophyceae_XX,Dinophyceae_XXX,Dinophyceae_XXX_sp.
70f2c62d1907218c358ba00c9935b4f9,Eukaryota,TSAR_Alveolata_Dinoflagellata,Syndiniales,Dino-Group-II,Dino-Group-II-Clade-8,Dino-Group-II-Clade-8_X,Dino-Group-II-Clade-8_X_sp.
7bc4578de89ad14633e16aea0c94fee4,Eukaryota,TSAR_Alveolata_Dinoflagellata,Syndiniales,Dino-Group-I,Dino-Group-I-Clade-5,Dino-Group-I-Clade-5_X,Dino-Group-I-Clade-5_X_sp.
dc0d6c2c7c119dad1c54f1a7ff8a6275,Eukaryota,Excavata_Discoba_Euglenozoa,Diplonemea,Diplonemida,Eupelagonemidae,Eupelagonemidae_X,Eupelagonemidae_X_sp.
2a510b5f58a3267b8fe9ec21ea783bb2,Eukaryota,TSAR_Alveolata_Dinoflagellata,Syndiniales,Dino-Group-II,Dino-Group-II-Clade-25,Dino-Group-II-Clade-25_X,Dino-Group-II-Clade-25_X_sp.
a6b4c8c690647be81f3907949becbfe0,Eukaryota,TSAR_Rhizaria_Cercozoa,Filosa-Thecofilosea,Cryomonadida,Cryothecomonas-lineage,Cryothecomonas,Cryothecomonas_aestivalis
60cbb4fe500697381ee63bb1f1a4afbb,Eukaryota,TSAR_Stramenopiles_Gyrista,Bacillariophyceae,Bacillariophyceae_X,Bacillariophyceae_XX,Bacillariophyceae_XXX,Bacillariophyceae_XXX_sp.
e4522509aebc677b3521d3e5f445f570,Eukaryota,TSAR_Alveolata_Dinoflagellata,Syndiniales,Dino-Group-II,,,
2200d73a9a12ab1dabed68608c38b78e,Eukaryota,TSAR_Alveolata_Dinoflagellata,Syndiniales,,,,
2e5bec5745cd6754c59136a97e654311,Eukaryota,Archaeplastida_Chlorophyta_Chlorophyta_X,Mamiellophyceae,Dolichomastigales,Crustomastigaceae,Crustomastix,Crustomastix_didyma
9bb18284779cc39addbb129296de3d97,Eukaryota,TSAR_Alveolata_Ciliophora,Oligohymenophorea,OLIGO5,OLIGO5_X,OLIGO5_XX,OLIGO5_XX_sp.
d3cdbb01329b8c73756a7530ae70a699,Eukaryota,Archaeplastida_Chlorophyta_Chlorophyta_X,Pyramimonadophyceae,Pyramimonadales,Pterospermaceae,Pterosperma,Pterosperma_cristatum
f1d40e2f656f42405352d90ca485e763,Eukaryota,TSAR_Alveolata_Dinoflagellata,Syndiniales,Dino-Group-II,Dino-Group-II-Clade-25,Dino-Group-II-Clade-25_X,Dino-Group-II-Clade-25_X_sp.
5912b398b552fd011621a5fa5d20a355,Eukaryota,TSAR_Alveolata_Dinoflagellata,Syndiniales,Dino-Group-II,Dino-Group-II-Clade-17,Dino-Group-II-Clade-17_X,Dino-Group-II-Clade-17_X_sp.
9770eaa72c238b67dae5c67689a31c85,Eukaryota,TSAR_Alveolata_Dinoflagellata,Syndiniales,Dino-Group-I,Dino-Group-I-Clade-2,Dino-Group-I-Clade-2_X,Dino-Group-I-Clade-2_X_sp.
77452233dafb79c6cd9c74fc558c4400,Eukaryota,TSAR_Alveolata_Dinoflagellata,Syndiniales,Dino-Group-II,Dino-Group-II-Clade-7,Dino-Group-II-Clade-7_X,Dino-Group-II-Clade-7_X_sp.
8b6e5614a869b8211def0573486f4d64,Eukaryota,TSAR_Stramenopiles_Bigyra,Bicoecea,Bicoecales,Bicoecaceae,Bicosoeca,Bicosoeca_vacillans
d24ca2835897f4fabddf74a0d58f1b7f,Eukaryota,TSAR_Stramenopiles_Bigyra,Bicoecea,Bicoecales,Bicoecaceae,Bicoecaceae_X,Bicoecaceae_X_sp.
8ba6a94509675458992eb9b14b76c510,Eukaryota,Archaeplastida_Chlorophyta_Chlorophyta_X,Mamiellophyceae,Dolichomastigales,Dolichomastigaceae,Dolichomastigaceae-B,Dolichomastigaceae-B_sp.
ca55b4eae036b62b0b09e94566d3bbbb,Eukaryota,TSAR_Rhizaria_Cercozoa,Filosa-Thecofilosea,Cryomonadida,Protaspa-lineage,Protaspa-lineage_X,Protaspa-lineage_X_sp.
e3ce747cb630565095b256ba700621c4,Eukaryota,TSAR_Alveolata_Dinoflagellata,Syndiniales,Dino-Group-II,Dino-Group-II-Clade-5,Dino-Group-II-Clade-5_X,Dino-Group-II-Clade-5_X_sp.
1875d6f34b147a04642ab245bf748f5b,Eukaryota,TSAR_Alveolata_Ciliophora,Spirotrichea,Choreotrichida,,,
427ebc8cd89858cf060ca1c928323471,Eukaryota,TSAR_Stramenopiles_Gyrista,Peronosporomycetes,Peronosporomycetes_X,Peronosporales,Phytophthora,Phytophthora_infestans
d89c3ff2a4fda1e55c8964acfe07812f,Eukaryota,TSAR_Alveolata_Ciliophora,Oligohymenophorea,OLIGO5,OLIGO5_X,OLIGO5_XX,OLIGO5_XX_sp.
e713bffdb5523b5ff3fa840a917d0ae2,Eukaryota,TSAR_Alveolata_Dinoflagellata,Syndiniales,Dino-Group-III,Dino-Group-III_X,Dino-Group-III_XX,Dino-Group-III_XX_sp.
c32496e88fa73ea4efd58ee187a23bcb,Eukaryota,Haptista_Haptophyta_Haptophyta_X,Haptophyta_Clade_HAP4,Haptophyta_Clade_HAP4_X,Haptophyta_Clade_HAP4_XX,Haptophyta_Clade_HAP4_XXX,Haptophyta_Clade_HAP4_XXX_sp.
159b2b31a256f686886de80c292f30fc,Eukaryota,TSAR_Alveolata_Dinoflagellata,Syndiniales,Dino-Group-II,Dino-Group-II-Clade-9,Dino-Group-II-Clade-9_X,Dino-Group-II-Clade-9_X_sp.
5e1b6a2f3a50d729e5cc5f620540f3ea,Eukaryota,TSAR_Alveolata_Ciliophora,Spirotrichea,Choreotrichida,,,
628816a8ac7a73b3855e0679d39a2a7f,Eukaryota,TSAR_Alveolata_Dinoflagellata,Dinophyceae,Peridiniales,Protoperidiniaceae,Protoperidinium,Protoperidinium_pellucidum
6654e06b7acdff7d62b7ddd553ccd275,Eukaryota,TSAR_Alveolata_Ciliophora,Oligohymenophorea,Apostomatia,Apostomatia_X,Apostomatia_XX,Apostomatia_XX_sp.
cddf213ea8e561edc5054bb80a01f899,Eukaryota,TSAR_Alveolata_Dinoflagellata,Dinophyceae,Dinophyceae_X,Dinophyceae_XX,Dinophyceae_XXX,Dinophyceae_XXX_sp.
90affe060d1305b24b83e9ce8b599960,Eukaryota,TSAR_Rhizaria_Radiolaria,Polycystinea,Spumellaria,Astrosphaeridae,Heliosphaera,Heliosphaera_sp.
14caa2a1f3feb02975ad18c1ae6d7898,Eukaryota,TSAR_Alveolata_Dinoflagellata,Syndiniales,Dino-Group-III,Dino-Group-III_X,Dino-Group-III_XX,Dino-Group-III_XX_sp.
d438bab455916481ff39762da44a4333,Eukaryota,TSAR_Stramenopiles_Bigyra,Opalozoa,Nanomonadea,MAST-3,MAST-3F,MAST-3F_sp.
faff8697c92b5ca6d671152d1c080319,Eukaryota,TSAR_Alveolata_Ciliophora,Spirotrichea,Choreotrichida-Tintinnina,Eutintinnidae,Eutintinnus,Eutintinnus_lusus-undae
816be101f329c7c0b672de1a42f66a42,Eukaryota,TSAR_Stramenopiles_Gyrista,Chrysophyceae,Chrysophyceae_Clade-EC2H,Chrysophyceae_Clade-EC2H_X,Chrysophyceae_Clade-EC2H_XX,Chrysophyceae_Clade-EC2H_XX_sp.
a12b6b2fa1a1547aa0222ac5e33767f2,Eukaryota,Archaeplastida_Chlorophyta_Chlorophyta_X,Pyramimonadophyceae,Pyramimonadales,Pyramimonadaceae,Pyramimonas,Pyramimonas_disomata
c49e370867c6a818d149eed0da4e7dbc,Eukaryota,TSAR_Alveolata_Dinoflagellata,Syndiniales,Dino-Group-II,Dino-Group-II-Clade-15,Dino-Group-II-Clade-15_X,Dino-Group-II-Clade-15_X_sp.
e4d40336d11bacb39519842750e0b96d,Eukaryota,TSAR_Alveolata_Dinoflagellata,Dinophyceae,Dinophyceae_X,Dinophyceae_XX,Dinophyceae_XXX,Dinophyceae_XXX_sp.
1abb1aaa62d2f8f2989593555ca82c4e,Eukaryota,TSAR_Alveolata_Dinoflagellata,Syndiniales,Dino-Group-II,Dino-Group-II-Clade-9,Dino-Group-II-Clade-9_X,Dino-Group-II-Clade-9_X_sp.
6bdc33f0d92749924297021d0a1e7fc1,Eukaryota,TSAR_Alveolata_Dinoflagellata,Syndiniales,Dino-Group-II,Dino-Group-II-Clade-44,Dino-Group-II-Clade-44_X,Dino-Group-II-Clade-44_X_sp.
d8725ecddfaae08e26f6828d5dc0a354,Eukaryota,TSAR_Alveolata_Dinoflagellata,Syndiniales,Dino-Group-II,Dino-Group-II-Clade-5,Dino-Group-II-Clade-5_X,Dino-Group-II-Clade-5_X_sp.
da70c407926e396f308258649ccf7bd8,Eukaryota,TSAR_Alveolata_Dinoflagellata,Dinophyceae,Peridiniales,Thoracosphaeraceae,,
207a548f6a2ae42afd472f172840c544,Eukaryota,TSAR_Alveolata_Dinoflagellata,Dinophyceae,Gonyaulacales,Ceratiaceae,Tripos,Tripos_longipes
547eae923025f793f5402eacc18f15f1,Eukaryota,TSAR_Alveolata_Dinoflagellata,Dinophyceae,Dinophyceae_X,Dinophyceae_XX,Dinophyceae_XXX,Dinophyceae_XXX_sp.
820f2bed2e989a62d6be628722e86750,Eukaryota,TSAR_Alveolata_Dinoflagellata,Syndiniales,Dino-Group-II,,,
ae4c37e24146add1b5f103abdc5b0bcc,Eukaryota,TSAR_Alveolata_Dinoflagellata,Dinophyceae,Dinophyceae_X,Dinophyceae_XX,Dinophyceae_XXX,Dinophyceae_XXX_sp.
e1dee27df41410c5be65c7a8323fe307,Eukaryota,TSAR_Alveolata_Dinoflagellata,Syndiniales,Dino-Group-II,Dino-Group-II-Clade-15,Dino-Group-II-Clade-15_X,Dino-Group-II-Clade-15_X_sp.
9f6b8f28acd59ea707dbbe1294185a14,Eukaryota,TSAR_Alveolata_Dinoflagellata,Dinophyceae,,,,
a09cfe1c1d53f73abe5d2e79a4323ca4,Eukaryota,Excavata_Discoba_Euglenozoa,Diplonemea,Diplonemida,Eupelagonemidae,Eupelagonemidae_X,Eupelagonemidae_X_sp.
b715a6007565a5fe25f9ac9557432550,Eukaryota,TSAR_Alveolata_Dinoflagellata,Syndiniales,Dino-Group-II,,,
137bebe324600d6ae0deb30f98327d90,Eukaryota,TSAR_Alveolata_Ciliophora,Spirotrichea,Choreotrichida,Choreotrichida_X,Choreotrichida_XX,Choreotrichida_XX_sp.
6b6f8f2bc4e390a434d6974259b5a91d,Eukaryota,Obazoa_Opisthokonta_Fungi,Ascomycota,Saccharomycotina,Saccharomycetales,Candida,
70b18ea778c190f2cf22a8763b589840,Eukaryota,TSAR_Alveolata_Ciliophora,Spirotrichea,Choreotrichida,Choreotrichida_X,Choreotrichida_XX,Choreotrichida_XX_sp.
77b3703715e5a1ac59b9d1cce328cbdc,Eukaryota,TSAR_Alveolata_Dinoflagellata,Syndiniales,Dino-Group-I,Dino-Group-I-Clade-5,Dino-Group-I-Clade-5_X,Dino-Group-I-Clade-5_X_sp.
1409bcbbc8670b3c8d78b8c88b16c072,Eukaryota,TSAR_Alveolata_Dinoflagellata,Dinophyceae,Dinophysales,Dinophysaceae,Ornithocercus,
7cabcaf653ed45bac4ef5b5473510cd0,Eukaryota,TSAR_Alveolata_Dinoflagellata,Syndiniales,Dino-Group-II,Dino-Group-II-Clade-10-and-11,Dino-Group-II-Clade-10-and-11_X,Dino-Group-II-Clade-10-and-11_X_sp.
9d20835c6e451617a9db2663a20e1762,Eukaryota,Archaeplastida_Chlorophyta_Chlorophyta_X,Mamiellophyceae,Dolichomastigales,Crustomastigaceae,Crustomastix,Crustomastix_stigmatica
2d4c1345913cf61998eebe5419bd4cca,Eukaryota,TSAR_Alveolata_Dinoflagellata,Syndiniales,,,,
9bbfa0892511adee32510b95b131612f,Eukaryota,Obazoa_Opisthokonta_Fungi,Chytridiomycota,Chytridiales,Chytridiales_X,Chytridiales_XX,Chytridiales_XX_sp.
e7d36159182692a5897162a917272e75,Eukaryota,TSAR_Alveolata_Dinoflagellata,Syndiniales,Dino-Group-II,Dino-Group-II-Clade-10-and-11,Dino-Group-II-Clade-10-and-11_X,Dino-Group-II-Clade-10-and-11_X_sp.
0d8874cb4ad35360a3439ac075472840,Eukaryota,TSAR_Rhizaria_Radiolaria,Acantharea,Acantharea_1,Acantharea_1_X,Acantharea_1_XX,Acantharea_1_XX_sp.
5a2cb6ee92316ef8d9d9e16c0b614466,Eukaryota,TSAR_Alveolata_Dinoflagellata,Syndiniales,Dino-Group-II,Dino-Group-II-Clade-1,Dino-Group-II-Clade-1_X,Dino-Group-II-Clade-1_X_sp.
608d101c8da1f4abfcb2e0a64a4658ce,Eukaryota,TSAR_Alveolata_Ciliophora,Oligohymenophorea,Apostomatia,Opalinopsidae,Chromidina,Chromidina_sp.
eb5f978aa86cc61400bdbd44fe32857f,Eukaryota,TSAR_Stramenopiles_Bigyra,Opalozoa,Nanomonadea,MAST-3,MAST-3I,MAST-3I_sp.
5f5ce7202ac78cb7f93e7883261f1be7,Eukaryota,TSAR_Alveolata_Dinoflagellata,Syndiniales,Dino-Group-I,Dino-Group-I-Clade-5,Dino-Group-I-Clade-5_X,Dino-Group-I-Clade-5_X_sp.
8191385db603e095be66f9b6cc4ff794,Eukaryota,TSAR_Alveolata_Dinoflagellata,Syndiniales,Dino-Group-I,Dino-Group-I-Clade-1,Dino-Group-I-Clade-1_X,Dino-Group-I-Clade-1_X_sp.
8a8ce08ecd52c064581c46457aa8055d,Eukaryota,TSAR_Alveolata_Dinoflagellata,Dinophyceae,,,,
900d62959c7b42a5623c347c7598f50f,Eukaryota,TSAR_Stramenopiles_Bigyra,Opalozoa,Nanomonadea,MAST-3,MAST-3I,MAST-3I_sp.
a2400756873086a1fa3112893588daf7,Eukaryota,TSAR_Alveolata_Ciliophora,Spirotrichea,Choreotrichida,,,
ae8d89ea1cad36930c3b5ec2490570c6,Eukaryota,TSAR_Stramenopiles_Bigyra,Opalozoa,Nanomonadea,MAST-3,MAST-3K,MAST-3K_sp.
b4d486b2f90fcae9e7d6b5cf656ff0aa,Eukaryota,TSAR_Alveolata_Dinoflagellata,Dinophyceae,Dinophysales,Dinophysaceae,Dinophysis,
4b0725c2f66d1c8b3c6b58722bbe7825,Eukaryota,TSAR_Rhizaria_Radiolaria,RAD-A,RAD-A_X,RAD-A_Xa,RAD-A_Xa_X,RAD-A_Xa_X_sp.
9f5dc6763fe8ef741522e954d55fc9ca,Eukaryota,TSAR_Rhizaria_Radiolaria,Acantharea,Acantharea_2,Acantharea_2a,Acantharea_2a_X,Acantharea_2a_X_sp.
528dd7458cc49815336737593b2d680e,Eukaryota,Obazoa_Opisthokonta_Fungi,Basidiomycota,Agaricomycotina,Agaricomycetes,,
a4c585bdb172a55bea7c3b0a6d32f52a,Eukaryota,TSAR_Alveolata_Dinoflagellata,Dinophyceae,Dinophyceae_X,Dinophyceae_XX,Dinophyceae_XXX,Dinophyceae_XXX_sp.
df13fcacaf6e3d6a0984e6f2d4232375,Eukaryota,TSAR_Alveolata_Dinoflagellata,Syndiniales,Dino-Group-II,Dino-Group-II-Clade-15,Dino-Group-II-Clade-15_X,Dino-Group-II-Clade-15_X_sp.
e5a89fa0ca117f5a5a60fa4ecc1051b5,Eukaryota,TSAR_Stramenopiles_Gyrista,Bacillariophyceae,Bacillariales,Bacillariaceae,,
012155238a2f714d3e28b06a621b2113,Eukaryota,Haptista_Haptophyta_Haptophyta_X,Prymnesiophyceae,Prymnesiales,Prymnesiaceae,,
a0ed8b82fd573639bf9f6ca0f3bd133a,Eukaryota,__,,,,,
c74450519551a3bbb5d92046a93f64f1,Eukaryota,TSAR_Alveolata_Dinoflagellata,Syndiniales,Dino-Group-II,Dino-Group-II-Clade-3,Dino-Group-II-Clade-3_X,Dino-Group-II-Clade-3_X_sp.
e2bf79f85714cc0c8ba62921b59f5a25,Eukaryota,TSAR_Rhizaria_Radiolaria,Acantharea,Acantharea_C,Acantharea_C1,Gigartacon-C1,Gigartacon-C1_muelleri
0b9537f9e80f64fee864850aa8d35f2e,Eukaryota,TSAR_Alveolata_Dinoflagellata,Syndiniales,Dino-Group-I,Dino-Group-I-Clade-5,Dino-Group-I-Clade-5_X,Dino-Group-I-Clade-5_X_sp.
4af335311c2f46b0af4f474487c99b6f,Eukaryota,TSAR_Alveolata_Dinoflagellata,Syndiniales,Dino-Group-II,Dino-Group-II-Clade-22,Dino-Group-II-Clade-22_X,Dino-Group-II-Clade-22_X_sp.
767f40277de903f9111f2fd92e2b0dbd,Eukaryota,Obazoa_Opisthokonta_Fungi,Ascomycota,Pezizomycotina,Eurotiomycetes,,
9661582b38e1cf1ba0172eee55ef72e0,Eukaryota,TSAR_Alveolata_Dinoflagellata,,,,,
004a7618c04c73b39dde3fdf7a520bf0,Eukaryota,TSAR_Alveolata_Dinoflagellata,Dinophyceae,Peridiniales,Protoperidiniaceae,Protoperidinium,Protoperidinium_abei
f0f4435848ca3dd90d0ed16987d4e6ca,Eukaryota,TSAR_Stramenopiles_Bigyra,Opalozoa,Nanomonadea,MAST-3,MAST-3J,MAST-3J_sp.
039f2ea5706adcce2c2d088d5e0d917f,Eukaryota,TSAR_Alveolata_Dinoflagellata,Dinophyceae,Dinophyceae_X,Dinophyceae_XX,Dinophyceae_XXX,Dinophyceae_XXX_sp.
79e763c69a3eacf9fba01093c754d98e,Eukaryota,TSAR_Rhizaria_Radiolaria,Polycystinea,Nassellaria,Lophophaenidae,Archiperidium,Archiperidium_hexacanthum
8d632a17d0132ec2f87ee8c46bbf8a59,Eukaryota,Excavata_Discoba_Euglenozoa,Kinetoplastea,Kinetoplastea_X,Kinetoplastea_XX,Kinetoplastea_XX_MET6,Kinetoplastea_XX_MET6_sp.
b0cea51b44999029f30de6e794e1eda0,Eukaryota,Excavata_Discoba_Euglenozoa,Kinetoplastea,Kinetoplastea_X,Kinetoplastea_XX,Kinetoplastea_XX_MET1,Kinetoplastea_XX_MET1_sp.
c8314927a4fe4c87ad1c25f67ae8e590,Eukaryota,TSAR_Alveolata_Dinoflagellata,Syndiniales,Dino-Group-II,Dino-Group-II-Clade-10-and-11,Dino-Group-II-Clade-10-and-11_X,Dino-Group-II-Clade-10-and-11_X_sp.
f0acc9609a798ed0c60d3222ead86342,Eukaryota,TSAR_Stramenopiles_Gyrista,Mediophyceae,Thalassiosirales,Stephanodiscaceae,Cyclotella,
b1d75af575dc3526812905cb740c8b68,Eukaryota,Obazoa_Opisthokonta_Fungi,Ascomycota,Pezizomycotina,Dothideomycetes,Dothidea,
0e8fdf000a59b12e5b7b56f0ad04f36d,Eukaryota,TSAR_Alveolata_Dinoflagellata,Syndiniales,Dino-Group-II,Dino-Group-II-Clade-10-and-11,Dino-Group-II-Clade-10-and-11_X,Dino-Group-II-Clade-10-and-11_X_sp.
147af8e44b62dc1fbbd086716a22a57a,Eukaryota,TSAR_Rhizaria_Radiolaria,Polycystinea,Spumellaria,Pyloniidae,,
2c6cb544266828e758bb2f518bb360d6,Eukaryota,TSAR_Alveolata_Dinoflagellata,Dinophyceae,Dinophyceae_X,Dinophyceae_XX,Dinophyceae_XXX,Dinophyceae_XXX_sp.
5a34d3577e74df2d533bf61d754d94cd,Eukaryota,TSAR_Alveolata_Dinoflagellata,Syndiniales,Dino-Group-II,Dino-Group-II-Clade-7,Dino-Group-II-Clade-7_X,Dino-Group-II-Clade-7_X_sp.
c20c229ff9049e875fd6d5f22f8ffe82,Eukaryota,TSAR_Alveolata_Dinoflagellata,Dinophyta_X,Dinophyta_XX,Dinophyta_XXX,Dinophyta_XXXX,Dinophyta_XXXX_sp.
0ed61f1f967a945e9d266b39acb70d87,Eukaryota,TSAR_Alveolata_Dinoflagellata,Syndiniales,Dino-Group-II,Dino-Group-II-Clade-10-and-11,Dino-Group-II-Clade-10-and-11_X,Dino-Group-II-Clade-10-and-11_X_sp.
130145d9e535157640c55fb61a8c6e80,Eukaryota,TSAR_Alveolata_Dinoflagellata,Dinophyceae,,,,
3255408927911c211aa8e065c7625dea,Eukaryota,TSAR_Alveolata_Dinoflagellata,Dinophyceae,Dinophyceae_X,Dinophyceae_XX,Dinophyceae_XXX,Dinophyceae_XXX_sp.
3c6f5b096b6c8b61113b182ed5f4cb79,Eukaryota,TSAR_Alveolata_Dinoflagellata,Dinophyceae,Dinophyceae_X,Dinophyceae_XX,Dinophyceae_XXX,Dinophyceae_XXX_sp.
802d6d608fb1de99fc9621867ae5b324,Eukaryota,TSAR_Alveolata_Dinoflagellata,Syndiniales,Dino-Group-IV,Dino-Group-IV-Hematodinium-Group,Hematodinium,Hematodinium_sp.
8f4355226694349ba872a32c04b76f2d,Eukaryota,Excavata_Discoba_Euglenozoa,Kinetoplastea,Kinetoplastea_X,Kinetoplastea_XX,Kinetoplastea_XXX,Kinetoplastea_XXX_sp.
9496d2fc5607f271129e75d648a13082,Eukaryota,Excavata_Discoba_Discoba_X,Heterolobosea,Tetramitia_III,Tulamoebidae,Tulamoeba,Tulamoeba_peronaphora
eaff7c664f3bbade617c5782dec406f2,Eukaryota,TSAR_Rhizaria_Radiolaria,Acantharea,Acantharea_F,Acantharea_F3,Acanthometra,Acanthometra_sp.
fec030eedb3111ca23e22df372ebe334,Eukaryota,TSAR_Alveolata_Dinoflagellata,Dinophyceae,Peridiniales,Podolampadaceae,Podolampas,Podolampas_palmipes
25395a04168d7a0c8557e1aeb73f94e7,Eukaryota,TSAR_Alveolata_Dinoflagellata,,,,,
2fbeced2b5d959252ef7da5578825b6a,Eukaryota,TSAR_Stramenopiles_Bigyra,Opalozoa,Nanomonadea,MAST-3,MAST-3C,MAST-3C_sp.
380979bf1d5237d8e4058a95067b7dec,Eukaryota,TSAR_Alveolata_Dinoflagellata,Dinophyceae,Peridiniales,Blastodiniaceae,Blastodinium,Blastodinium_sp.
50a489398fb1e616294045a659992e61,Eukaryota,TSAR_Telonemia_Telonemia_X,Telonemia_XX,Telonemia_XXX,Telonemia-Group-2,Telonemia-Group-2_X,Telonemia-Group-2_X_sp.
d1f897da0c9a0e476651e117b214d302,Eukaryota,TSAR_Alveolata_Dinoflagellata,Dinophyceae,Gymnodiniales,Gymnodiniaceae,Akashiwo,Akashiwo_sanguinea
98b46bfb8fb289aa65ef54c4170589a4,Eukaryota,TSAR_Alveolata_Dinoflagellata,Syndiniales,Dino-Group-II,Dino-Group-II-Clade-32,Dino-Group-II-Clade-32_X,Dino-Group-II-Clade-32_X_sp.
0ad1c4f86903cc0975f94071a4faed8f,Eukaryota,TSAR_Rhizaria_Radiolaria,Acantharea,Acantharea_A,Acantharea_A_X,Acanthoplegma,Acanthoplegma_sp.
ca61d991e63185993f36994f10f58ea7,Eukaryota,Haptista_Haptophyta_Haptophyta_X,Prymnesiophyceae,Prymnesiales,Chrysochromulinaceae,Chrysochromulina,Chrysochromulina_sp.
913cd00096d1eceb3c667003298090b8,Eukaryota,TSAR_Alveolata_Dinoflagellata,Syndiniales,Dino-Group-II,Dino-Group-II-Clade-10-and-11,Dino-Group-II-Clade-10-and-11_X,Dino-Group-II-Clade-10-and-11_X_sp.
9555742cc564164cf51b85a046a978b2,Eukaryota,TSAR_Rhizaria_Radiolaria,Acantharea,Acantharea_2,Acantharea_2b,Acantharea_2b_X,Acantharea_2b_X_sp.
abab12d9a96e96b313324973f3ad241f,Eukaryota,TSAR_Alveolata_Dinoflagellata,Dinophyceae,Peridiniales,Thoracosphaeraceae,Scrippsiella,
278ef5c8a8cb9d26a1600d880e51c532,Eukaryota,TSAR_Alveolata_Ciliophora,Spirotrichea,Choreotrichida-Tintinnina,Tintinnidae,Tintinnidae_X,Tintinnidae_X_sp.
2834af2f61f1941d7d1fcc17d85c963b,Eukaryota,TSAR_Alveolata_Dinoflagellata,Dinophyceae,Suessiales,Suessiaceae,,
bc4513588f837898fe691f16c76118c6,Eukaryota,Obazoa_Opisthokonta_Fungi,Ascomycota,Pezizomycotina,Dothideomycetes,Ochroconis,Ochroconis_musae
f42fe6debb5ae492a7d49016f61c35d6,Eukaryota,TSAR_Alveolata_Dinoflagellata,Syndiniales,Dino-Group-II,Dino-Group-II-Clade-1,Dino-Group-II-Clade-1_X,Dino-Group-II-Clade-1_X_sp.
015c357a3bedeb4543b20875e2564269,Eukaryota,TSAR_Alveolata_Dinoflagellata,Dinophyceae,Peridiniales,Blastodiniaceae,Blastodinium,
82e260a2e5de1fc91a3dbe3d64edcf81,Eukaryota,TSAR_Alveolata_Dinoflagellata,Syndiniales,Dino-Group-I,Dino-Group-I-Clade-1,Dino-Group-I-Clade-1_X,Dino-Group-I-Clade-1_X_sp.
c7e71ea1ca3076f8b600222a5d600564,Eukaryota,TSAR_Alveolata_Dinoflagellata,Dinophyceae,Dinophyceae_X,Dinophyceae_XX,Dinophyceae_XXX,Dinophyceae_XXX_sp.
c91ee8997a2df60112373aa8570ed853,Eukaryota,TSAR_Alveolata_Ciliophora,CONThreeP,CONThreeP_X,Discotrichidae,NASSO_1,NASSO_1_sp.
582c2d6ad452d65a6761752ba4ab9cf3,Eukaryota,TSAR_Alveolata_Dinoflagellata,Syndiniales,Dino-Group-I,Dino-Group-I-Clade-5,Dino-Group-I-Clade-5_X,Dino-Group-I-Clade-5_X_sp.
a9aa082e2ea3d8d3436abb88dc82b546,Eukaryota,TSAR_Alveolata_Dinoflagellata,Syndiniales,Dino-Group-II,Dino-Group-II-Clade-1,Dino-Group-II-Clade-1_X,Dino-Group-II-Clade-1_X_sp.
c72abb6b1f93f21725459609d9c1abab,Eukaryota,TSAR_Alveolata_Dinoflagellata,Dinophyceae,Dinophyceae_X,Dinophyceae_XX,Dinophyceae_XXX,Dinophyceae_XXX_sp.
eb661bb560c596cb21c176c0ad54d5ef,Eukaryota,Archaeplastida_Chlorophyta_Chlorophyta_X,Pyramimonadophyceae,Pyramimonadales,Pterospermaceae,Pterosperma,Pterosperma_cristatum
2007355bef78200fd81222649ff92236,Eukaryota,TSAR_Alveolata_Dinoflagellata,Syndiniales,Dino-Group-II,Dino-Group-II-Clade-21,Dino-Group-II-Clade-21_X,Dino-Group-II-Clade-21_X_sp.
3dac143d460e1920155d8fbf68ba3cf6,Eukaryota,TSAR_Rhizaria_Radiolaria,Polycystinea,Nassellaria,Cannobotryidae,Cannobotryidae_X,Cannobotryidae_X_sp.
80f832cf226d6204d437cd1535d9daba,Eukaryota,TSAR_Alveolata_Dinoflagellata,Syndiniales,Dino-Group-II,Dino-Group-II-Clade-1,Dino-Group-II-Clade-1_X,Dino-Group-II-Clade-1_X_sp.
12cad7c000da4b7180d3cc703792bf26,Eukaryota,TSAR_Alveolata_Dinoflagellata,Dinophyceae,Gymnodiniales,Gymnodiniaceae,Paragymnodinium,Paragymnodinium_shiwhaense
23a5d781c6fb75458780454487e1ccb6,Eukaryota,TSAR_Rhizaria_Radiolaria,Acantharea,Acantharea_B,Acantharea_B1,Acanthochiasma,Acanthochiasma_sp.
292241c054f45269d1644c1e35be5ddb,Eukaryota,Obazoa_Opisthokonta_Fungi,Ascomycota,Pezizomycotina,Dothideomycetes,,
2f95fc529070a9f4a25c4d6bf16591e7,Eukaryota,TSAR_Alveolata_Ciliophora,Oligohymenophorea,Apostomatia,Pseudocolliniidae,Fusiforma,Fusiforma_themisticola
bb2a47b60d3aa3b5547f38fa08b9e3f8,Eukaryota,TSAR_Alveolata_Dinoflagellata,Dinophyceae,Peridiniales,,,
0e9f8bc7b94ff75348c734bc9098d0a8,Eukaryota,TSAR_Alveolata_Dinoflagellata,,,,,
4e42f9bf066c4b87df31133443eada59,Eukaryota,TSAR_Stramenopiles_Gyrista,Mediophyceae,Chaetocerotales,Chaetocerotaceae,Chaetoceros,
9f9dc5fc0f1617c8a615202626e66ecc,Eukaryota,TSAR_Alveolata_Dinoflagellata,Dinophyceae,Peridiniales,Thoracosphaeraceae,Thoracosphaera,Thoracosphaera_heimii
104ad25a7e118397d57743f122efe64f,Eukaryota,TSAR_Alveolata_Dinoflagellata,Syndiniales,Dino-Group-V,Dino-Group-V_X,Dino-Group-V_XX,Dino-Group-V_XX_sp.
229f16598841f9e8a31524357d084267,Eukaryota,Obazoa_Opisthokonta_Fungi,Basidiomycota,Agaricomycotina,Agaricomycetes,,
60e529508380f2554ca04499cbafe348,Eukaryota,TSAR_Stramenopiles_Gyrista,Mediophyceae,Chaetocerotales,Chaetocerotaceae,Chaetoceros,
fe9c4a7ead7c8d3c3613a85547e1a2d6,Eukaryota,Haptista_Haptophyta_Haptophyta_X,Prymnesiophyceae,Prymnesiophyceae_X,Braarudosphaeraceae,Braarudosphaeraceae_X,Braarudosphaeraceae_X_sp.
08990de27f75d84df5cce1f4c1ca2210,Eukaryota,TSAR_Alveolata_Ciliophora,CONThreeP,CONThreeP_X,Discotrichidae,NASSO_1,NASSO_1_sp.
5f41b4890f2fb826cb98ecd109ce3dec,Eukaryota,TSAR_Alveolata_Dinoflagellata,Dinophyceae,Prorocentrales,Prorocentraceae,Prorocentrum,Prorocentrum_sp.
670abc98a390f06237319d0396d3f3c8,Eukaryota,TSAR_Alveolata_Dinoflagellata,Syndiniales,Dino-Group-II,Dino-Group-II-Clade-21,Dino-Group-II-Clade-21_X,Dino-Group-II-Clade-21_X_sp.
da039c70db0c919ea07245f11e639388,Eukaryota,TSAR_Alveolata_Dinoflagellata,Dinophyceae,,,,
2137cc2cae7b1fd55eef61db608d8179,Eukaryota,TSAR_Alveolata_Dinoflagellata,Dinophyceae,Peridiniales,Kryptoperidiniaceae,Blixaea,Blixaea_quinquecornis
340596a9cd902838af6a9a0e0679b5e6,Eukaryota,Haptista_Haptophyta_Haptophyta_X,Prymnesiophyceae,Phaeocystales,Phaeocystaceae,Phaeocystis,
64c93c2481e6b7c20a3edc2fa6f12220,Eukaryota,TSAR_Alveolata_Ciliophora,Oligohymenophorea,Apostomatia,Opalinopsidae,Chromidina,Chromidina_sp.
6c468b67f47a204ed9841c4508a0eb52,Eukaryota,TSAR_Rhizaria_Radiolaria,Polycystinea,Spumellaria,Lithelidae,Trilobatum,Trilobatum_aff_acuferum
ca650e127fd4a85559d6b87537306f70,Eukaryota,TSAR_Alveolata_Ciliophora,Oligohymenophorea,OLIGO5,OLIGO5_X,OLIGO5_XX,OLIGO5_XX_sp.
673a60ad22daa393e6654b56f48998c9,Eukaryota,TSAR_Alveolata_Dinoflagellata,Dinophyceae,Dinophyceae_X,Dinophyceae_XX,Dinophyceae_XXX,Dinophyceae_XXX_sp.
fdbf7489e4f157716e7434327c8c1bea,Eukaryota,TSAR_Rhizaria_Cercozoa,Chlorarachniophyceae,Chlorarachniophyceae_X,LC104-lineage,LC104-lineage_X,LC104-lineage_X_sp.
4c53d4021df5cd1f62c5422f7e2d84bd,Eukaryota,TSAR_Alveolata_Dinoflagellata,Syndiniales,Dino-Group-IV,Dino-Group-IV-Syndinium-Group,Syndinium,Syndinium_turbo
19a887af46df4664ac8b42b6cfe238d7,Eukaryota,TSAR_Rhizaria_Radiolaria,Polycystinea,Nassellaria,Triospyrididae,Ceratospyris,Ceratospyris_hyperborea
3caafd727e998d374e32c109ee10eab4,Eukaryota,TSAR_Alveolata_Dinoflagellata,Dinophyceae,Peridiniales,Protoperidiniaceae,Protoperidinium,Protoperidinium_divergens
9761ca5ad4f674ec3f67a5e923e8f1a6,Eukaryota,TSAR_Alveolata_Ciliophora,Oligohymenophorea,Apostomatia,Apostomatia_X,Apostomatia_XX,Apostomatia_XX_sp.
cc7bd133a94a4af6eb2ab82ed212b8d3,Eukaryota,TSAR_Alveolata_Ciliophora,Spirotrichea,Choreotrichida-Tintinnina,Ptychocylididae,Cymatocylis,
d763c12347ed48f7f3a6c684bbd29f8a,Eukaryota,TSAR_Alveolata_Ciliophora,Spirotrichea,Choreotrichida,Choreotrichida_X,Choreotrichida_XX,Choreotrichida_XX_sp.
e49ec5984d83cf930912aa678d43afb1,Eukaryota,TSAR_Alveolata_Dinoflagellata,Dinophyceae,,,,
1a3b94da1e4544affafd96db45497850,Eukaryota,Obazoa_Opisthokonta_Fungi,Basidiomycota,Agaricomycotina,Tremellomycetes,,
2cb0a6e9c24481b8eb2d68629d1a9272,Eukaryota,TSAR_Alveolata_Dinoflagellata,Syndiniales,Dino-Group-II,Dino-Group-II-Clade-1,Dino-Group-II-Clade-1_X,Dino-Group-II-Clade-1_X_sp.
056ac5724b0da02aedd91e22d85aabd5,Eukaryota,TSAR_Rhizaria_Radiolaria,RAD-C,RAD-C_X,RAD-C_Xa,RAD-C_Xa_X,RAD-C_Xa_X_sp.
2b5c24094f457abb1dd31006a4d23926,Eukaryota,TSAR_Alveolata_Dinoflagellata,Syndiniales,Dino-Group-II,Dino-Group-II-Clade-4,,
94b633554c69f58d13b16a51f8b11cce,Eukaryota,TSAR_Alveolata_Dinoflagellata,Syndiniales,Dino-Group-IV,Dino-Group-IV-Hematodinium-Group,Hematodinium,Hematodinium_sp.
be03396a5b7bff8ccc5a9d1860a2b7ca,Eukaryota,TSAR_Stramenopiles_Gyrista,Pelagophyceae,Sarcinochrysidales,Sarcinochrysidaceae,,
ca7113ffe59fe83350c842fd7f2b14dd,Eukaryota,Amoebozoa_Discosea_Discosea_X,Flabellinia,Dactylopodida,Paramoebidae,,
23a192474208576f19e76f146d8f0a43,Eukaryota,Archaeplastida_Chlorophyta_Chlorophyta_X,Mamiellophyceae,Mamiellales,Bathycoccaceae,Ostreococcus,Ostreococcus_clade_B
452428fa26b7722c7cb1f00698b1f035,Eukaryota,TSAR_Alveolata_Ciliophora,Spirotrichea,Choreotrichida-Tintinnina,Tintinnidae,Tintinnidae_X,Tintinnidae_X_sp.
adaa406edecc783a452043c3c075e22e,Eukaryota,TSAR_Alveolata_Dinoflagellata,Dinophyceae,Dinophyceae_X,Dinophyceae_XX,Dinophyceae_XXX,Dinophyceae_XXX_sp.
dc03602acf999d2a3caf8f4ee5a38cd9,Eukaryota,Obazoa_Opisthokonta_Choanoflagellata,Choanoflagellatea,Acanthoecida,Stephanoecidae_Group_I,Stephanoecidae_Group_I_X,Stephanoecidae_Group_I_X_sp.
2a905a42c3ecc4410513e07799dd3d2a,Eukaryota,TSAR_Alveolata_Dinoflagellata,Dinophyceae,,,,
86569cbc8df6074f65a92315dbf9eec2,Eukaryota,TSAR_Alveolata_Dinoflagellata,Dinophyceae,,,,
b217aac1e0f328c2275b12e34eb20324,Eukaryota,Haptista_Haptophyta_Haptophyta_X,Prymnesiophyceae,Prymnesiales,Prymnesiaceae,,
4cacb8be7e0852a9f862fe2860e9c788,Eukaryota,TSAR_Alveolata_Ciliophora,Spirotrichea,Choreotrichida-Tintinnina,Cyttarocylididae,Cyttarocylis,
e2378990a037eaed7b0ad4a67e79907a,Eukaryota,TSAR_Alveolata_Dinoflagellata,Syndiniales,Dino-Group-II,Dino-Group-II-Clade-1,Dino-Group-II-Clade-1_X,Dino-Group-II-Clade-1_X_sp.
21819a29278459f625439550bb78cc62,Eukaryota,TSAR_Alveolata_Dinoflagellata,Dinophyceae,Peridiniales,Protoperidiniaceae,Protoperidinium,Protoperidinium_sp.
82341c666e6113a01d2f851a86758ede,Eukaryota,TSAR_Stramenopiles_Gyrista,Bacillariophyceae,Achnanthales,Achnanthidiaceae,Achnanthidium,Achnanthidium_minutissimum
cc6b7ee491a8b50013cfc511b4ffd89a,Eukaryota,TSAR_Alveolata_Dinoflagellata,Syndiniales,Dino-Group-V,Dino-Group-V_X,Dino-Group-V_XX,Dino-Group-V_XX_sp.
e92f1ab7afff85b75299937a33ebe9cd,Eukaryota,TSAR_Alveolata_Ciliophora,CONThreeP,CONThreeP_X,CONThreeP_XX,Askenasia,Askenasia_sp.
290214468dccba9b62ee25e02ab25b1d,Eukaryota,Obazoa_Opisthokonta_Choanoflagellata,Choanoflagellatea,Craspedida,Monosigidae_Group_B,Monosigidae_Group_B_X,Monosigidae_Group_B_X_sp.
5c290582476257c31c80da3d026d473b,Eukaryota,TSAR_Alveolata_Dinoflagellata,Dinophyceae,Prorocentrales,Prorocentraceae,Prorocentrum,
5f5027ac5f54f302555c31fe6f7bb2ef,Eukaryota,TSAR_Alveolata_Dinoflagellata,Syndiniales,Dino-Group-II,Dino-Group-II-Clade-22,Dino-Group-II-Clade-22_X,Dino-Group-II-Clade-22_X_sp.
ac1690cf239964b361749768ff8ef7e2,Eukaryota,TSAR_Alveolata_Dinoflagellata,Syndiniales,Dino-Group-II,Dino-Group-II-Clade-44,Dino-Group-II-Clade-44_X,Dino-Group-II-Clade-44_X_sp.
5aca6c6e640d98b645a971415b2049c9,Eukaryota,TSAR_Alveolata_Dinoflagellata,Dinophyceae,Dinophyceae_X,Dinophyceae_XX,Dinophyceae_XXX,Dinophyceae_XXX_sp.
bf87ce530a364b78ae35b5d5c35e2828,Eukaryota,TSAR_Alveolata_Dinoflagellata,Syndiniales,Dino-Group-II,Dino-Group-II-Clade-10-and-11,Dino-Group-II-Clade-10-and-11_X,Dino-Group-II-Clade-10-and-11_X_sp.
38019e3ea5805d00e5effb3158c86d5e,Eukaryota,TSAR_Alveolata_Dinoflagellata,Syndiniales,Dino-Group-II,Dino-Group-II-Clade-10-and-11,Dino-Group-II-Clade-10-and-11_X,Dino-Group-II-Clade-10-and-11_X_sp.
3f614155d17ca60cdf73be585404730c,Eukaryota,TSAR_Alveolata_Dinoflagellata,Syndiniales,Dino-Group-II,Dino-Group-II-Clade-6,Dino-Group-II-Clade-6_X,Dino-Group-II-Clade-6_X_sp.
4a15636d1c7563fdfc6bd77ed1241949,Eukaryota,TSAR_Stramenopiles_Gyrista,Bacillariophyceae,Achnanthales,Achnanthaceae,Achnanthes,
5b46f6f24e821df4f536458e232b4826,Eukaryota,TSAR_Telonemia_Telonemia_X,Telonemia_XX,Telonemia_XXX,Telonemia-Group-2,Telonemia-Group-2_X,Telonemia-Group-2_X_sp.
957e540724ea931ed13ff87498129953,Eukaryota,Excavata_Discoba_Euglenozoa,Diplonemea,Diplonemida,Eupelagonemidae,Eupelagonemidae_X,Eupelagonemidae_X_sp.
ffba4be6f9524fe05b30e1867d581063,Eukaryota,TSAR_Alveolata_Dinoflagellata,Syndiniales,Dino-Group-II,Dino-Group-II-Clade-14,Dino-Group-II-Clade-14_X,Dino-Group-II-Clade-14_X_sp.
39319ef82fc508cfe8b7052ed8f47ba5,Eukaryota,TSAR_Alveolata_Dinoflagellata,Dinophyceae,Dinophyceae_X,Dinophyceae_XX,Dinophyceae_XXX,Dinophyceae_XXX_sp.
3b1f67a291d1b797da47f8e2b9ad71c5,Eukaryota,TSAR_Stramenopiles_Bigyra,Opalozoa,Nanomonadea,MAST-3,MAST-3I,MAST-3I_sp.
6c962b304f9f2971dfd528b9f3e8bf34,Eukaryota,TSAR_Alveolata_Dinoflagellata,Dinophyceae,Gonyaulacales,Pyrocystaceae,Alexandrium,Alexandrium_ostenfeldii
87d9ced9c41f20a5b5e95cb47838bd21,Eukaryota,TSAR_Alveolata_Dinoflagellata,Syndiniales,Dino-Group-II,Dino-Group-II-Clade-1,Dino-Group-II-Clade-1_X,Dino-Group-II-Clade-1_X_sp.
36e47b167330ca2ca3ea6bf222faa2cb,Eukaryota,TSAR_Rhizaria_Cercozoa,Filosa-Sarcomonadea,Cercomonadida,Paracercomonadidae,Paracercomonas,Paracercomonas_sp.
3e1f00cd51cdef6d32d18b6fa0e9f5cd,Eukaryota,TSAR_Stramenopiles_Bigyra,Bicoecea,Borokales,Borokaceae,Borokaceae_X,Borokaceae_X_sp.
78f88bea501670b3f80c8662721a4d5a,Eukaryota,TSAR_Alveolata_Dinoflagellata,Syndiniales,Dino-Group-II,Dino-Group-II-Clade-1,Dino-Group-II-Clade-1_X,Dino-Group-II-Clade-1_X_sp.
d4ef81067f7589b5a24f27aea198c94e,Eukaryota,TSAR_Alveolata_Dinoflagellata,Syndiniales,Dino-Group-II,Dino-Group-II-Clade-1,Dino-Group-II-Clade-1_X,Dino-Group-II-Clade-1_X_sp.
e44242bc533b3d53399e51dca69ff608,Eukaryota,Archaeplastida_Chlorophyta_Chlorophyta_X,Trebouxiophyceae,Chlorellales,Chlorellales_X,,
c1fd610875b599e1ee292d9ac6ee6649,Eukaryota,TSAR_Alveolata_Ciliophora,CONThreeP,CONThreeP_X,Discotrichidae,NASSO_1,NASSO_1_sp.
ab519dcc758ee5be9683e5b44f65758c,Eukaryota,Archaeplastida_Prasinodermophyta_Prasinodermophyta_X,Prasinodermophyceae,Prasinodermales,Prasinodermaceae,Prasinodermaceae_X,Prasinodermaceae_X_sp.
b8d559134fbb255cfaf59246198ac78c,Eukaryota,TSAR_Alveolata_Ciliophora,Spirotrichea,Oligotrichida,Strombidiidae,Strombidiidae_X,Strombidiidae_X_sp.
4af76f69f0a609894271b6b65998d6a9,Eukaryota,TSAR_Alveolata_Dinoflagellata,Dinophyceae,,,,
4d63fc50b6606335f48ed13c52349df5,Eukaryota,TSAR_Alveolata_Dinoflagellata,Syndiniales,Dino-Group-II,,,
57f79b07760954f5cae1cb4d74d6ec3c,Eukaryota,TSAR_Alveolata_Dinoflagellata,Dinophyceae,Dinophyceae_X,Dinophyceae_XX,Dinophyceae_XXX,Dinophyceae_XXX_sp.
8214c5cbf69994499660b741b5d80627,Eukaryota,TSAR_Alveolata_Dinoflagellata,Dinophyceae,Dinophyceae_X,Dinophyceae_XX,Dinophyceae_XXX,Dinophyceae_XXX_sp.
a9c855931edf3295b4465b8cac7bebc3,Eukaryota,TSAR_Alveolata_Dinoflagellata,Syndiniales,Dino-Group-II,Dino-Group-II-Clade-6,Dino-Group-II-Clade-6_X,Dino-Group-II-Clade-6_X_sp.
d725f9a40b4586c5db4922352ab0c9ac,Eukaryota,TSAR_Alveolata_Dinoflagellata,Syndiniales,Dino-Group-II,Dino-Group-II-Clade-12,Dino-Group-II-Clade-12_X,Dino-Group-II-Clade-12_X_sp.
db22a71fbce0c37ed91de4deb69ae435,Eukaryota,TSAR_Rhizaria_Radiolaria,Polycystinea,Nassellaria,Lophophaenidae,Lithomelissa,Lithomelissa_setosa
4d407b7fe5f8f4ff4242130d1b000fae,Eukaryota,TSAR_Alveolata_Dinoflagellata,Dinophyceae,Gonyaulacales,Pyrophacaceae,Fragilidium,Fragilidium_mexicanum
53250147f52d82fc0205af5e5b93c9d3,Eukaryota,TSAR_Alveolata_Dinoflagellata,Syndiniales,Dino-Group-II,Dino-Group-II-Clade-6,Dino-Group-II-Clade-6_X,Dino-Group-II-Clade-6_X_sp.
65c2f54fe47589b86b5ce06eeee746c9,Eukaryota,TSAR_Alveolata_Dinoflagellata,Dinophyceae,Gonyaulacales,Pyrocystaceae,Alexandrium,Alexandrium_ostenfeldii
aa07d60a4732ad36c80647ef7ba22104,Eukaryota,Archaeplastida_Streptophyta_Streptophyta_X,Embryophyceae,Embryophyceae_X,Embryophyceae_XX,Fallopia,Fallopia_multiflora
3b8e936dd56ff589f7c6f0bb42ed4f8b,Eukaryota,Obazoa_Opisthokonta_Fungi,Ascomycota,Saccharomycotina,Saccharomycetales,Pichia,Pichia_kluyveri
c374b7efbce0d1069bc76d3741a568e6,Eukaryota,TSAR_Alveolata_Apicomplexa,Gregarinomorphea,Eugregarinorida,Eugregarinorida_EUG1,Eugregarinorida_EUG1_X,Eugregarinorida_EUG1_X_sp.
03ba042bc1685991c565aa5c45724711,Eukaryota,Obazoa_Opisthokonta_Fungi,Ascomycota,Saccharomycotina,Saccharomycetales,Pichia,Pichia_membranifaciens
423107e528f105c5192066b7cd4054a8,Eukaryota,Obazoa_Opisthokonta_Fungi,Ascomycota,Saccharomycotina,Saccharomycetales,Pichia,
972c33c630bb56128cfb0ce8cf997111,Eukaryota,TSAR_Alveolata_Dinoflagellata,Syndiniales,Dino-Group-I,Dino-Group-I_X,Dino-Group-I_XX,Dino-Group-I_XX_sp.
0a80f909e7b0c6be57551c0e014bd323,Eukaryota,TSAR_Rhizaria_Radiolaria,Polycystinea,Spumellaria,Pyloniidae,Pylodiscus,Pylodiscus_spinulosus
1b940918a5a92b59b2d46056e6be0d83,Eukaryota,TSAR_Alveolata_Dinoflagellata,Dinophyceae,,,,
4b8b31fe2088c1e18ba550c2f2f765a8,Eukaryota,TSAR_Alveolata_Dinoflagellata,Syndiniales,Dino-Group-I,Dino-Group-I-Clade-5,Dino-Group-I-Clade-5_X,Dino-Group-I-Clade-5_X_sp.
b3d1e9237168e9e819255b30379fdb8c,Eukaryota,TSAR_Alveolata_Dinoflagellata,Dinophyceae,Dinophyceae_X,Dinophyceae_XX,Dinophyceae_XXX,Dinophyceae_XXX_sp.
04a779dbe207a0d2c35fea7a58a30e30,Eukaryota,TSAR_Alveolata_Dinoflagellata,Dinophyceae,Gonyaulacales,Protoceratiaceae,Protoceratium,Protoceratium_reticulatum
595a77ebdcf73a7f3f76e339c61ce3ff,Eukaryota,TSAR_Alveolata_Dinoflagellata,Dinophyceae,Gymnodiniales,Gymnodiniaceae,Akashiwo,Akashiwo_sanguinea
7ba9492dc6be26b2c7ecab0e6b199da8,Eukaryota,TSAR_Alveolata_Ciliophora,Colpodea,Colpodea_X,Colpodida,,
822fb8c4528795e40cbc43151ce120ae,Eukaryota,Archaeplastida_Chlorophyta_Chlorophyta_X,Ulvophyceae,Oltmansiellopsidales,Oltmansiellopsidales_X,Oltmannsiellopsis,
9320607cf7c5052f477fb4d6371a7f90,Eukaryota,TSAR_Stramenopiles_Gyrista,Mediophyceae,Chaetocerotales,Chaetocerotaceae,Bacteriastrum,Bacteriastrum_mediterraneum
a796ae3c7f85900dca7cec9417615f8e,Eukaryota,Obazoa_Opisthokonta_Choanoflagellata,Choanoflagellatea,Acanthoecida,Stephanoecidae,Didymoeca,Didymoeca_costata
d0cf0c3c1f59550b85dc0db7d260017c,Eukaryota,TSAR_Alveolata_Dinoflagellata,Syndiniales,Dino-Group-II,Dino-Group-II-Clade-9,Dino-Group-II-Clade-9_X,Dino-Group-II-Clade-9_X_sp.
e49c68b580f7f7d8b7d5d6ded35a0787,Eukaryota,Obazoa_Opisthokonta_Ichthyosporea,Ichthyophonida,Pseudoperkinsidae,Pseudoperkinsidae_X,Pseudoperkinsus,Pseudoperkinsus_tapetis
280edb77cd34347b9a1ed352c723ef5a,Eukaryota,TSAR_Alveolata_Dinoflagellata,Syndiniales,Dino-Group-II,Dino-Group-II-Clade-10-and-11,Dino-Group-II-Clade-10-and-11_X,Dino-Group-II-Clade-10-and-11_X_sp.
9c835aceca7901af0f38774e99f36eba,Eukaryota,TSAR_Alveolata_Dinoflagellata,Dinophyceae,Gonyaulacales,Pyrocystaceae,Alexandrium,Alexandrium_sp.
faf1e5c851dd3bc7ef54653f7a2b96e6,Eukaryota,TSAR_Alveolata_Dinoflagellata,Dinophyceae,Suessiales,Symbiodiniaceae,Cladocopium,
b3506194ac67f0c56ddb619dfaa3a65d,Eukaryota,TSAR_Alveolata_Dinoflagellata,Dinophyceae,Gymnodiniales,,,
d64dff0ca29787c85b5a45352eb20cc9,Eukaryota,TSAR_Alveolata_Dinoflagellata,Syndiniales,Dino-Group-II,,,
1d5fb165d27671fe86f8b8ce23524bb5,Eukaryota,Haptista_Haptophyta_Haptophyta_X,Prymnesiophyceae,Prymnesiales,Chrysochromulinaceae,Chrysochromulina,Chrysochromulina_sp.
1e3160263b64c9bd15cad9aa0a1abf43,Eukaryota,Excavata_Discoba_Euglenozoa,Diplonemea,Diplonemida,Eupelagonemidae,Eupelagonemidae_X,Eupelagonemidae_X_sp.
a4e078bd724eaec7b72663398010615b,Eukaryota,TSAR_Alveolata_Dinoflagellata,Syndiniales,Syndiniales_X,Syndiniales_XX,Syndiniales_XXX,Syndiniales_XXX_sp.
bdac4fe56b485458c9316d78b36d17f0,Eukaryota,TSAR_Alveolata_Ciliophora,Spirotrichea,Choreotrichida-Tintinnina,Undellidae,Undellidae_X,Undellidae_X_sp.
cca23aa7db5d048b063a4ecf45fd6c84,Eukaryota,Excavata_Discoba_Euglenozoa,Diplonemea,Diplonemida,Eupelagonemidae,Eupelagonemidae_X,Eupelagonemidae_X_sp.
5218f06ddec680d969150169b11e4895,Eukaryota,TSAR_Alveolata_Ciliophora,Oligohymenophorea,OLIGO5,OLIGO5_X,OLIGO5_XX,OLIGO5_XX_sp.
017d2d40aa9fdf57715cc198dbf7177e,Eukaryota,TSAR_Alveolata_Ciliophora,Spirotrichea,Choreotrichida,Choreotrichida_X,Choreotrichida_XX,Choreotrichida_XX_sp.
4dbf4355d8e178fe81f4db0a85599f36,Eukaryota,Haptista_Haptophyta_Haptophyta_X,Prymnesiophyceae,Prymnesiales,Chrysochromulinaceae,Chrysochromulina,Chrysochromulina_sp.
98cdc7a5758b27b735d02c575069ba64,Eukaryota,Obazoa_Opisthokonta_Choanoflagellata,Choanoflagellatea,Choanoflagellatea_X,Choanoflagellatea_XX_Group_L,Choanoflagellatea_XXX_Group_L_X,Choanoflagellatea_XXX_Group_L_X_sp.
9d4f3a835314444af8e7a7597bfb961c,Eukaryota,TSAR_Alveolata_Dinoflagellata,Dinophyceae,Gymnodiniales,Gymnodiniaceae,Amphidinium,Amphidinium_sp.
c7c36d51de8f89082f83388d81534bb5,Eukaryota,TSAR_Alveolata_Dinoflagellata,Syndiniales,Dino-Group-II,Dino-Group-II_X,Dino-Group-II_XX,Dino-Group-II_XX_sp.
2c12308af449e4d09b2107e55c667f0e,Eukaryota,TSAR_Rhizaria_Radiolaria,Acantharea,Acantharea_2,Acantharea_2b,Acantharea_2b_X,Acantharea_2b_X_sp.
7339c97e7437ac14bea5a34876642d47,Eukaryota,TSAR_Alveolata_Dinoflagellata,Syndiniales,Dino-Group-I,Dino-Group-I-Clade-5,Dino-Group-I-Clade-5_X,Dino-Group-I-Clade-5_X_sp.
f1a21b467ef8703281a1f576ecf78706,Eukaryota,TSAR_Alveolata_Dinoflagellata,Syndiniales,Dino-Group-III,Dino-Group-III_X,Dino-Group-III_XX,Dino-Group-III_XX_sp.
27142136924ae278e88cfa4ec80c2988,Eukaryota,TSAR_Alveolata_Dinoflagellata,Dinophyceae,Dinophyceae_X,Dinophyceae_XX,Dinophyceae_XXX,Dinophyceae_XXX_sp.
37fd0b4af2058e7787a69d9a8ffefd03,Eukaryota,TSAR_Stramenopiles_Bigyra,Opalozoa,Nanomonadea,MAST-3,MAST-3B,MAST-3B_sp.
56dd17b1a5d8edf45c65f14542cbe3ad,Eukaryota,Obazoa_Opisthokonta_Fungi,Ascomycota,Pezizomycotina,Dothideomycetes,,
c17d2b06a2b206c83fb5381f28c1a026,Eukaryota,TSAR_Alveolata_Ciliophora,Oligohymenophorea,OLIGO5,OLIGO5_X,OLIGO5_XX,OLIGO5_XX_sp.
cbaf43887ef14bf5c648c4b98d58f892,Eukaryota,TSAR_Alveolata_Dinoflagellata,Syndiniales,,,,
f2f5c0dc1316d6fc5e99258520eea1e6,Eukaryota,TSAR_Alveolata_Dinoflagellata,Dinophyceae,Dinophyceae_X,Dinophyceae_XX,Dinophyceae_XXX,Dinophyceae_XXX_sp.
499fc64b726ad371d90cc0c1a28b36ee,Eukaryota,Archaeplastida_Chlorophyta_Chlorophyta_X,Mamiellophyceae,Dolichomastigales,Dolichomastigaceae,Dolichomastigaceae-B,Dolichomastigaceae-B_sp.
50919b63223a8a1dc99958ca7e02f414,Eukaryota,TSAR_Alveolata_Dinoflagellata,Syndiniales,Dino-Group-II,Dino-Group-II-Clade-3,Dino-Group-II-Clade-3_X,Dino-Group-II-Clade-3_X_sp.
165e3261d71673fc3809ca4fefce87d7,Eukaryota,TSAR_Stramenopiles_Gyrista,Peronosporomycetes,Peronosporomycetes_X,Peronosporomycetes_XX,Peronosporomycetes_XXX,Peronosporomycetes_XXX_sp.
37e0f70169a254c9af30d39f0ed59a33,Eukaryota,TSAR_Alveolata_Dinoflagellata,Dinophyceae,Dinophyceae_X,Dinophyceae_XX,Dinophyceae_XXX,Dinophyceae_XXX_sp.
3c18fc4b92f8422e7f5b17f7f8683550,Eukaryota,TSAR_Alveolata_Dinoflagellata,,,,,
652a94a78115a7ce7b206d3bc34c361a,Eukaryota,TSAR_Alveolata_Dinoflagellata,Dinophyceae,Peridiniales,Blastodiniaceae,Blastodinium,Blastodinium_spinulosum
769e357fa6217c24b7e9fca50e506826,Eukaryota,TSAR_Alveolata_Dinoflagellata,Syndiniales,Dino-Group-II,Dino-Group-II-Clade-5,Dino-Group-II-Clade-5_X,Dino-Group-II-Clade-5_X_sp.
7843a4597b19e5ba73735bf8bb2374c0,Eukaryota,TSAR_Alveolata_Dinoflagellata,Syndiniales,Dino-Group-I,Dino-Group-I-Clade-4,Dino-Group-I-Clade-4_X,Dino-Group-I-Clade-4_X_sp.
bc9b526592e364256facdb69f8dc6d20,Eukaryota,TSAR_Alveolata_Dinoflagellata,Syndiniales,Dino-Group-II,Dino-Group-II-Clade-9,Dino-Group-II-Clade-9_X,Dino-Group-II-Clade-9_X_sp.
5b8e3687223d07f2948a133cd01b5029,Eukaryota,TSAR_Rhizaria_Radiolaria,Polycystinea,Spumellaria,Astrosphaeridae,Cladococcus,Cladococcus_scoparius
bc64ea7e762e72b1d289b6f6909195bc,Eukaryota,TSAR_Alveolata_Ciliophora,Spirotrichea,Choreotrichida-Tintinnina,TIN_11,Helicostomella,Helicostomella_subulata
dcc0c50dbffd21c3132541fccde3b98f,Eukaryota,TSAR_Stramenopiles_Gyrista,Dictyochophyceae,Dictyochophyceae_X,Pedinellales,Pedinellales_X,Pedinellales_X_sp.
36338747e8422017bdc48bf4e0aef5b1,Eukaryota,TSAR_Stramenopiles_Gyrista,Coscinodiscophyceae,Rhizosoleniales,Rhizosoleniaceae,Guinardia,
7e3b98d34c48a1accf8fe45bce60b5d6,Eukaryota,TSAR_Alveolata_Dinoflagellata,Syndiniales,Dino-Group-II,Dino-Group-II-Clade-10-and-11,Dino-Group-II-Clade-10-and-11_X,Dino-Group-II-Clade-10-and-11_X_sp.
8e0984f734d5dfb2d2ac4954bc994cc3,Eukaryota,TSAR_Alveolata_Ciliophora,Colpodea,Colpodea_X,Colpodida,Colpodida_X,Colpodida_X_sp.
c35bc76a06e253bdaaa8c64a61875521,Eukaryota,TSAR_Stramenopiles_Bigyra,Opalozoa,Nanomonadea,MAST-3,MAST-3I,MAST-3I_sp.
c7045830c2a013ef4f41d1f96c13dd70,Eukaryota,TSAR_Alveolata_Dinoflagellata,Syndiniales,Dino-Group-III,Dino-Group-III_X,Dino-Group-III_XX,Dino-Group-III_XX_sp.
f7170c13d58fc72eeae7ad0e20799dd9,Eukaryota,TSAR_Rhizaria_Radiolaria,Acantharea,Acantharea_2,Acantharea_2b,Acantharea_2b_X,Acantharea_2b_X_sp.
218ece718619d6844123c7020ea80733,Eukaryota,TSAR_Alveolata_Ciliophora,Oligohymenophorea,OLIGO5,OLIGO5_X,OLIGO5_XX,OLIGO5_XX_sp.
23fc8cf4fd34d5e861d58df08b3d469f,Eukaryota,TSAR_Alveolata_,,,,,
4169c4a15a04be1d543b4d1226eeedc8,Eukaryota,TSAR_Alveolata_Dinoflagellata,Dinophyceae,Dinophyceae_X,Dinophyceae_XX,Dinophyceae_XXX,Dinophyceae_XXX_sp.
60418c3bd4c82eb2f7bd27ae28846d2f,Eukaryota,TSAR_Stramenopiles_Gyrista,Bacillariophyceae,Bacillariophyceae_X,Bacillariophyceae_XX,Bacillariophyceae_XXX,Bacillariophyceae_XXX_sp.
ef4d374a8560fe01218f81118e327659,Eukaryota,TSAR_Stramenopiles_Gyrista,Chrysophyceae,Chrysophyceae_Clade-EC2H,Chrysophyceae_Clade-EC2H_X,Chrysophyceae_Clade-EC2H_XX,Chrysophyceae_Clade-EC2H_XX_sp.
13230339392de5c79f25ded0ee2f1861,Eukaryota,TSAR_Rhizaria_Cercozoa,Filosa-Thecofilosea,Ventricleftida,Ventricleftida_X,Ventricleftida_XX,Ventricleftida_XX_sp.
28503fbb1cbb87ce83313be73a24e3c3,Eukaryota,Amoebozoa_Discosea_Discosea_X,Centramoebia,Acanthopodida,Acanthamoebidae,Protacanthamoeba,Protacanthamoeba_sp.
9729927ca1dd0a105228533896efd72b,Eukaryota,Archaeplastida_Chlorophyta_Chlorophyta_X,Pseudoscourfieldiophyceae,Pseudoscourfieldiales,Pseudoscourfieldiaceae,Pseudoscourfieldia,
a7f2f659b3b2ac604b3af3aed11e1b2f,Eukaryota,TSAR_Alveolata_Dinoflagellata,Syndiniales,Dino-Group-I,Dino-Group-I-Clade-1,Dino-Group-I-Clade-1_X,Dino-Group-I-Clade-1_X_sp.
cade3b11cc25b99af28c03724283095f,Eukaryota,TSAR_Alveolata_Apicomplexa,Gregarinomorphea,Eugregarinorida,Cephaloidophoridae,Cephaloidophora,Cephaloidophora_sp.
4cbc1dbb9cff37166ccfc92764c36d54,Eukaryota,Obazoa_Opisthokonta_Choanoflagellata,Choanoflagellatea,Craspedida,Monosigidae_Group_B,Monosigidae_Group_B_X,Monosigidae_Group_B_X_sp.
b0d3cf973ecc5ba8ebde8044bef552ec,Eukaryota,TSAR_Alveolata_Dinoflagellata,Dinophyceae,Dinophyceae_X,Dinophyceae_XX,Dinophyceae_XXX,Dinophyceae_XXX_sp.
b51740866c2fdc808a8dd7dd06396a2e,Eukaryota,TSAR_Alveolata_Ciliophora,Spirotrichea,Oligotrichida,Strombidiidae,Strombidiidae_X,Strombidiidae_X_sp.
ef1fa2748e49896e58072b31d7c1d5a4,Eukaryota,TSAR_Alveolata_Dinoflagellata,Syndiniales,Dino-Group-V,Dino-Group-V_X,Dino-Group-V_XX,Dino-Group-V_XX_sp.
2ec4396ec061c853a9fc35a952afd739,Eukaryota,TSAR_Alveolata_Dinoflagellata,Dinophyceae,Peridiniales,Amphidomataceae,Azadinium,
68fb4e0138cb86cbe75008180f577805,Eukaryota,Archaeplastida_Chlorophyta_Chlorophyta_X,Ulvophyceae,Oltmansiellopsidales,Oltmansiellopsidales_X,Oltmannsiellopsis,
f7dd620e5c397d85c319197a2fb27861,Eukaryota,Haptista_Haptophyta_Haptophyta_X,Prymnesiophyceae,Prymnesiales,Chrysochromulinaceae,Chrysochromulina,
0daaca70bf201edd494be5c0faa13255,Eukaryota,TSAR_Alveolata_Dinoflagellata,Dinophyceae,Dinophyceae_X,Dinophyceae_XX,Dinophyceae_XXX,Dinophyceae_XXX_sp.
42128488e31ed6da142be5346b981f7a,Eukaryota,TSAR_Alveolata_Dinoflagellata,Dinophyceae,Dinophyceae_X,Dinophyceae_XX,Dinophyceae_XXX,Dinophyceae_XXX_sp.
48a2aba88562149bf35cda5577e130f2,Eukaryota,Obazoa_Opisthokonta_Fungi,Ascomycota,Pezizomycotina,Dothideomycetes,,
905b64c0dcdaae2bdebb8415dbf184ec,Eukaryota,TSAR_Rhizaria_Radiolaria,Polycystinea,Spumellaria,Pyloniidae,,
1637af83c10bde0c6ca57ab31e9a4ceb,Eukaryota,TSAR_Telonemia_Telonemia_X,Telonemia_XX,Telonemia_XXX,Telonemia-Group-2,Telonemia-Group-2_X,Telonemia-Group-2_X_sp.
8c9f8840913cc43b69f345d902be549d,Eukaryota,TSAR_Alveolata_Dinoflagellata,Syndiniales,Dino-Group-II,Dino-Group-II-Clade-6,Dino-Group-II-Clade-6_X,Dino-Group-II-Clade-6_X_sp.
135a3fcd433cc6ddb9fdf023dbb3f283,Eukaryota,TSAR_Alveolata_Dinoflagellata,Dinophyceae,,,,
24288353bf3775051effb8769d312f7d,Eukaryota,TSAR_Alveolata_Dinoflagellata,Dinophyceae,Dinophyceae_X,Dinophyceae_XX,Dinophyceae_XXX,Dinophyceae_XXX_sp.
61d25833466d10ad7f4f755102d6a1f2,Eukaryota,TSAR_Alveolata_Dinoflagellata,Dinophyceae,Dinophyceae_X,Dinophyceae_XX,Dinophyceae_XXX,Dinophyceae_XXX_sp.
da0a367e04217b27c45e825a67a68bd9,Eukaryota,TSAR_Alveolata_Dinoflagellata,Dinophyceae,Dinophyceae_X,Dinophyceae_XX,Dinophyceae_XXX,Dinophyceae_XXX_sp.
e003b1ba22f4c05f1ce63bf4da4d8466,Eukaryota,TSAR_Alveolata_Dinoflagellata,Syndiniales,Dino-Group-II,Dino-Group-II-Clade-2,Dino-Group-II-Clade-2_X,Dino-Group-II-Clade-2_X_sp.
28638c839bad7e8f0114d98a0e656131,Eukaryota,TSAR_Rhizaria_Cercozoa,Filosa-Thecofilosea,Cryomonadida,Cryothecomonas-lineage,Cryothecomonas,Cryothecomonas_aestivalis
e7c176fc137621665f4f25489b5ce5db,Eukaryota,TSAR_Alveolata_Dinoflagellata,Syndiniales,Dino-Group-II,Dino-Group-II-Clade-17,Dino-Group-II-Clade-17_X,Dino-Group-II-Clade-17_X_sp.
0f54c39c3525eb276b64d225597e9cb3,Eukaryota,TSAR_Alveolata_Dinoflagellata,Syndiniales,Dino-Group-II,Dino-Group-II-Clade-3,Dino-Group-II-Clade-3_X,Dino-Group-II-Clade-3_X_sp.
a08de8fd2bb7752fe528882c7f1ab9d1,Eukaryota,TSAR_Alveolata_Dinoflagellata,Dinophyceae,Gymnodiniales,Gymnodiniaceae,Lepidodinium,Lepidodinium_sp.
c1facc135ee0d4b68932837ddd4ac913,Eukaryota,TSAR_Alveolata_Dinoflagellata,Syndiniales,Dino-Group-II,Dino-Group-II_X,Dino-Group-II_XX,Dino-Group-II_XX_sp.
18b5ecb4132590d9e94458f1e5327549,Eukaryota,TSAR_Alveolata_Dinoflagellata,Dinophyceae,Dinophyceae_X,Dinophyceae_XX,Dinophyceae_XXX,Dinophyceae_XXX_sp.
7ebe678ee7f6f743032262d287dedd66,Eukaryota,TSAR_Alveolata_Dinoflagellata,Syndiniales,Dino-Group-II,Dino-Group-II_X,Dino-Group-II_XX,Dino-Group-II_XX_sp.
6975087f4c57107e3dd849baced4be75,Eukaryota,TSAR_Alveolata_Dinoflagellata,Syndiniales,Dino-Group-IV,Dino-Group-IV-Hematodinium-Group,Hematodinium,Hematodinium_sp.
fec8ae6820457ba70ea8cbbbeea0efcd,Eukaryota,Obazoa_Opisthokonta_Choanoflagellata,Choanoflagellatea,Craspedida,Monosigidae_Group_A,Monosiga,Monosiga_brevicollis
35a707a0bfca64fed1cff62749e1b3b5,Eukaryota,TSAR_Alveolata_Dinoflagellata,Syndiniales,Dino-Group-II,Dino-Group-II-Clade-4,Amoebophrya,Amoebophrya_sp.
74fd190e3f0fef10648a9512a2624965,Eukaryota,TSAR_Rhizaria_Foraminifera,Monothalamids,Monothalamids_X,Monothalamids_XX,,
821af00dea778ec3a4714578c02bc776,Eukaryota,TSAR_Rhizaria_Radiolaria,RAD-C,RAD-C_X,RAD-C_Xa,RAD-C_Xa_X,RAD-C_Xa_X_sp.
ac66b0bc65ffb28afd41e1ff0b18cb35,Eukaryota,TSAR_Rhizaria_Cercozoa,Filosa-Thecofilosea,Cryomonadida,Cryothecomonas-lineage,Cryothecomonas-lineage_X,Cryothecomonas-lineage_X_sp.
c237d7bc84f4f0f735e33901faadf7ec,Eukaryota,TSAR_Alveolata_Dinoflagellata,Syndiniales,Dino-Group-I,Dino-Group-I-Clade-3,Dino-Group-I-Clade-3_X,Dino-Group-I-Clade-3_X_sp.
f0cd10094431ea99f7e52d50bbad27a2,Eukaryota,TSAR_Alveolata_Dinoflagellata,Dinophyceae,Dinophyceae_X,Dinophyceae_XX,Dinophyceae_XXX,Dinophyceae_XXX_sp.
fb38c4b5866045502c5266f0a7a39f9c,Eukaryota,TSAR_Alveolata_Dinoflagellata,Syndiniales,Dino-Group-II,Dino-Group-II-Clade-6,Dino-Group-II-Clade-6_X,Dino-Group-II-Clade-6_X_sp.
9e2ed6fe8c8fcd7a606b64944f3643e7,Eukaryota,TSAR_Alveolata_Dinoflagellata,Dinophyceae,,,,
e978f5c3757eca6c26d4064b3dea0cd1,Eukaryota,TSAR_Alveolata_Dinoflagellata,Syndiniales,Dino-Group-V,Dino-Group-V_X,Dino-Group-V_XX,Dino-Group-V_XX_sp.
f64f6b8f80aaf5628eb29ee1a5284163,Eukaryota,TSAR_Alveolata_Dinoflagellata,Syndiniales,Dino-Group-II,Dino-Group-II-Clade-7,Dino-Group-II-Clade-7_X,Dino-Group-II-Clade-7_X_sp.
65cc3453c0a239b63ba5126d87ead6b2,Eukaryota,TSAR_Stramenopiles_Gyrista,Chrysophyceae,Chrysophyceae_Clade-EC2H,Chrysophyceae_Clade-EC2H_X,Chrysophyceae_Clade-EC2H_XX,Chrysophyceae_Clade-EC2H_XX_sp.
a6a2fc9893d2c3c2b410ae9632c320d4,Eukaryota,TSAR_Alveolata_Dinoflagellata,Syndiniales,Dino-Group-II,Dino-Group-II_X,Dino-Group-II_XX,Dino-Group-II_XX_sp.
ece705becdff7bbb7e59e9f621da6cdc,Eukaryota,TSAR_Alveolata_Dinoflagellata,Syndiniales,Dino-Group-II,Dino-Group-II_X,Dino-Group-II_XX,Dino-Group-II_XX_sp.
09c4e0ee87be5ce70f6ff949c022b083,Eukaryota,TSAR_Alveolata_Dinoflagellata,Syndiniales,Dino-Group-II,Dino-Group-II-Clade-22,Dino-Group-II-Clade-22_X,Dino-Group-II-Clade-22_X_sp.
165acdad76c4da94e6683740c73086dd,Eukaryota,TSAR_Alveolata_Dinoflagellata,Syndiniales,Dino-Group-II,Dino-Group-II-Clade-4,Amoebophrya,Amoebophrya_sp.
7d25bfde98181c10c25613164c7dbce0,Eukaryota,TSAR_Alveolata_Dinoflagellata,Syndiniales,Dino-Group-II,Dino-Group-II-Clade-10-and-11,Dino-Group-II-Clade-10-and-11_X,Dino-Group-II-Clade-10-and-11_X_sp.
93d0d8fefa73dbd0a32eee6235d84524,Eukaryota,TSAR_Alveolata_Dinoflagellata,Syndiniales,Dino-Group-II,Dino-Group-II-Clade-4,Amoebophrya,Amoebophrya_sp.
a35a1c9bee1bba3699c816707dfba498,Eukaryota,TSAR_Alveolata_Dinoflagellata,Syndiniales,Dino-Group-II,Dino-Group-II-Clade-29,Dino-Group-II-Clade-29_X,Dino-Group-II-Clade-29_X_sp.
b769bcb96183cab04c29b1efc61f6a29,Eukaryota,TSAR_Alveolata_Dinoflagellata,Syndiniales,Dino-Group-II,Dino-Group-II_X,Dino-Group-II_XX,Dino-Group-II_XX_sp.
beca998b22f24a3c98514075edb845ad,Eukaryota,TSAR_Alveolata_Dinoflagellata,Syndiniales,Dino-Group-II,Dino-Group-II-Clade-3,Dino-Group-II-Clade-3_X,Dino-Group-II-Clade-3_X_sp.
cfdc44d715b849a091c29aa8eb45d2b4,Eukaryota,TSAR_Alveolata_Ciliophora,Spirotrichea,Oligotrichida,Strombidiidae,Strombidiidae_X,Strombidiidae_X_sp.
dcc8ddf291f774e8e3ae1269c89d695e,Eukaryota,TSAR_Stramenopiles_Gyrista,Mediophyceae,Lithodesmiales,Lithodesmiaceae,Ditylum,Ditylum_brightwellii
11a8c5453d62e826d87b08fb8c864a10,Eukaryota,TSAR_Alveolata_Dinoflagellata,Syndiniales,Dino-Group-II,Dino-Group-II-Clade-10-and-11,Dino-Group-II-Clade-10-and-11_X,Dino-Group-II-Clade-10-and-11_X_sp.
9d695a77ba20060fe600c206f6711be9,Eukaryota,TSAR_Alveolata_Dinoflagellata,Dinophyceae,,,,
ad53e134383f780d73262edebe741a9c,Eukaryota,TSAR_Alveolata_Dinoflagellata,Syndiniales,Dino-Group-II,Dino-Group-II_X,Dino-Group-II_XX,Dino-Group-II_XX_sp.
baf7fa62f2fbad32ded952da4c89f9c9,Eukaryota,TSAR_Alveolata_Dinoflagellata,Dinophyceae,Dinophyceae_X,Dinophyceae_XX,Dinophyceae_XXX,Dinophyceae_XXX_sp.
c86c90655074c27ce930c83bace11830,Eukaryota,TSAR_Stramenopiles_Bigyra,Opalozoa,Nanomonadea,MAST-3,MAST-3J,MAST-3J_sp.
ce1c19e663e1442837d60be1534ca0d1,Eukaryota,TSAR_Alveolata_Ciliophora,Oligohymenophorea,OLIGO5,OLIGO5_X,OLIGO5_XX,OLIGO5_XX_sp.
06806a7052912377f4cfc170c52ca655,Eukaryota,TSAR_Alveolata_Dinoflagellata,Dinophyceae,Peridiniales,Amphidomataceae,Azadinium,
15a3ee0f84b8b9bb4ee0f3c7379f23a2,Eukaryota,Excavata_Discoba_Euglenozoa,Diplonemea,Diplonemida,Eupelagonemidae,Eupelagonemidae_X,Eupelagonemidae_X_sp.
95e6af0c9464c9d9e4f8f0f35f5e634e,Eukaryota,TSAR_Alveolata_Dinoflagellata,Syndiniales,Dino-Group-II,Dino-Group-II-Clade-3,Dino-Group-II-Clade-3_X,Dino-Group-II-Clade-3_X_sp.
131f137ce2d1aa5f728f7e7d89f77826,Eukaryota,Excavata_Discoba_Euglenozoa,Diplonemea,Diplonemida,Eupelagonemidae,Eupelagonemidae_X,Eupelagonemidae_X_sp.
2bfa5f7a38bc2a65276a2b3079ff282d,Eukaryota,TSAR_Alveolata_Dinoflagellata,Syndiniales,Dino-Group-II,Dino-Group-II-Clade-23,Dino-Group-II-Clade-23_X,Dino-Group-II-Clade-23_X_sp.
47a3c4cf101ddc03b1327103836c8b04,Eukaryota,TSAR_Alveolata_Dinoflagellata,Syndiniales,Dino-Group-II,Dino-Group-II-Clade-1,Dino-Group-II-Clade-1_X,Dino-Group-II-Clade-1_X_sp.
5d611c6122273121b295ed7e4f1166b1,Eukaryota,TSAR_Alveolata_Dinoflagellata,Syndiniales,Dino-Group-III,Dino-Group-III_X,Dino-Group-III_XX,Dino-Group-III_XX_sp.
76fa588501cb3c758632971c998fd130,Eukaryota,TSAR_Alveolata_Dinoflagellata,Syndiniales,Dino-Group-II,Dino-Group-II-Clade-2,Dino-Group-II-Clade-2_X,Dino-Group-II-Clade-2_X_sp.
7df4ab77ce10fc6455474f40438db54c,Eukaryota,TSAR_Rhizaria_Radiolaria,Polycystinea,Spumellaria,Spumellaria_6,Spumellaria_6_X,Spumellaria_6_X_sp.
7eda86d11428feb321a6b22671ec518d,Eukaryota,TSAR_Stramenopiles_Bigyra,Opalozoa,Nanomonadea,MAST-3,MAST-3J,MAST-3J_sp.
8289d4d90b4ec6f1ed83daa9d36fa1da,Eukaryota,TSAR_Alveolata_Dinoflagellata,Dinophyceae,Peridiniales,Amphidomataceae,Azadinium,
a9e20a16ae5833b2f5c4f839bbca36c6,Eukaryota,TSAR_Alveolata_Dinoflagellata,Syndiniales,Dino-Group-II,Dino-Group-II-Clade-25,Dino-Group-II-Clade-25_X,Dino-Group-II-Clade-25_X_sp.
ac5c24acbe4026de9443ee3762644c56,Eukaryota,TSAR_Alveolata_Dinoflagellata,Dinophyceae,Dinophysales,Oxyphysiaceae,Phalachroma,
cc6a5a093cb82fdbbe79692eecc7da49,Eukaryota,TSAR_Alveolata_Dinoflagellata,Syndiniales,Dino-Group-V,Dino-Group-V_X,Dino-Group-V_XX,Dino-Group-V_XX_sp.
2d60859cf96dd1db5a27ffe1b24e6818,Eukaryota,TSAR_Alveolata_Dinoflagellata,Syndiniales,Dino-Group-II,Dino-Group-II-Clade-15,Dino-Group-II-Clade-15_X,Dino-Group-II-Clade-15_X_sp.
38117092c206e30181e86069697b97e0,Eukaryota,TSAR_Alveolata_Dinoflagellata,,,,,
98499ad5eb0c57694a3e007a2b9df4b5,Eukaryota,Archaeplastida_Chlorophyta_Chlorophyta_X,Mamiellophyceae,Dolichomastigales,Dolichomastigaceae,Dolichomastigaceae-B,Dolichomastigaceae-B_sp.
fe969b4b34a4d895cb15f8db45746762,Eukaryota,TSAR_Rhizaria_Cercozoa,Phaeodarea,Phaeogromida,Challengeriidae,Challengeron,Challengeron_diodon
1292a5adbce257e747a5aaaf3c5d3a4d,Eukaryota,TSAR_Alveolata_Dinoflagellata,Syndiniales,Dino-Group-II,Dino-Group-II-Clade-7,Dino-Group-II-Clade-7_X,Dino-Group-II-Clade-7_X_sp.
fb69d608ef524e73374eaf7ca71f0b1b,Eukaryota,TSAR_Telonemia_Telonemia_X,Telonemia_XX,Telonemia_XXX,Telonemia-Group-2,Telonemia-Group-2_X,Telonemia-Group-2_X_sp.
76fd6eb4a47aead4f5747edb06032f64,Eukaryota,TSAR_Alveolata_Dinoflagellata,Syndiniales,Dino-Group-II,Dino-Group-II-Clade-10-and-11,Dino-Group-II-Clade-10-and-11_X,Dino-Group-II-Clade-10-and-11_X_sp.
a20de6636ba4f364b7dc4067e9dd04a6,Eukaryota,TSAR_Alveolata_Dinoflagellata,Dinophyceae,Dinophyceae_X,Dinophyceae_XX,Dinophyceae_XXX,Dinophyceae_XXX_sp.
c7997feeeff16c2ba4554124453f6e42,Eukaryota,TSAR_Alveolata_Dinoflagellata,Dinophyceae,Dinophyceae_X,Dinophyceae_XX,Dinophyceae_XXX,Dinophyceae_XXX_sp.
6688c5498a6d29aee2e6970727011f11,Eukaryota,TSAR_Alveolata_Dinoflagellata,Syndiniales,Dino-Group-II,Dino-Group-II-Clade-14,Dino-Group-II-Clade-14_X,Dino-Group-II-Clade-14_X_sp.
991a73b56f946a4fa7b4cbe848157856,Eukaryota,TSAR_Alveolata_Dinoflagellata,Syndiniales,Dino-Group-II,Dino-Group-II-Clade-4,Dino-Group-II-Clade-4_X,Dino-Group-II-Clade-4_X_sp.
dd66d01a3bec35c63cdfa89e4e72362b,Eukaryota,TSAR_Stramenopiles_Gyrista,Pirsoniales,Pirsoniales_X,Pirsoniales_XX,Pirsonia,Pirsonia_guinardiae
3243398df2a91675a16568aa1feae3dc,Eukaryota,TSAR_Alveolata_Dinoflagellata,Syndiniales,Dino-Group-II,Dino-Group-II-Clade-1,Dino-Group-II-Clade-1_X,Dino-Group-II-Clade-1_X_sp.
5beee1fe234bafa14559c0000b3e40aa,Eukaryota,TSAR_Alveolata_Ciliophora,CONThreeP,CONThreeP_X,Discotrichidae,NASSO_1,NASSO_1_sp.
6f63b1af9a88845c27c4550c9ee94517,Eukaryota,Excavata_Discoba_Euglenozoa,Diplonemea,Diplonemida,Eupelagonemidae,Eupelagonemidae_X,Eupelagonemidae_X_sp.
869f0ea5155363b1a2ed85167813d89e,Eukaryota,TSAR_Alveolata_Dinoflagellata,Syndiniales,Dino-Group-I,Dino-Group-I-Clade-4,Dino-Group-I-Clade-4_X,Dino-Group-I-Clade-4_X_sp.
3b6f2a50ff4b83727b7e639da61b8164,Eukaryota,Cryptista_Cryptophyta_Cryptophyta_X,Cryptophyceae,Cryptomonadales,Hemiselmidaceae,Hemiselmis,
724121295d82a85b22dc4f7d6420b3d2,Eukaryota,TSAR_Alveolata_Dinoflagellata,Dinophyceae,Dinophyceae_X,Dinophyceae_XX,Dinophyceae_XXX,Dinophyceae_XXX_sp.
abe879ab2c56b8694f7846624fdc5e49,Eukaryota,TSAR_Alveolata_Dinoflagellata,Syndiniales,Dino-Group-II,Dino-Group-II-Clade-26,Dino-Group-II-Clade-26_X,Dino-Group-II-Clade-26_X_sp.
d899d0a6ccebec08767126dc17c7eea8,Eukaryota,TSAR_Alveolata_Ciliophora,Spirotrichea,Oligotrichida,Strombidiidae,Strombidiidae_X,Strombidiidae_X_sp.
f12ec379a2a9bacb4d28c958c7d81514,Eukaryota,TSAR_Alveolata_Ciliophora,Spirotrichea,Choreotrichida,Leegaardiellidae,Leegaardiella,Leegaardiella_sp.
07a92b84047bfc9ccf4e173f8b44d851,Eukaryota,TSAR_Alveolata_Dinoflagellata,Syndiniales,Dino-Group-II,Dino-Group-II-Clade-1,Dino-Group-II-Clade-1_X,Dino-Group-II-Clade-1_X_sp.
11a9291694dfd5e202d01554940a0e1d,Eukaryota,TSAR_Alveolata_Dinoflagellata,Syndiniales,Dino-Group-III,Dino-Group-III_X,Dino-Group-III_XX,Dino-Group-III_XX_sp.
a4abf84f244998f98468130860645b5a,Eukaryota,Obazoa_Opisthokonta_Choanoflagellata,Choanoflagellatea,Acanthoecida,Stephanoecidae_Group_E,Stephanoecidae_Group_E_X,Stephanoecidae_Group_E_X_sp.
1674598bec16cb81d5d24619f007eb18,Eukaryota,TSAR_Alveolata_Dinoflagellata,Syndiniales,Dino-Group-II,Dino-Group-II-Clade-21,Dino-Group-II-Clade-21_X,Dino-Group-II-Clade-21_X_sp.
2745700fa887a64f112b0799e37b9171,Eukaryota,TSAR_Alveolata_Dinoflagellata,Dinophyceae,Dinophyceae_X,Dinophyceae_XX,Dinophyceae_XXX,Dinophyceae_XXX_sp.
2e51934cbabe395dd44ae183284dd754,Eukaryota,TSAR_Alveolata_Dinoflagellata,Dinophyceae,Dinophyceae_X,Dinophyceae_XX,Dinophyceae_XXX,Dinophyceae_XXX_sp.
dc2cc2db4de23bfd533a6b4133173f78,Eukaryota,TSAR_Rhizaria_Radiolaria,Acantharea,Acantharea_D,Acantharea_D2,Acanthocolla,Acanthocolla_cruciata
dfd5730d5ec5d3c4ceff58a2cea78fa7,Eukaryota,TSAR_Alveolata_Dinoflagellata,Syndiniales,Dino-Group-III,Dino-Group-III_X,Dino-Group-III_XX,Dino-Group-III_XX_sp.
45e6adf2a0f7a7802edc51f5cdbb896e,Eukaryota,TSAR_Rhizaria_Cercozoa,Phaeodarea,Phaeodendrida,Coelodendridae,Coelodendrum,Coelodendrum_ramosissimum
6964e274a6ce178882e6ab8a775af0d0,Eukaryota,TSAR_Alveolata_Ciliophora,Spirotrichea,Choreotrichida,Leegaardiellidae,Leegaardiella,Leegaardiella_sp.
b45a310f5569a423c9abae4d814b8af0,Eukaryota,TSAR_Alveolata_Dinoflagellata,Dinophyceae,Gonyaulacales,Gonyaulacaceae,Gonyaulax,Gonyaulax_nezaniae
c6d06c3b71232e7b3a546c5efe93da1e,Eukaryota,TSAR_Alveolata_Dinoflagellata,Dinophyceae,Dinophyceae_X,Dinophyceae_XX,Dinophyceae_XXX,Dinophyceae_XXX_sp.
7cf1735fd2457799d7f49fc192ecc4f7,Eukaryota,TSAR_Rhizaria_Radiolaria,Acantharea,Acantharea_F,Acantharea_F3,Acanthometra,Acanthometra_sp.
983ac3a23c5c2ad2ea0b97622d52b3ec,Eukaryota,TSAR_Alveolata_Dinoflagellata,Syndiniales,Dino-Group-II,Dino-Group-II-Clade-2,Dino-Group-II-Clade-2_X,Dino-Group-II-Clade-2_X_sp.
6d357b06a929abd3831d06ff560d1820,Eukaryota,TSAR_Rhizaria_Cercozoa,Filosa-Thecofilosea,Cryomonadida,Cryomonadida_X,Cryomonadida_XX,Cryomonadida_XX_sp.
cc3bd519d91c9d5d82ab6cb70022e76e,Eukaryota,TSAR_Stramenopiles_Gyrista,Mediophyceae,Chaetocerotales,Chaetocerotaceae,Chaetoceros,Chaetoceros_diversus-2
28598f948e74fbb06861166991fd586e,Eukaryota,TSAR_Rhizaria_Cercozoa,Filosa-Thecofilosea,Cryomonadida,Cryothecomonas-lineage,Cryothecomonas,Cryothecomonas_sp.
4d837cb02834fa4db046de48c74470d7,Eukaryota,TSAR_Rhizaria_Radiolaria,Polycystinea,Nassellaria,Lophophaenidae,Peromelissa,Peromelissa_tricuspidata
81d1cdba240e3ab9c9042a4aa1aeb1b7,Eukaryota,TSAR_Stramenopiles_Bigyra,Sagenista,Sagenista_X,MAST-9,MAST-9A,MAST-9A_sp.
930f252ec37f44255a58e07c31fa19ae,Eukaryota,TSAR_Alveolata_Dinoflagellata,Syndiniales,Dino-Group-II,Dino-Group-II-Clade-1,Dino-Group-II-Clade-1_X,Dino-Group-II-Clade-1_X_sp.
938732393f2a54ca0313d9743225e6a0,Eukaryota,TSAR_Alveolata_Dinoflagellata,Syndiniales,Dino-Group-II,,,
f17cccd337353d93cb065a1710a491ac,Eukaryota,TSAR_Alveolata_Dinoflagellata,Syndiniales,Dino-Group-II,Dino-Group-II-Clade-23,Dino-Group-II-Clade-23_X,Dino-Group-II-Clade-23_X_sp.
3ec4c8edd973d8b29e0d257c1e7bb16a,Eukaryota,TSAR_Alveolata_Dinoflagellata,Dinophyceae,Prorocentrales,Prorocentraceae,Prorocentrum,Prorocentrum_sp.
6637d2c49146c3f95baf54d59113f465,Eukaryota,TSAR_Alveolata_Dinoflagellata,Dinophyceae,Prorocentrales,Prorocentraceae,Prorocentrum,
909f80ce0dcbf463e5bbee5063b09ee4,Eukaryota,TSAR_Alveolata_Dinoflagellata,Dinophyceae,Dinophyceae_X,Dinophyceae_XX,Dinophyceae_XXX,Dinophyceae_XXX_sp.
b67bacf3d6800b0e24ba9ad160541bc1,Eukaryota,TSAR_Alveolata_Ciliophora,Spirotrichea,Choreotrichida-Tintinnina,,,
d09a4c7184639b05022c825f18f56bc5,Eukaryota,TSAR_Alveolata_Dinoflagellata,Dinophyceae,,,,
ea145bd1099bc22e05dce5d90536721f,Eukaryota,TSAR_Alveolata_Ciliophora,Prostomatea,Prorodontida,Urotrichidae,Urotricha,Urotricha_sp.
05312221337d6ef0d2978b490ece9f06,Eukaryota,Haptista_Haptophyta_Haptophyta_X,Haptophyta_XX,Haptophyta_XXX,Haptophyta_XXXX,Haptophyta_XXXXX,Haptophyta_XXXXX_sp.
22588e3c5a25a2b8660a3ff6466bd033,Eukaryota,TSAR_Alveolata_Dinoflagellata,Syndiniales,Dino-Group-II,Dino-Group-II-Clade-10-and-11,Dino-Group-II-Clade-10-and-11_X,Dino-Group-II-Clade-10-and-11_X_sp.
aafea827caf2f1d894ed3fd028cda589,Eukaryota,TSAR_Alveolata_Dinoflagellata,Dinophyceae,Prorocentrales,Prorocentraceae,Prorocentrum,Prorocentrum_sp.
b31ff5dadd20b88d4772cb8044a4d8fb,Eukaryota,TSAR_Alveolata_Dinoflagellata,Dinophyceae,Dinophyceae_X,Dinophyceae_XX,Dinophyceae_XXX,Dinophyceae_XXX_sp.
d7e6b767f713f8b1c653678377e04f6c,Eukaryota,TSAR_Rhizaria_Cercozoa,Filosa-Thecofilosea,Cryomonadida,Protaspa-lineage,Protaspa-lineage_X,Protaspa-lineage_X_sp.
c085089a2371fbddc70b51d046eae0a0,Eukaryota,TSAR_Alveolata_Ciliophora,CONThreeP,CONThreeP_X,Discotrichidae,NASSO_1,NASSO_1_sp.
c81d1bee838b8f6138d189d384ced435,Eukaryota,TSAR_Alveolata_,,,,,
ee0d461207a0a05aa4b2924f3009b6d5,Eukaryota,TSAR_Alveolata_Dinoflagellata,Syndiniales,Dino-Group-II,Dino-Group-II-Clade-1,Dino-Group-II-Clade-1_X,Dino-Group-II-Clade-1_X_sp.
1f2416b367cb158c7bc4d654014acebd,Eukaryota,TSAR_Alveolata_Dinoflagellata,Dinophyceae,Peridiniales,Thoracosphaeraceae,,
43777e406e488c010f43c9f0097634d6,Eukaryota,TSAR_Alveolata_Dinoflagellata,Dinophyceae,Dinophyceae_X,Dinophyceae_XX,Dinophyceae_XXX,Dinophyceae_XXX_sp.
8c1da2b5c5a1fd93e5e64371a8a36210,Eukaryota,TSAR_Alveolata_Ciliophora,Phyllopharyngea,Suctoria,Suctoria_X,Suctoria_XX,Suctoria_XX_sp.
d79791a486a5104956bd05e3bf9953c0,Eukaryota,TSAR_Alveolata_Dinoflagellata,Dinophyceae,,,,
5e4b0c1598d64b1916151a1bae8c649b,Eukaryota,TSAR_Alveolata_Dinoflagellata,,,,,
5e5a2c650fb51acb74886164b802cabd,Eukaryota,TSAR_Alveolata_Dinoflagellata,Dinophyceae,Dinophyceae_X,Dinophyceae_XX,Dinophyceae_XXX,Dinophyceae_XXX_sp.
f5e914a0043d8a693cdd8b6466bca297,Eukaryota,TSAR_Stramenopiles_Gyrista,Chrysophyceae,Ochromonadales,Ochromonadaceae,Poteriospumella,Poteriospumella_lacustris
046940c76d2c13949c60ed8712560049,Eukaryota,TSAR_Alveolata_Ciliophora,CONThreeP,CONThreeP_X,Discotrichidae,NASSO_1,NASSO_1_sp.
4e352bbcfebd93a10c34446ed20b51d6,Eukaryota,TSAR_Alveolata_Dinoflagellata,Dinophyceae,,,,
9e8a14f2c5a4a996b029595e40a4dda6,Eukaryota,TSAR_Alveolata_Dinoflagellata,Syndiniales,Dino-Group-II,Dino-Group-II-Clade-12,Dino-Group-II-Clade-12_X,Dino-Group-II-Clade-12_X_sp.
c752efd755352f5d59cecc4161b5322a,Eukaryota,TSAR_Alveolata_Dinoflagellata,Dinophyceae,,,,
605d7c21e023c583a2766e3545ddb15e,Eukaryota,TSAR_Stramenopiles_Bigyra,Sagenista,Labyrinthulomycetes,Labyrinthulomycetes_LAB14,Labyrinthulomycetes_LAB14_X,Labyrinthulomycetes_LAB14_X_sp.
0c27f72be229f016a295399e14b23a2c,Eukaryota,TSAR_Alveolata_Dinoflagellata,Syndiniales,Dino-Group-II,Dino-Group-II-Clade-7,Dino-Group-II-Clade-7_X,Dino-Group-II-Clade-7_X_sp.
37dcea19be538cdff214db7fc9d43444,Eukaryota,TSAR_Rhizaria_Radiolaria,Polycystinea,Spumellaria,Spumellaria_6,Spumellaria_6_X,Spumellaria_6_X_sp.
88f272cc321955b24d127265a6172e90,Eukaryota,TSAR_Alveolata_Dinoflagellata,Syndiniales,Dino-Group-II,Dino-Group-II_X,Dino-Group-II_XX,Dino-Group-II_XX_sp.
bc0cfe1aa0cd44bcf04601f3a7a8c559,Eukaryota,TSAR_Alveolata_Dinoflagellata,Dinophyceae,Peridiniales,Protoperidiniaceae,Protoperidinium,Protoperidinium_sp.
dbdd34269857e3df1ea6dc61c34767e9,Eukaryota,TSAR_Stramenopiles_Bigyra,Sagenista,Labyrinthulomycetes,Labyrinthulomycetes_LAB1/6/8,Labyrinthulomycetes_LAB6,Labyrinthulomycetes_LAB6_sp.
071375aa979286f95dbefe2c18895806,Eukaryota,TSAR_Alveolata_Dinoflagellata,,,,,
255360527d4b51d20bb7e21a631d28c5,Eukaryota,TSAR_Alveolata_Dinoflagellata,Syndiniales,Dino-Group-II,,,
4e0828ae1f0af92a3626ad6d79992eec,Eukaryota,TSAR_Stramenopiles_Bigyra,Opalozoa,Nanomonadea,MAST-3,MAST-3D,MAST-3D_sp.
b0bc56206c75b5cfc93a7f85ff0b2f33,Eukaryota,TSAR_Stramenopiles_Bigyra,Opalozoa,Nanomonadea,MAST-3,MAST-3I,MAST-3I_sp.
c63a4ec23fc99d0c5019790818be11b8,Eukaryota,TSAR_Alveolata_Dinoflagellata,Syndiniales,Dino-Group-I,Dino-Group-I-Clade-5,Dino-Group-I-Clade-5_X,Dino-Group-I-Clade-5_X_sp.
1aeb7f34263a9d0cfff3b56c20cefcd2,Eukaryota,TSAR_Alveolata_Dinoflagellata,Dinophyceae,Peridiniales,Thoracosphaeraceae,,
7761902f2731bd89f6049373b9c47074,Eukaryota,TSAR_Alveolata_Dinoflagellata,Syndiniales,Dino-Group-III,Dino-Group-III_X,Dino-Group-III_XX,Dino-Group-III_XX_sp.
b65511eb62aa05cd6a05a476561065d0,Eukaryota,TSAR_Alveolata_Ciliophora,Spirotrichea,Choreotrichida-Tintinnina,Tintinnidae,Tintinnidae_X,Tintinnidae_X_sp.
f245bc7fe8df1506d341ecbf6929ee10,Eukaryota,TSAR_Rhizaria_Cercozoa,Filosa-Thecofilosea,Cryomonadida,Protaspa-lineage,Protaspa,
10b901978fc07ac9324556a715a8e160,Eukaryota,Obazoa_Opisthokonta_Fungi,Zoopagomycota,Entomophthoromycotina,Entomophthorales,Entomophthora,Entomophthora_muscae
70ac2ce2c9cb06c88f66ced932fc1671,Eukaryota,TSAR_Stramenopiles_Gyrista,Bacillariophyceae,Naviculales,Naviculaceae,Navicula,Navicula_sp.
9b3d66e154f66039145130075adafc17,Eukaryota,TSAR_Alveolata_Dinoflagellata,Syndiniales,Dino-Group-II,Dino-Group-II-Clade-18,Dino-Group-II-Clade-18_X,Dino-Group-II-Clade-18_X_sp.
af2bcbd1824ec3af2d2de433083333c9,Eukaryota,TSAR_Alveolata_Ciliophora,Oligohymenophorea,OLIGO5,OLIGO5_X,OLIGO5_XX,OLIGO5_XX_sp.
ffc37d5a5e5eb570e9e9702fcdfe29a8,Eukaryota,TSAR_Stramenopiles_Gyrista,Chrysophyceae,Chrysophyceae_Clade-EC2H,Chrysophyceae_Clade-EC2H_X,Chrysophyceae_Clade-EC2H_XX,Chrysophyceae_Clade-EC2H_XX_sp.
3d398efec092f5756e47f27770293062,Eukaryota,TSAR_Alveolata_Dinoflagellata,Syndiniales,Dino-Group-II,Dino-Group-II-Clade-44,Dino-Group-II-Clade-44_X,Dino-Group-II-Clade-44_X_sp.
9bc7ab53a86d50dc61c65da2866aec23,Eukaryota,TSAR_Alveolata_Dinoflagellata,Syndiniales,Dino-Group-II,Dino-Group-II-Clade-21,Dino-Group-II-Clade-21_X,Dino-Group-II-Clade-21_X_sp.
e084fe044834c866cfee94f75a985963,Eukaryota,Archaeplastida_Chlorophyta_Chlorophyta_X,Mamiellophyceae,Mamiellales,Bathycoccaceae,Ostreococcus,Ostreococcus_clade_B
009a4eeaee02d4e9df9767249383afc4,Eukaryota,Amoebozoa_Discosea_Discosea_X,Flabellinia,Vannellida,Vannellidae,Vannella,Vannella_sp.
750ed26ff548b75d43c942e937097705,Eukaryota,Excavata_Discoba_Euglenozoa,Diplonemea,Diplonemida,Eupelagonemidae,Eupelagonemidae_X,Eupelagonemidae_X_sp.
b22bad12d3f57f6f34b17e66b9af2ef3,Eukaryota,TSAR_Stramenopiles_Gyrista,Peronosporomycetes,Peronosporomycetes_X,Peronosporomycetes_XX,,
c2fc2a5dc2511c579d275e0d27e4914b,Eukaryota,TSAR_Alveolata_Dinoflagellata,Syndiniales,Dino-Group-II,Dino-Group-II-Clade-16,Dino-Group-II-Clade-16_X,Dino-Group-II-Clade-16_X_sp.
e032a4543a0d1e5ad70c3e964fd4a7c7,Eukaryota,TSAR_Alveolata_Dinoflagellata,Syndiniales,Dino-Group-II,Dino-Group-II-Clade-12,Dino-Group-II-Clade-12_X,Dino-Group-II-Clade-12_X_sp.
4d8736b299689fa6805ce0d029a8e617,Eukaryota,Obazoa_Opisthokonta_Fungi,Ascomycota,Pezizomycotina,Leotiomycetes,,
52b3745c5578d8d1f5e7bb26b3a89d00,Eukaryota,TSAR_Alveolata_Dinoflagellata,Dinophyceae,Dinophyceae_X,Dinophyceae_XX,Dinophyceae_XXX,Dinophyceae_XXX_sp.
60599b192819f4d4aa382ce27ebdf6fc,Eukaryota,TSAR_Alveolata_Dinoflagellata,Syndiniales,Dino-Group-II,Dino-Group-II-Clade-44,Dino-Group-II-Clade-44_X,Dino-Group-II-Clade-44_X_sp.
60dc823da59ca2acafdd5a886c2338de,Eukaryota,TSAR_Alveolata_Dinoflagellata,Dinophyceae,Dinophyceae_X,Dinophyceae_XX,Dinophyceae_XXX,Dinophyceae_XXX_sp.
6e0f99b74008a840d2202bdab6322230,Eukaryota,TSAR_Alveolata_Dinoflagellata,Syndiniales,Dino-Group-I,Dino-Group-I-Clade-5,Dino-Group-I-Clade-5_X,Dino-Group-I-Clade-5_X_sp.
6e64fd33cf844f19fc68aeb4b0514e30,Eukaryota,Haptista_Haptophyta_Haptophyta_X,Prymnesiophyceae,Prymnesiales,Chrysochromulinaceae,Chrysochromulina,Chrysochromulina_sp.
a03d5eddb3193a61a16f8f2a3e49aefc,Eukaryota,TSAR_Alveolata_Dinoflagellata,Dinophyceae,Dinophyceae_X,Dinophyceae_XX,Dinophyceae_XXX,Dinophyceae_XXX_sp.
af61a452527d730d9beeb68a81b23710,Eukaryota,TSAR_Alveolata_Dinoflagellata,Syndiniales,Dino-Group-II,Dino-Group-II-Clade-21,Dino-Group-II-Clade-21_X,Dino-Group-II-Clade-21_X_sp.
b7a37716ecaed5b98afaceed5e19abb6,Eukaryota,TSAR_Alveolata_Dinoflagellata,Syndiniales,Dino-Group-II,Dino-Group-II-Clade-10-and-11,Dino-Group-II-Clade-10-and-11_X,Dino-Group-II-Clade-10-and-11_X_sp.
e12c8cce87e001ecbcfa41007f3bcee0,Eukaryota,TSAR_Alveolata_Ciliophora,Oligohymenophorea,Apostomatia,Pseudocolliniidae,Fusiforma,Fusiforma_themisticola
2c3243f03c5fa217553ed1ece3c16d51,Eukaryota,TSAR_Alveolata_Dinoflagellata,Dinophyceae,Dinophyceae_X,Dinophyceae_XX,Dinophyceae_XXX,Dinophyceae_XXX_sp.
2e0181b4334537f9f31207b5551cbe1d,Eukaryota,TSAR_Alveolata_Dinoflagellata,Dinophyceae,Dinophyceae_X,Dinophyceae_XX,Dinophyceae_XXX,Dinophyceae_XXX_sp.
593d5b8d71c0e4c6f8337d82a80401dd,Eukaryota,TSAR_Alveolata_Dinoflagellata,Dinophyceae,Dinophyceae_X,Dinophyceae_XX,Dinophyceae_XXX,Dinophyceae_XXX_sp.
5a3575988a85978a443fdbdcb24ac894,Eukaryota,TSAR_Alveolata_Dinoflagellata,Dinophyceae,Prorocentrales,Prorocentraceae,Prorocentrum,
74113afc1930fa12b385ae23a4ae6625,Eukaryota,TSAR_Alveolata_Ciliophora,Oligohymenophorea,Scuticociliatia_1,Pseudocohnilembidae,Pseudocohnilembus,
d44eb3d9710247c57205f1e728b6a82e,Eukaryota,Archaeplastida_Streptophyta_Streptophyta_X,Embryophyceae,Embryophyceae_X,Embryophyceae_XX,Sinapis,Sinapis_alba
e6939e425a50cfb7ae2efc1322ffbf35,Eukaryota,TSAR_Stramenopiles_Gyrista,Dictyochophyceae,Dictyochophyceae_X,Florenciellales,,
f49cbe438c710196c99082d8c4c731bd,Eukaryota,TSAR_Alveolata_Dinoflagellata,Syndiniales,Dino-Group-II,Dino-Group-II-Clade-21,Dino-Group-II-Clade-21_X,Dino-Group-II-Clade-21_X_sp.
1c36237ad4a8a57adb2cf5900e208b8d,Eukaryota,TSAR_Alveolata_Dinoflagellata,Dinophyceae,,,,
34e798c983c1d09641f9df64f1648161,Eukaryota,TSAR_Alveolata_Ciliophora,Spirotrichea,Choreotrichida-Tintinnina,Tintinnidae,Amphorellopsis,
3fcac398fd3544b41a2ec716659a354a,Eukaryota,Excavata_Discoba_Discoba_X,Heterolobosea,Tetramitia_V,Vahlkampfiidae_V,Vahlkampfia,Vahlkampfia_avara
725434c15838c78b45fdeae0ae49fce0,Eukaryota,TSAR_Alveolata_Dinoflagellata,Syndiniales,Dino-Group-II,Dino-Group-II-Clade-9,Dino-Group-II-Clade-9_X,Dino-Group-II-Clade-9_X_sp.
a075d3f0fd4f70f33a58cccd455f9410,Eukaryota,TSAR_Alveolata_Dinoflagellata,Syndiniales,Dino-Group-I,Dino-Group-I-Clade-5,Dino-Group-I-Clade-5_X,Dino-Group-I-Clade-5_X_sp.
b215a45458c65f402d6264ae4ab23327,Eukaryota,TSAR_Alveolata_Dinoflagellata,Dinophyceae,Dinophyceae_X,Dinophyceae_XX,Dinophyceae_XXX,Dinophyceae_XXX_sp.
fa3c7cd11948516280d3f9c56169d713,Eukaryota,TSAR_Alveolata_Ciliophora,Oligohymenophorea,OLIGO5,OLIGO5_X,OLIGO5_XX,OLIGO5_XX_sp.
fa90171ec36811a78dad21ca01e7122e,Eukaryota,TSAR_Alveolata_Ciliophora,CONThreeP,CONThreeP_X,Discotrichidae,NASSO_1,NASSO_1_sp.
fbaa33e7cfbd11f75719b0b5a30d3ff8,Eukaryota,TSAR_Alveolata_Dinoflagellata,Dinophyceae,Peridiniales,Amphidomataceae,Azadinium,
7beb1f21ca57ebe6910b29c2170146f6,Eukaryota,Obazoa_Opisthokonta_Choanoflagellata,Choanoflagellatea,Choanoflagellatea_X,Choanoflagellata_XX_Clade-3,Choanoflagellata_XX_Clade-3_X,Choanoflagellata_XX_Clade-3_X_sp.
8991cf37d59c8170060c8c27a69bbdf7,Eukaryota,TSAR_Alveolata_Dinoflagellata,Syndiniales,Dino-Group-II,Dino-Group-II_X,Dino-Group-II_XX,Dino-Group-II_XX_sp.
dfb526d0527c85e9558a120505567a68,Eukaryota,TSAR_Alveolata_Dinoflagellata,Syndiniales,Dino-Group-I,Dino-Group-I-Clade-1,Dino-Group-I-Clade-1_X,Dino-Group-I-Clade-1_X_sp.
ebe58db21b65d45d930aefd0e1584efc,Eukaryota,TSAR_Stramenopiles_Gyrista,Coscinodiscophyceae,Coscinodiscales,Hemidiscaceae,Actinocyclus,Actinocyclus_sp.
ec57d31fa35959803a64b2649fb1dcab,Eukaryota,TSAR_Alveolata_Dinoflagellata,Syndiniales,Dino-Group-II,Dino-Group-II-Clade-6,Dino-Group-II-Clade-6_X,Dino-Group-II-Clade-6_X_sp.
f0c22fd34e9a09883c6bd3d3bc6c23c5,Eukaryota,TSAR_Stramenopiles_Gyrista,Bacillariophyceae,Licmophorales,Licmophoraceae,Licmophora,
119e7395cc8f387f9e94b8e4b615b6fd,Eukaryota,TSAR_Alveolata_Dinoflagellata,Syndiniales,Dino-Group-II,Dino-Group-II-Clade-10-and-11,Dino-Group-II-Clade-10-and-11_X,Dino-Group-II-Clade-10-and-11_X_sp.
253150c635431df2878ae345f84d668e,Eukaryota,TSAR_Rhizaria_Cercozoa,Filosa-Thecofilosea,Cryomonadida,Protaspa-lineage,Protaspa-lineage_X,Protaspa-lineage_X_sp.
48a28464007fe7d794db38ea0f11a0ce,Eukaryota,TSAR_Alveolata_Dinoflagellata,Syndiniales,Dino-Group-II,Dino-Group-II-Clade-3,Dino-Group-II-Clade-3_X,Dino-Group-II-Clade-3_X_sp.
696a71f19388dd8cd3c436121403cfad,Eukaryota,TSAR_Alveolata_Dinoflagellata,Dinophyceae,Dinophysales,Oxyphysiaceae,Phalachroma,Phalacroma_oxytoxoides
6dca34796bee6e38c135d59ca2e082db,Eukaryota,TSAR_Alveolata_Dinoflagellata,Syndiniales,Dino-Group-II,Dino-Group-II-Clade-3,Dino-Group-II-Clade-3_X,Dino-Group-II-Clade-3_X_sp.
bf96a611d880f958337d8f7e422f9dc2,Eukaryota,TSAR_Stramenopiles_Bigyra,Sagenista,Labyrinthulomycetes,Labyrinthulaceae,Aplanochytrium,Aplanochytrium_minuta
d374099cc7e193e082f10e28a628b7da,Eukaryota,TSAR_Alveolata_Dinoflagellata,Dinophyceae,Peridiniales,Protoperidiniaceae,Protoperidinium,Protoperidinium_sp.
dd56384a8c0f99a1f7da191e0f918660,Eukaryota,TSAR_Alveolata_Dinoflagellata,Dinophyceae,Gonyaulacales,Pyrophacaceae,Fragilidium,Fragilidium_mexicanum
e5d286db62c057e6f33c20599c2bdb43,Eukaryota,TSAR_Alveolata_Dinoflagellata,Syndiniales,Dino-Group-II,Dino-Group-II-Clade-21,Dino-Group-II-Clade-21_X,Dino-Group-II-Clade-21_X_sp.
205cfe59d949a58ffd2ffae9dbece206,Eukaryota,TSAR_Alveolata_Dinoflagellata,Syndiniales,Dino-Group-II,Dino-Group-II_X,Dino-Group-II_XX,Dino-Group-II_XX_sp.
7c385ee3e72db484eb121ec9a77f8670,Eukaryota,TSAR_Alveolata_Dinoflagellata,Dinophyceae,Dinophyceae_X,Dinophyceae_XX,Dinophyceae_XXX,Dinophyceae_XXX_sp.
8a7c2a8831b84ac34abc030f714967d1,Eukaryota,Haptista_Haptophyta_Haptophyta_X,Prymnesiophyceae,Prymnesiales,Chrysochromulinaceae,Chrysochromulina,Chrysochromulina_sp.
e538c17760ecfd95e82aef94eb0a37b8,Eukaryota,Obazoa_Opisthokonta_Fungi,Basidiomycota,Agaricomycotina,Agaricomycetes,,
ecff105c58c47d1f5ee4e25206225437,Eukaryota,TSAR_Alveolata_Dinoflagellata,Syndiniales,Dino-Group-I,Dino-Group-I-Clade-1,Dino-Group-I-Clade-1_X,Dino-Group-I-Clade-1_X_sp.
4450b11ead94f6732a7e42cdea26aa52,Eukaryota,TSAR_Alveolata_Dinoflagellata,Dinophyceae,Dinophyceae_X,Dinophyceae_XX,Dinophyceae_XXX,Dinophyceae_XXX_sp.
558620de7882ce86c16001a8eeadd0ce,Eukaryota,TSAR_Alveolata_Dinoflagellata,Dinophyceae,Dinophysales,Dinophysaceae,Dinophysis,
f2beaf99ff35234ed738876df6ea47d5,Eukaryota,Amoebozoa_Tubulinea_Tubulinea_X,Elardia,Euamoebida,Vermamoebidae,Hartmannella,Hartmannella_vermiformis
013c0770d7de205f644ae0c10ff434c3,Eukaryota,Archaeplastida_Picozoa_Picozoa_subdivision_1,Picozoa_subdivision_1B,Picozoa_subdivision_1B_X,Picozoa_subdivision_1B_XX,Picozoa_subdivision_1B_XXX,Picozoa_subdivision_1B_XXX_sp.
3d26dc416c71090f90ac1f4cc2437aaf,Eukaryota,TSAR_Alveolata_Dinoflagellata,Dinophyceae,Peridiniales,Amphidomataceae,Azadinium,
b5f919455fe4dad72786429be22ff986,Eukaryota,TSAR_Alveolata_Dinoflagellata,Syndiniales,Dino-Group-II,Dino-Group-II-Clade-6,Dino-Group-II-Clade-6_X,Dino-Group-II-Clade-6_X_sp.
da2a8a2fab7bab6d3f4009a8516d666c,Eukaryota,TSAR_Alveolata_Dinoflagellata,Syndiniales,Dino-Group-II,Dino-Group-II-Clade-6,Dino-Group-II-Clade-6_X,Dino-Group-II-Clade-6_X_sp.
ea0452521f1209ef3ea104904f108707,Eukaryota,TSAR_Stramenopiles_Bigyra,Opalozoa,Nanomonadea,MAST-3,MAST-3I,MAST-3I_sp.
00ad0dd6425cb61b5f8663ad6b60b59e,Eukaryota,TSAR_Alveolata_Ciliophora,Oligohymenophorea,OLIGO5,OLIGO5_X,OLIGO5_XX,OLIGO5_XX_sp.
2104bbb69681aa3905b177f05e79bc07,Eukaryota,TSAR_Alveolata_Ciliophora,Spirotrichea,Choreotrichida-Tintinnina,Tintinnidae,Tintinnidae_X,Tintinnidae_X_sp.
45887c04f878d94e632110702a5f0b53,Eukaryota,TSAR_Alveolata_Apicomplexa,Apicomplexa_X,Apicomplexa_XX,Apicomplexa_XXX,Apicomplexa_XXXX,Apicomplexa_XXXX_sp.
8409b18cd1c27fe86f8d85809c4177a2,Eukaryota,TSAR_Alveolata_Dinoflagellata,,,,,
8a05dd970b83a1091a61ca6ee11f3377,Eukaryota,TSAR_Alveolata_Dinoflagellata,Dinophyceae,Dinophyceae_X,Dinophyceae_XX,Dinophyceae_XXX,Dinophyceae_XXX_sp.
96eb19ce48f277e2c4089a6379b1f03b,Eukaryota,TSAR_Stramenopiles_Gyrista,Peronosporomycetes,Peronosporomycetes_X,Haliphthorales,Halocrusticida,
f08dd40a8aeaf2b4edb7561761d19f91,Eukaryota,TSAR_Alveolata_Dinoflagellata,Syndiniales,Dino-Group-II,Dino-Group-II-Clade-4,Amoebophrya,Amoebophrya_sp.
87ae957755473fc08746f065720b1791,Eukaryota,TSAR_Alveolata_Dinoflagellata,Dinophyceae,Dinophyceae_X,Dinophyceae_XX,Dinophyceae_XXX,Dinophyceae_XXX_sp.
9f8c8df5079913a53dc8842cae05fa46,Eukaryota,TSAR_Stramenopiles_Gyrista,Coscinodiscophyceae,Coscinodiscales,Coscinodiscaceae,Coscinodiscus,
b6452ffa1a1b5106db86111c24756a4c,Eukaryota,TSAR_Alveolata_Dinoflagellata,Dinophyceae,,,,
065d796cc422a1e32308fe2b639d2a6e,Eukaryota,TSAR_Alveolata_Dinoflagellata,Dinophyceae,Dinophyceae_X,Dinophyceae_XX,Dinophyceae_XXX,Dinophyceae_XXX_sp.
225cb4c18563874d611319ee4b66689e,Eukaryota,TSAR_Alveolata_Dinoflagellata,Syndiniales,Dino-Group-II,Dino-Group-II-Clade-10-and-11,Dino-Group-II-Clade-10-and-11_X,Dino-Group-II-Clade-10-and-11_X_sp.
5c5c1beb27e3357c3013c5d648c27cda,Eukaryota,TSAR_Alveolata_Ciliophora,Oligohymenophorea,Scuticociliatia_1,Philasterida,Miamiensis,Miamiensis_avidus
a6a99f11682b201a4a4c3264d11fbc12,Eukaryota,TSAR_Alveolata_Dinoflagellata,Syndiniales,Dino-Group-II,Dino-Group-II-Clade-1,Dino-Group-II-Clade-1_X,Dino-Group-II-Clade-1_X_sp.
d903644a0606f418338f8184899b5a8c,Eukaryota,TSAR_Alveolata_Ciliophora,Spirotrichea,Oligotrichida,Strombidiidae,Strombidiidae_X,Strombidiidae_X_sp.
e13025f5a4033e60621a49bd0056048d,Eukaryota,TSAR_Alveolata_Ciliophora,Spirotrichea,Choreotrichida,Strobilidiidae,Pelagostrobilidium,Pelagostrobilidium_sp.
ea4ff4162ef0f2b6a226af65e574ec13,Eukaryota,TSAR_Alveolata_Dinoflagellata,Syndiniales,Dino-Group-II,Dino-Group-II-Clade-12,Dino-Group-II-Clade-12_X,Dino-Group-II-Clade-12_X_sp.
f7ddcb7557cda2049e03edb83e041391,Eukaryota,TSAR_Rhizaria_Foraminifera,Globothalamea,Rotaliida,Epistominellidae,Epistominella,Epistominella_vitrea
81f8b9b9a9d5fee4bfd1d7aa132a0c1c,Eukaryota,TSAR_Alveolata_Dinoflagellata,Syndiniales,Dino-Group-I,Dino-Group-I-Clade-5,Dino-Group-I-Clade-5_X,Dino-Group-I-Clade-5_X_sp.
f00e65062283660d41b7139880febbba,Eukaryota,TSAR_Alveolata_Ciliophora,CONTH_6,CONTH_6_X,CONTH_6_XX,CONTH_6_XXX,CONTH_6_XXX_sp.
25a526b65ee1ea5e38d3c693965053f6,Eukaryota,TSAR_Alveolata_Dinoflagellata,Dinophyceae,Dinophyceae_X,Dinophyceae_XX,Dinophyceae_XXX,Dinophyceae_XXX_sp.
58f09183d4f239ed1c96ea6a44d23493,Eukaryota,TSAR_Stramenopiles_Gyrista,Mediophyceae,Chaetocerotales,Chaetocerotaceae,Chaetoceros,Chaetoceros_contortus
7ebbb5544b833ee47881ec28c0391f50,Eukaryota,TSAR_Alveolata_Dinoflagellata,Dinophyceae,Gonyaulacales,Gonyaulacaceae,Gonyaulax,Gonyaulax_polygramma
c824d5c1213b383c1b9268e629526e4a,Eukaryota,TSAR_Alveolata_Dinoflagellata,Dinophyceae,Prorocentrales,Prorocentraceae,Prorocentrum,Prorocentrum_sp.
3dab521c0d1ac8083f8c10c67d626086,Eukaryota,Obazoa_Opisthokonta_Fungi,Mucoromycota,Mucoromycotina,Mucoromycotina_X,Rhizopus,
a89d531763a22ef293b04ce6f57e8f86,Eukaryota,TSAR_Alveolata_Ciliophora,Heterotrichea,Heterotrichea_X,Peritromidae,Peritromus,Peritromus_sp.
0d2373b15b254d026235211bcb73d916,Eukaryota,TSAR_Alveolata_Ciliophora,CONThreeP,CONThreeP_X,Discotrichidae,NASSO_1,NASSO_1_sp.
2a02e3b4498367123d3a94a52a99d44a,Eukaryota,TSAR_Alveolata_Dinoflagellata,Dinophyceae,Dinophyceae_X,Dinophyceae_XX,Dinophyceae_XXX,Dinophyceae_XXX_sp.
900537108cb8490276a7b7e5e20845b4,Eukaryota,TSAR_Stramenopiles_Bigyra,Opalozoa,Nanomonadea,MAST-3,MAST-3I,MAST-3I_sp.
b0aaffad4403d291957be1dff20e8cbc,Eukaryota,TSAR_Alveolata_Dinoflagellata,Syndiniales,Dino-Group-I,Dino-Group-I-Clade-5,Dino-Group-I-Clade-5_X,Dino-Group-I-Clade-5_X_sp.
cfa6b1018b0177565306f7aab9c8da67,Eukaryota,TSAR_Alveolata_Dinoflagellata,Syndiniales,Dino-Group-II,Dino-Group-II-Clade-6,Dino-Group-II-Clade-6_X,Dino-Group-II-Clade-6_X_sp.
430384eec6a4a087b0135ffb6bb4886d,Eukaryota,Obazoa_Opisthokonta_Fungi,Basidiomycota,Pucciniomycotina,Pucciniomycetes,Melampsora,Melampsora_larici-populina
6667937965128e9e1d1ed2a01f938fc2,Eukaryota,TSAR_Stramenopiles_Gyrista,Bacillariophyceae,,,,
b4aaa1500cf066194cf757ba1d09d340,Eukaryota,TSAR_Stramenopiles_Gyrista,Mediophyceae,Chaetocerotales,Chaetocerotaceae,Chaetoceros,Chaetoceros_decipiens
b5890949544e2ab37c2881631c054e9d,Eukaryota,TSAR_Alveolata_Dinoflagellata,Syndiniales,Dino-Group-I,Dino-Group-I-Clade-6,Dino-Group-I-Clade-6_X,Dino-Group-I-Clade-6_X_sp.
b616472c2dbc9d478434b239d7eb30e7,Eukaryota,TSAR_Alveolata_Dinoflagellata,Dinophyceae,Gymnodiniales,Gymnodiniaceae,Gymnodinium,Gymnodinium_sp.
c6bc0b9b8d241000949a2e73a2259ed7,Eukaryota,TSAR_Alveolata_Ciliophora,Oligohymenophorea,Apostomatia,Foettingeriidae,Vampyrophrya,Vampyrophrya_pelagica
d073fb3ee6f746a68b8a54969274372f,Eukaryota,Archaeplastida_Streptophyta_Streptophyta_X,Embryophyceae,Embryophyceae_X,Embryophyceae_XX,Allium,Allium_tuberosum
d31f9d5226afb9805781ad0adadba59f,Eukaryota,TSAR_Alveolata_Dinoflagellata,Syndiniales,Dino-Group-II,Dino-Group-II-Clade-4,Amoebophrya,Amoebophrya_sp.
e43e1d73bbdd2bf1c86be81301290804,Eukaryota,TSAR_Alveolata_Ciliophora,Spirotrichea,Choreotrichida,Choreotrichida_X,Choreotrichida_XX,Choreotrichida_XX_sp.
10879cfe08e5bd286639d0bfbdbc2010,Eukaryota,TSAR_Alveolata_Dinoflagellata,Syndiniales,Dino-Group-II,Dino-Group-II_X,Dino-Group-II-Clade-52_XX,Dino-Group-II-Clade-52_XX_sp.
76f9b7b4bfdb55b09011f94795cf3a9a,Eukaryota,TSAR_Alveolata_Dinoflagellata,Syndiniales,Dino-Group-II,Dino-Group-II-Clade-1,Dino-Group-II-Clade-1_X,Dino-Group-II-Clade-1_X_sp.
902f0b432e6877698a75051264917655,Eukaryota,TSAR_Stramenopiles_Gyrista,Bacillariophyceae,Cymbellales,Cymbellaceae,Cymbella,
9fa0f4572bb3b85544b42ce0c49ab122,Eukaryota,TSAR_Rhizaria_Cercozoa,Filosa-Thecofilosea,Ebriacea,TAGIRI1-lineage,TAGIRI1-lineage_X,TAGIRI1-lineage_X_sp.
a2bbcdec077d556da2939073f368df00,Eukaryota,TSAR_Rhizaria_Cercozoa,Filosa-Thecofilosea,Cryomonadida,Protaspa-lineage,Protaspa-lineage_X,Protaspa-lineage_X_sp.
aaf44d27b98b6ae38cdd8e9080d21315,Eukaryota,TSAR_Stramenopiles_Gyrista,Coscinodiscophyceae,Rhizosoleniales,Rhizosoleniaceae,Guinardia,Guinardia_delicatula
aecf85df0103218d176f68f9df2ff7ba,Eukaryota,TSAR_Alveolata_Dinoflagellata,Dinophyceae,,,,
b401aeaf00ab102f73412766577a2252,Eukaryota,Obazoa_Opisthokonta_Fungi,Basidiomycota,Ustilaginomycotina,Exobasidiomycetes,Tilletiopsis,Tilletiopsis_washingtonensis
dabbd4889aaffc8d712f83a9e67fa9df,Eukaryota,Obazoa_Opisthokonta_Fungi,Basidiomycota,Pucciniomycotina,Cystobasidiomycetes,,
13a6f2777f220001c8c779f0329df29b,Eukaryota,Excavata_Discoba_Euglenozoa,Diplonemea,Diplonemida,Eupelagonemidae,Eupelagonemidae_X,Eupelagonemidae_X_sp.
282fab1db618306c13d5d60e11e9abd6,Eukaryota,TSAR_Alveolata_Dinoflagellata,Dinophyceae,Dinophyceae_X,Dinophyceae_XX,Dinophyceae_XXX,Dinophyceae_XXX_sp.
8c44fb6db78c5b393a716c84309cca53,Eukaryota,TSAR_Alveolata_Dinoflagellata,Dinophyceae,Peridiniales,Blastodiniaceae,Blastodinium,Blastodinium_spinulosum
94d405b623b6b48e2dd50455919fd6a4,Eukaryota,TSAR_Alveolata_Dinoflagellata,Dinophyceae,Dinophyceae_X,Dinophyceae_XX,Dinophyceae_XXX,Dinophyceae_XXX_sp.
fe07c64ac56725335d0d6c0c70334105,Eukaryota,TSAR_Alveolata_Dinoflagellata,Syndiniales,Dino-Group-II,Dino-Group-II-Clade-6,Dino-Group-II-Clade-6_X,Dino-Group-II-Clade-6_X_sp.
8dfecc4f9a8e7d3c74a3680698fdcf32,Eukaryota,TSAR_Alveolata_Ciliophora,Phyllopharyngea,Suctoria,Ephelotidae,Ephelota,Ephelota_sp.
006bc73c91476f693c94bbf4e58f61d4,Eukaryota,TSAR_Alveolata_Dinoflagellata,Syndiniales,Dino-Group-II,Dino-Group-II-Clade-1,Dino-Group-II-Clade-1_X,Dino-Group-II-Clade-1_X_sp.
1397b65f748ec677e75b8459077d526c,Eukaryota,TSAR_Alveolata_Dinoflagellata,Syndiniales,Dino-Group-II,,,
3a73af220cdd98562e7081756239d855,Eukaryota,Archaeplastida_Streptophyta_Streptophyta_X,Embryophyceae,Embryophyceae_X,Embryophyceae_XX,Persea,
3f9ec67b0cf459aa105edf458f549645,Eukaryota,TSAR_Alveolata_Dinoflagellata,Syndiniales,Dino-Group-II,Dino-Group-II-Clade-5,Dino-Group-II-Clade-5_X,Dino-Group-II-Clade-5_X_sp.
928143e78be70d29511bb674680094b6,Eukaryota,TSAR_Alveolata_Dinoflagellata,Syndiniales,Dino-Group-I,Dino-Group-I-Clade-5,Dino-Group-I-Clade-5_X,Dino-Group-I-Clade-5_X_sp.
c0f9928212f1c2fd3e1d17d9ab9f9aff,Eukaryota,TSAR_Alveolata_Ciliophora,CONThreeP,CONThreeP_X,Discotrichidae,NASSO_1,NASSO_1_sp.
f84d61c9f816b223f91f0e3f2aa6668b,Eukaryota,TSAR_Alveolata_Dinoflagellata,Dinophyceae,Dinophyceae_X,Dinophyceae_XX,Dinophyceae_XXX,Dinophyceae_XXX_sp.
a2ea53769340ce89e6149f581443bb29,Eukaryota,Excavata_Discoba_Euglenozoa,Kinetoplastea,Neobodonida,Neobodonidae,Neobodo,Neobodo_sp.
d805ed939a715cd5117435d8f0c9f5b5,Eukaryota,TSAR_Alveolata_Ciliophora,Spirotrichea,Choreotrichida,Choreotrichida_X,Choreotrichida_XX,Choreotrichida_XX_sp.
096052ef0f29ab349ee9aba6bbf48f44,Eukaryota,TSAR_Rhizaria_Foraminifera,Globothalamea,Rotaliida,Globobuliminidae,Globobulimina,
2b3fc726b27c18bc98982e995aac09e0,Eukaryota,TSAR_Alveolata_Dinoflagellata,Syndiniales,Dino-Group-II,Dino-Group-II-Clade-23,Dino-Group-II-Clade-23_X,Dino-Group-II-Clade-23_X_sp.
3f9854873542133d6578aa568ec74d1e,Eukaryota,TSAR_Rhizaria_Radiolaria,Polycystinea,Spumellaria,Spumellaria_1,Spumellaria_1_X,Spumellaria_1_X_sp.
42bb78fa1bf92ffa43af851603a3b4ff,Eukaryota,TSAR_Alveolata_Dinoflagellata,Dinophyceae,Dinophyceae_X,Dinophyceae_XX,Dinophyceae_XXX,Dinophyceae_XXX_sp.
8b706be43214acc5653a05b304f3c471,Eukaryota,TSAR_Stramenopiles_Gyrista,Bacillariophyceae,Bacillariales,Bacillariaceae,Pseudo-nitzschia,Pseudo-nitzschia_australis
9942c96fc3ed8638f51e10d48b816d77,Eukaryota,TSAR_Rhizaria_Radiolaria,Acantharea,Acantharea_4,Acantharea_4a,Acantharea_4a_X,Acantharea_4a_X_sp.
a06d809a4f7df538a0cfdbdda7bddb31,Eukaryota,TSAR_Alveolata_Dinoflagellata,Dinophyceae,,,,
e81e4fef78e265aadf66569b77ed91a4,Eukaryota,TSAR_Stramenopiles_Gyrista,Gyrista_X,Gyrista_XX,MAST-1,MAST-1C,MAST-1C_sp.
7b11579e845e86838a8108833d8cdc7d,Eukaryota,TSAR_Alveolata_Dinoflagellata,Dinophyceae,,,,
92bf9c383687817518abc523329cbe33,Eukaryota,TSAR_Alveolata_Ciliophora,Spirotrichea,Oligotrichida,Tontoniidae,,
9a062d52b6ea318df4e539203b478d86,Eukaryota,TSAR_Alveolata_Dinoflagellata,Dinophyceae,Dinophyceae_X,Dinophyceae_XX,Dinophyceae_XXX,Dinophyceae_XXX_sp.
ff7d29ebc1eafdd5390e116a663b9178,Eukaryota,TSAR_Alveolata_Dinoflagellata,Syndiniales,Dino-Group-II,Dino-Group-II-Clade-20,Dino-Group-II-Clade-20_X,Dino-Group-II-Clade-20_X_sp.
15783c27f8c7866e70dbc6591502c975,Eukaryota,Obazoa_Opisthokonta_Fungi,Basidiomycota,Agaricomycotina,Agaricomycetes,,
290f856d52b21be29340bf824b76c4b2,Eukaryota,TSAR_Stramenopiles_Gyrista,Chrysophyceae,Paraphysomonadales,Paraphysomonadaceae,Paraphysomonas,
3b194dbbfa85198d768f91078ff16e5a,Eukaryota,TSAR_Rhizaria_Foraminifera,Globothalamea,Rotaliida,Globigerinidae,Hastigerina,Hastigerina_pelagica
40977c9ec3278d32a1b4b3abfbb89d81,Eukaryota,TSAR_Alveolata_Dinoflagellata,Syndiniales,Dino-Group-II,Dino-Group-II-Clade-2,Dino-Group-II-Clade-2_X,Dino-Group-II-Clade-2_X_sp.
64ee8e61b9b4384eb6628cf30114e86b,Eukaryota,Obazoa_Opisthokonta_Choanoflagellata,Choanoflagellatea,Craspedida,Monosigidae_Group_A,Monosigidae_Group_A_X,Monosigidae_Group_A_X_sp.
e3aeb5c5909da1f0642ad59a6c3d629c,Eukaryota,TSAR_Rhizaria_Cercozoa,Filosa-Thecofilosea,Filosa-Thecofilosea_X,Chlamydophryidae,Trachyrhizium,Trachyrhizium_urniformis
2d1a6e576ad26af8ed84b9e125f24ac4,Eukaryota,TSAR_Alveolata_Ciliophora,Spirotrichea,Oligotrichida,Strombidiidae,Strombidiidae_X,Strombidiidae_X_sp.
4497b5213f60cad752ad2c6fc0e6b39c,Eukaryota,TSAR_Alveolata_Dinoflagellata,Syndiniales,Dino-Group-II,Dino-Group-II-Clade-20,Dino-Group-II-Clade-20_X,Dino-Group-II-Clade-20_X_sp.
77a3b5676824768f4db2bf8efc53af28,Eukaryota,TSAR_Stramenopiles_Gyrista,MOCH-2,MOCH-2_X,MOCH-2_XX,MOCH-2_XXX,MOCH-2_XXX_sp.
7c9b1bee53a5d1581f182246b7a7efd8,Eukaryota,Archaeplastida_Chlorophyta_Chlorophyta_X,Trebouxiophyceae,Chlorellales,Chlorellales_X,Nannochloris,Nannochloris_sp.
d43576433be192263b57a1e54fd75d06,Eukaryota,TSAR_Rhizaria_Radiolaria,Polycystinea,Nassellaria,Triospyrididae,Ceratospyris,Ceratospyris_hyperborea
4d862196b868ab4d5ed96dcc502d8b3d,Eukaryota,__,,,,,
66b9489d27210e7fa0472aa58cf544ca,Eukaryota,TSAR_Stramenopiles_Bigyra,Sagenista,Labyrinthulomycetes,Labyrinthulomycetes_LAB14,Labyrinthulomycetes_LAB14_X,Labyrinthulomycetes_LAB14_X_sp.
8992be50b3b1707a43f5cf4006b77893,Eukaryota,TSAR_Alveolata_Dinoflagellata,Syndiniales,Dino-Group-I,Dino-Group-I-Clade-2,Dino-Group-I-Clade-2_X,Dino-Group-I-Clade-2_X_sp.
fc486a02e542f8dfa93bc4a712c4b5de,Eukaryota,TSAR_Alveolata_Dinoflagellata,Dinophyceae,Dinophyceae_X,Dinophyceae_XX,Dinophyceae_XXX,Dinophyceae_XXX_sp.
00c1190223178a322e197b24077ed8de,Eukaryota,TSAR_Alveolata_Dinoflagellata,Syndiniales,Dino-Group-II,,,
46d2d985ea5fe7032679dc0de0be8860,Eukaryota,TSAR_Alveolata_Dinoflagellata,Syndiniales,Dino-Group-III,Dino-Group-III_X,Dino-Group-III_XX,Dino-Group-III_XX_sp.
6c74571cffd3fac13184cc0b637999b6,Eukaryota,TSAR_Alveolata_Ciliophora,Colpodea,Colpodea_X,Colpodida,,
6c7aac1a9b64c1997539be39e826f2a5,Eukaryota,TSAR_Alveolata_Dinoflagellata,Dinophyceae,,,,
804bd3b849a1bc38a19f87c83c1e5a25,Eukaryota,Haptista_Haptophyta_Haptophyta_X,Prymnesiophyceae,Prymnesiales,Chrysochromulinaceae,Chrysochromulina,Chrysochromulina_sp.
0c3cb8cbbb93099affc785c71b909430,Eukaryota,TSAR_Rhizaria_Cercozoa,Chlorarachniophyceae,Chlorarachnida,Chlorarachnida_X,Chlorarachnida_XX,Chlorarachnida_XX_sp.
105442371b8541361e51a27a10456c2b,Eukaryota,Obazoa_Opisthokonta_Fungi,Basidiomycota,Agaricomycotina,Agaricomycetes,Gloeophyllum,
2f83ef1669c29b4bfdfda7773af09f2b,Eukaryota,TSAR_Alveolata_Dinoflagellata,Dinophyceae,Dinophyceae_X,Dinophyceae_XX,Dinophyceae_XXX,Dinophyceae_XXX_sp.
4c154ca58b13c07d472afa25456e0bc0,Eukaryota,TSAR_Alveolata_Dinoflagellata,Dinophyceae,,,,
5c2b5784f125b246e1437d4f2c756421,Eukaryota,Archaeplastida_Rhodophyta_Eurhodophytina,Florideophyceae,Ceramiales,Rhodomelaceae,,
61c09c5cb42bdd4fc84ca1c485270cc3,Eukaryota,TSAR_Alveolata_Dinoflagellata,Syndiniales,Dino-Group-II,Dino-Group-II-Clade-6,Dino-Group-II-Clade-6_X,Dino-Group-II-Clade-6_X_sp.
61f869b5ecacfc42703361450ed89265,Eukaryota,TSAR_Alveolata_Dinoflagellata,Syndiniales,Dino-Group-II,Dino-Group-II-Clade-10-and-11,Dino-Group-II-Clade-10-and-11_X,Dino-Group-II-Clade-10-and-11_X_sp.
91f6177e7c83eaf6866a9e4f295233bd,Eukaryota,TSAR_Stramenopiles_Gyrista,Bacillariophyceae,Bacillariales,Bacillariaceae,Nitzschia,
9ad5b63eaf2f792872690b01b7c64e43,Eukaryota,TSAR_Alveolata_Dinoflagellata,Syndiniales,Dino-Group-V,Dino-Group-V_X,Dino-Group-V_XX,Dino-Group-V_XX_sp.
ad139bc7af66bdabaa5fd6781340cf0e,Eukaryota,Haptista_Haptophyta_Haptophyta_X,Prymnesiophyceae,Prymnesiales,Chrysochromulinaceae,Chrysochromulina,
cadbb4db9237801c5db514a4c13a683a,Eukaryota,TSAR_Alveolata_Dinoflagellata,,,,,
e6b695d1b781d06ac26303149a2cbdc9,Eukaryota,Obazoa_Opisthokonta_Fungi,Ascomycota,Saccharomycotina,Saccharomycetales,Wickerhamomyces,Wickerhamomyces_anomalus
119ffbc755907acd0f972c027f69e6bd,Eukaryota,TSAR_Stramenopiles_Gyrista,Chrysophyceae,Chrysophyceae_env_clade-II,Chrysophyceae_env_clade-II_X,Chrysophyceae_env_clade-II_XX,Chrysophyceae_env_clade-II_XX_sp.
212492d8286b856a6bcb4f83e0bc2f35,Eukaryota,TSAR_Alveolata_Dinoflagellata,Syndiniales,Dino-Group-II,Dino-Group-II-Clade-3,Dino-Group-II-Clade-3_X,Dino-Group-II-Clade-3_X_sp.
2ef6602ed36b8d1079475ad0690105bd,Eukaryota,TSAR_Alveolata_Dinoflagellata,Dinophyceae,,,,
34f616e885876c01a3df9359723ca4b1,Eukaryota,Excavata_Discoba_Euglenozoa,Kinetoplastea,Kinetoplastea_X,Kinetoplastea_XX,Kinetoplastea_XX_MET6,Kinetoplastea_XX_MET6_sp.
5c0032b1a27c3a8f5669f1e78ae0f818,Eukaryota,TSAR_Alveolata_Ciliophora,Spirotrichea,Choreotrichida,Choreotrichida_X,Choreotrichida_XX,Choreotrichida_XX_sp.
739f364b083b38f99a13ab5a5179fa63,Eukaryota,TSAR_Rhizaria_Cercozoa,Cercozoa_X,Cercozoa_XX,Cercozoa_XXX,Cercozoa_XXXX,Cercozoa_XXXX_sp.
98f88e1fc285aeae3e255a7181879e4a,Eukaryota,Haptista_Haptophyta_Haptophyta_X,Prymnesiophyceae,Prymnesiales,Chrysochromulinaceae,Chrysochromulina,Chrysochromulina_sp.
a46558987f28d402868a4781d53e992d,Eukaryota,TSAR_Alveolata_Dinoflagellata,Dinophyceae,Dinophyceae_X,Dinophyceae_XX,Dinophyceae_XXX,Dinophyceae_XXX_sp.
a4ec142f2d5aa9e1a85f1ac46b00456f,Eukaryota,TSAR_Alveolata_Ciliophora,CONThreeP,CONThreeP_X,Discotrichidae,NASSO_1,NASSO_1_sp.
fef8134f480b6cdd66dc43c0c74ffcfd,Eukaryota,TSAR_Alveolata_Dinoflagellata,Dinophyceae,Peridiniales,Thoracosphaeraceae,Scrippsiella,
15e724aee2908d09d81352b26f1e4b41,Eukaryota,TSAR_Alveolata_Ciliophora,Spirotrichea,Oligotrichida,Strombidiidae,,
42ff9b3d7c17936f603735b342e03724,Eukaryota,TSAR_Alveolata_Dinoflagellata,Syndiniales,Dino-Group-II,,,
61aecf3d2b21c4277f6bb48a72775002,Eukaryota,TSAR_Stramenopiles_Bigyra,Sagenista,Labyrinthulomycetes,Amphitraemidae,Amphitraemidae_LAB20,Amphitraemidae_LAB20_sp.
643c0ec888c2d282640c92cc3ae443cd,Eukaryota,TSAR_Rhizaria_Foraminifera,Globothalamea,Textulariida,Reophacidae,Reophax,Reophax_sp.
86b9c4e3577487d6e01d0e8c5d5a9d8e,Eukaryota,TSAR_Alveolata_Ciliophora,CONThreeP,CONThreeP_X,Discotrichidae,NASSO_1,NASSO_1_sp.
286fe7f417fad785e5e8be6bdc460764,Eukaryota,TSAR_Alveolata_Dinoflagellata,Syndiniales,Dino-Group-II,Dino-Group-II-Clade-12,Dino-Group-II-Clade-12_X,Dino-Group-II-Clade-12_X_sp.
2cc4b26661e7b7e83e4528b5fb62cac7,Eukaryota,TSAR_Alveolata_Dinoflagellata,Syndiniales,Dino-Group-II,Dino-Group-II-Clade-3,Dino-Group-II-Clade-3_X,Dino-Group-II-Clade-3_X_sp.
3fdb6768e142425cee77243de4b3c291,Eukaryota,TSAR_Stramenopiles_Gyrista,,,,,
5ab4cfc8882bf404759fd84eb6706d15,Eukaryota,TSAR_Stramenopiles_Gyrista,Pinguiophyceae,Pinguiochrysidales,Pinguiochrysidaceae,Pinguiochrysis,Pinguiochrysis_pyriformis
a3de549b0f27932e1d75da3682b8f487,Eukaryota,TSAR_Alveolata_Dinoflagellata,,,,,
c10b4499eeb054454513020546e6dcc1,Eukaryota,TSAR_Telonemia_Telonemia_X,Telonemia_XX,Telonemia_XXX,Telonemia-Group-2,Telonemia-Group-2_X,Telonemia-Group-2_X_sp.
02ec3d1c93f353559186d85dc82b0f9c,Eukaryota,TSAR_Alveolata_Ciliophora,Spirotrichea,Oligotrichida,Oligotrichida_X,Oligotrichida_XX,Oligotrichida_XX_sp.
1a6b0fa69e4c4b824ede0afa7b119b26,Eukaryota,TSAR_Alveolata_Dinoflagellata,Syndiniales,Dino-Group-II,Dino-Group-II_X,Dino-Group-II_XX,Dino-Group-II_XX_sp.
7aac6561a01d57726b1c23a9138c56a0,Eukaryota,TSAR_Alveolata_Dinoflagellata,Syndiniales,Dino-Group-II,Dino-Group-II_X,Dino-Group-II_XX,Dino-Group-II_XX_sp.
91b8cc86775789245534987617d2a429,Eukaryota,TSAR_Rhizaria_Radiolaria,Polycystinea,Spumellaria,Spumellaria_3,Spumellaria_3_X,Spumellaria_3_X_sp.
a8ca132167bbafac77714987db07d72b,Eukaryota,TSAR_Alveolata_Ciliophora,Spirotrichea,Choreotrichida-Tintinnina,Eutintinnidae,Eutintinnus,
b102b1ec29b20a59393e08706d6c967d,Eukaryota,TSAR_Alveolata_Dinoflagellata,Syndiniales,Dino-Group-II,Dino-Group-II-Clade-33,Dino-Group-II-Clade-33_X,Dino-Group-II-Clade-33_X_sp.
b1e25e7f90f4a16a07658ac49db7bf0e,Eukaryota,TSAR_Alveolata_Dinoflagellata,Syndiniales,Dino-Group-II,Dino-Group-II-Clade-10-and-11,Dino-Group-II-Clade-10-and-11_X,Dino-Group-II-Clade-10-and-11_X_sp.
cc190882736d2c535d4d51adfe08d90a,Eukaryota,Obazoa_Opisthokonta_Fungi,Basidiomycota,Agaricomycotina,Agaricomycetes,Athelia,
1852a3f2130d58212537b11f726f864e,Eukaryota,TSAR_Alveolata_Dinoflagellata,Dinophyceae,Prorocentrales,Prorocentraceae,Prorocentrum,Prorocentrum_sp.
1db1debb2e713be2aa4b1b91c63823a1,Eukaryota,TSAR_Stramenopiles_Gyrista,Mediophyceae,Chaetocerotales,Chaetocerotaceae,Chaetoceros,
64c48aa5ae816546cb20a53b58af10e5,Eukaryota,TSAR_Alveolata_Dinoflagellata,Dinophyceae,Dinophyceae_X,Dinophyceae_XX,Dinophyceae_XXX,Dinophyceae_XXX_sp.
787483bd76639d394e2ffce3402baa56,Eukaryota,TSAR_Stramenopiles_Bigyra,Opalozoa,Nanomonadea,MAST-3,MAST-3I,MAST-3I_sp.
a26f928aab1e58222daf8476c11f7f5c,Eukaryota,TSAR_Alveolata_Dinoflagellata,Syndiniales,,,,
ff46386665ead2726599ecd4ba422e62,Eukaryota,TSAR_Stramenopiles_Gyrista,Bacillariophyceae,Naviculales,Naviculaceae,Navicula,
01760131f803b6900748283af2d7361f,Eukaryota,TSAR_Alveolata_Dinoflagellata,Dinophyceae,Dinophyceae_X,Dinophyceae_XX,Dinophyceae_XXX,Dinophyceae_XXX_sp.
0e89b5b0258cbbd26d956508f9fef884,Eukaryota,TSAR_Alveolata_,,,,,
14607e25072cd45625c52d7bd25233e3,Eukaryota,TSAR_Alveolata_Dinoflagellata,Dinophyceae,Suessiales,Suessiaceae,,
338c1bf07be6bcfe3e59f7dc3f2c268e,Eukaryota,TSAR_Stramenopiles_Gyrista,Coscinodiscophyceae,Coscinodiscales,Coscinodiscaceae,Coscinodiscus,Coscinodiscus_radiatus
93078ec6a8b4fe56a8270aa2e9297a29,Eukaryota,Haptista_Haptophyta_Haptophyta_X,Prymnesiophyceae,Prymnesiales,Chrysochromulinaceae,Chrysochromulina,Chrysochromulina_sp.
af8039a0d68129948089dd4df9ccb1f6,Eukaryota,TSAR_Alveolata_Dinoflagellata,Dinophyceae,,,,
b20e80644ec28af16db9374c954b5145,Eukaryota,Excavata_Discoba_Euglenozoa,Diplonemea,Diplonemida,Eupelagonemidae,Eupelagonemidae_X,Eupelagonemidae_X_sp.
9e81ac6f19e4630155582b50c8ec1533,Eukaryota,TSAR_Alveolata_Ciliophora,Spirotrichea,Choreotrichida,Choreotrichida_X,Choreotrichida_XX,Choreotrichida_XX_sp.
aa9390f18b85313ead8cfd62ffc2588b,Eukaryota,TSAR_Stramenopiles_Gyrista,MOCH-2,MOCH-2_X,MOCH-2_XX,MOCH-2_XXX,MOCH-2_XXX_sp.
de1258b3975b704d46b646d3bf625bb0,Eukaryota,TSAR_Stramenopiles_Bigyra,Opalozoa,Nanomonadea,MAST-3,MAST-3I,MAST-3I_sp.
f8fd6675f54bbb1789beeb621a6bc667,Eukaryota,TSAR_Alveolata_Dinoflagellata,Dinophyceae,Dinophyceae_X,Dinophyceae_XX,Dinophyceae_XXX,Dinophyceae_XXX_sp.
0caf251d50e60c76b5f4d1125969455e,Eukaryota,TSAR_Alveolata_Ciliophora,Spirotrichea,Choreotrichida,Strobilidiidae,,
29f55c2bf5dcb3dffd6aa1086fd59d1d,Eukaryota,TSAR_Alveolata_Ciliophora,Litostomatea,Haptoria_4,Didiniidae,Didiniidae_X,Didiniidae_X_sp.
59f9d9c838d69c2565cbc9720d836869,Eukaryota,TSAR_Alveolata_Ciliophora,Phyllopharyngea,Cyrtophoria_1,PHYLL_4,PHYLL_4_X,PHYLL_4_X_sp.
67882a1f5ee41a7a25255933f42f084b,Eukaryota,TSAR_Alveolata_Dinoflagellata,Syndiniales,Dino-Group-II,Dino-Group-II-Clade-25,Dino-Group-II-Clade-25_X,Dino-Group-II-Clade-25_X_sp.
7b3dd816bf28af60542362e5af87e5bf,Eukaryota,TSAR_Alveolata_Dinoflagellata,Syndiniales,Dino-Group-I,Dino-Group-I-Clade-1,Dino-Group-I-Clade-1_X,Dino-Group-I-Clade-1_X_sp.
c2c9ea9fe325a3b74f362b9fe73e3ccb,Eukaryota,TSAR_Alveolata_Ciliophora,Oligohymenophorea,Apostomatia,Foettingeriidae,Vampyrophrya,Vampyrophrya_pelagica
e07da910d167fc64b71f235f3e1c0394,Eukaryota,TSAR_Stramenopiles_Bigyra,Opalozoa,Nanomonadea,MAST-3,MAST-3I,MAST-3I_sp.
1cacc20df21a697a1cb8014d4d065b4e,Eukaryota,TSAR_Alveolata_Ciliophora,Oligohymenophorea,OLIGO5,OLIGO5_X,OLIGO5_XX,OLIGO5_XX_sp.
21e9dba443fa1746d3677d1d6aa7d256,Eukaryota,TSAR_Alveolata_Dinoflagellata,Syndiniales,Dino-Group-I,Dino-Group-I-Clade-3,Dino-Group-I-Clade-3_X,Dino-Group-I-Clade-3_X_sp.
2e002c993dd17a5a891b8b94935ad840,Eukaryota,TSAR_Alveolata_Dinoflagellata,Syndiniales,Dino-Group-II,Dino-Group-II-Clade-1,Dino-Group-II-Clade-1_X,Dino-Group-II-Clade-1_X_sp.
844219b01ffb43478447e5f0d41576b6,Eukaryota,TSAR_Alveolata_Dinoflagellata,Syndiniales,Dino-Group-III,Dino-Group-III_X,Dino-Group-III_XX,Dino-Group-III_XX_sp.
845acccc3cd7db3fb2484b7fa5d18904,Eukaryota,TSAR_Alveolata_Dinoflagellata,Syndiniales,Dino-Group-II,Dino-Group-II-Clade-5,Dino-Group-II-Clade-5_X,Dino-Group-II-Clade-5_X_sp.
8d3ba6cf5370eaca32aca14737787026,Eukaryota,TSAR_Stramenopiles_Bigyra,Sagenista,Sagenista_X,MAST-7,MAST-7E,MAST-7E_sp.
a559ca29b2f66785ff57895968aabf21,Eukaryota,TSAR_Alveolata_Ciliophora,Spirotrichea,Choreotrichida,Choreotrichida_X,Choreotrichida_XX,Choreotrichida_XX_sp.
b5afccdca12a4a36a54ddc995e4b160b,Eukaryota,TSAR_Telonemia_Telonemia_X,Telonemia_XX,Telonemia_XXX,Telonemia-Group-2,Telonemia-Group-2_X,Telonemia-Group-2_X_sp.
c251f998d896a1dcfda85c18b5e91872,Eukaryota,TSAR_Alveolata_Dinoflagellata,Syndiniales,Dino-Group-II,Dino-Group-II-Clade-10-and-11,Dino-Group-II-Clade-10-and-11_X,Dino-Group-II-Clade-10-and-11_X_sp.
c9e24dd7aadc84dd1b897e2afcc622e2,Eukaryota,TSAR_Alveolata_Dinoflagellata,Dinophyceae,Peridiniales,Thoracosphaeraceae,Scrippsiella,
d1661c400c4fcf1fce070ddfac607d31,Eukaryota,Obazoa_Opisthokonta_Fungi,Ascomycota,Pezizomycotina,Eurotiomycetes,Penicillium,
ff0c166ce86e627e9901ab6c793ca36d,Eukaryota,TSAR_Alveolata_Dinoflagellata,Syndiniales,Dino-Group-II,Dino-Group-II-Clade-4,Dino-Group-II-Clade-4_X,Dino-Group-II-Clade-4_X_sp.
4c13e3eab067ccdaca0c934269caa664,Eukaryota,TSAR_Alveolata_Dinoflagellata,Dinophyceae,Dinophyceae_X,Dinophyceae_XX,Dinophyceae_XXX,Dinophyceae_XXX_sp.
53211e4ead06ef6150f346678d82b58c,Eukaryota,TSAR_Stramenopiles_Gyrista,Bacillariophyceae,Bacillariophyceae_X,Bacillariophyceae_XX,Bacillariophyceae_XXX,Bacillariophyceae_XXX_sp.
6a7aa737d2948d4e20ca5712895206ed,Eukaryota,TSAR_Alveolata_Ciliophora,CONThreeP,CONThreeP_X,CONThreeP_XX,CONThreeP_XXX,CONThreeP_XXX_sp.
aebe846e7a743e876e1bb81d1c6b4a95,Eukaryota,TSAR_Alveolata_Dinoflagellata,Syndiniales,Dino-Group-I,Dino-Group-I-Clade-1,Dino-Group-I-Clade-1_X,Dino-Group-I-Clade-1_X_sp.
e06f06b662eaf79c92976e5141659519,Eukaryota,TSAR_Rhizaria_Radiolaria,Polycystinea,Nassellaria,Cannobotryidae,Cannobotryidae_X,Cannobotryidae_X_sp.
eefced060f67e5cf12ca3202929cfe06,Eukaryota,Cryptista_Kathablepharidacea_Kathablepharida,Kathablepharidea,Kathablepharidida,Kathablepharidida_X,Kathablepharidida_XX,Kathablepharidida_XX_sp.
2daa268b9dde46faf0db20c04a21e141,Eukaryota,TSAR_Stramenopiles_Bigyra,Opalozoa,Nanomonadea,MAST-3,MAST-3D,MAST-3D_sp.
79db14cb270821e391bafcae03310ddb,Eukaryota,Obazoa_Opisthokonta_Ichthyosporea,Ichthyophonida,Ichthyophonidae,Ichthyosponidales,Ichthyophonus,
7ec60ee65b4f3bc1b193839a22aea886,Eukaryota,TSAR_Alveolata_Ciliophora,Oligohymenophorea,OLIGO5,OLIGO5_X,OLIGO5_XX,OLIGO5_XX_sp.
b5d9fab8346c39542fc41576205aafc6,Eukaryota,TSAR_Alveolata_Ciliophora,Spirotrichea,Choreotrichida,Choreotrichida_X,Choreotrichida_XX,Choreotrichida_XX_sp.
dcee97759716f70c4188e2a30bfe03c3,Eukaryota,TSAR_Alveolata_Dinoflagellata,Syndiniales,Dino-Group-II,Dino-Group-II-Clade-12,Dino-Group-II-Clade-12_X,Dino-Group-II-Clade-12_X_sp.
f130ed4775abd7990239b58478af82e3,Eukaryota,TSAR_Alveolata_Dinoflagellata,Syndiniales,,,,
0fc9095b19a89c744dbd14b197ad3168,Eukaryota,TSAR_Alveolata_Dinoflagellata,Dinophyceae,Prorocentrales,Prorocentraceae,Prorocentrum,
4a627a7cb76f522b4819da6b312cc2b6,Eukaryota,TSAR_Rhizaria_Cercozoa,Filosa-Imbricatea,Euglyphida,Euglyphida_X,Euglyphida_XX,Euglyphida_XX_sp.
4c63a641be7727428c0e1cb394476a33,Eukaryota,TSAR_Alveolata_Dinoflagellata,Dinophyceae,Peridiniales,Protoperidiniaceae,Protoperidinium,Protoperidinium_sp.
87c820d380c0df5dc90bb091a2b507ac,Eukaryota,TSAR_Alveolata_Dinoflagellata,Dinophyceae,Dinophyceae_X,Dinophyceae_XX,Dinophyceae_XXX,Dinophyceae_XXX_sp.
9d70c576464bb8221060e10ff7ea7db0,Eukaryota,TSAR_Alveolata_Dinoflagellata,Dinophyceae,Dinophyceae_X,Dinophyceae_XX,Dinophyceae_XXX,Dinophyceae_XXX_sp.
d0c316a37c38ed4e6aaa2832f7b151db,Eukaryota,TSAR_Alveolata_Dinoflagellata,Dinophyceae,Abediniales,Abediniaceae,Abedinium,Abedinium_dasypus
d6a107562122d0575ac7ad887c50810f,Eukaryota,TSAR_Stramenopiles_Gyrista,Mediophyceae,Thalassiosirales,Stephanodiscaceae,Cyclotella,
0d80a7d148966211d55086d140c08e77,Eukaryota,Haptista_Haptophyta_Haptophyta_X,Prymnesiophyceae,Prymnesiales,Prymnesiaceae,Haptolina,
5c3ea5bfb7bf1198e67616e7f8e84cb2,Eukaryota,TSAR_Alveolata_Dinoflagellata,Syndiniales,Dino-Group-II,Dino-Group-II-Clade-12,Dino-Group-II-Clade-12_X,Dino-Group-II-Clade-12_X_sp.
6e219ecd3ca41a0c1a8f519a51101786,Eukaryota,TSAR_Alveolata_Ciliophora,Oligohymenophorea,OLIGO5,OLIGO5_X,OLIGO5_XX,OLIGO5_XX_sp.
754eee910e20702dcb194bb2c5cc3fe0,Eukaryota,Archaeplastida_Chlorophyta_Chlorophyta_X,Chlorophyta_XX,Nephroselmidaceae,Nephroselmidaceae_X,Nephroselmidaceae_XX,Nephroselmidaceae_XX_sp.
9505b0dfbf3bd0c248aab5a23ad5d157,Eukaryota,TSAR_Alveolata_Dinoflagellata,Dinophyceae,Gymnodiniales,Gymnodiniaceae,Apicoporus,Apicoporus_parvidiaboli
ccd195728cad86154ebcf6632a8adf78,Eukaryota,TSAR_Alveolata_Dinoflagellata,Dinophyceae,Peridiniales,Thoracosphaeraceae,Scrippsiella,
d338d27f9026fd8c389f83ea15948b01,Eukaryota,TSAR_Alveolata_Ciliophora,Spirotrichea,Choreotrichida,Choreotrichida_X,Choreotrichida_XX,Choreotrichida_XX_sp.
070a82fc45bebf3c0bf1c0d8b5cb105b,Eukaryota,TSAR_Alveolata_Dinoflagellata,Dinophyceae,Prorocentrales,Prorocentraceae,Prorocentrum,Prorocentrum_sp.
442fff8ed804845a2e3c3061cc479230,Eukaryota,TSAR_Alveolata_Dinoflagellata,Dinophyceae,Dinophyceae_X,Dinophyceae_XX,Dinophyceae_XXX,Dinophyceae_XXX_sp.
5b00d7052005f8a16438d174ac4eb4ef,Eukaryota,TSAR_Stramenopiles_Bigyra,Opalozoa,Nanomonadea,MAST-3,MAST-3I,MAST-3I_sp.
60ec35f33831b27cdf65a1d088f9aa41,Eukaryota,TSAR_Alveolata_Dinoflagellata,Syndiniales,Dino-Group-II,Dino-Group-II-Clade-21,Dino-Group-II-Clade-21_X,Dino-Group-II-Clade-21_X_sp.
7b58a0ed58c4640e4e7ceab9164741af,Eukaryota,TSAR_Stramenopiles_Gyrista,Pelagophyceae,Sarcinochrysidales,Sarcinochrysidaceae,,
c0d8aea0de984d2bb94586c73f123590,Eukaryota,TSAR_Alveolata_Dinoflagellata,Syndiniales,Dino-Group-I,Dino-Group-I-Clade-5,Dino-Group-I-Clade-5_X,Dino-Group-I-Clade-5_X_sp.
d6f01bf1c8af6c8f0799c1ddd126cf0d,Eukaryota,TSAR_Alveolata_Dinoflagellata,Syndiniales,Dino-Group-II,Dino-Group-II-Clade-44,Dino-Group-II-Clade-44_X,Dino-Group-II-Clade-44_X_sp.
d98f739873cd2608a49c84415d898ec6,Eukaryota,TSAR_Stramenopiles_Gyrista,Mediophyceae,Chaetocerotales,Chaetocerotaceae,Chaetoceros,Chaetoceros_tortissimus
e1e55d1195f5a92fc22bbb5e81e7301d,Eukaryota,TSAR_Alveolata_Ciliophora,Spirotrichea,Choreotrichida,Choreotrichida_X,Choreotrichida_XX,Choreotrichida_XX_sp.
f5a53bb2e55a677f49926819e76104cf,Eukaryota,TSAR_Alveolata_Dinoflagellata,Syndiniales,Dino-Group-II,Dino-Group-II-Clade-5,Dino-Group-II-Clade-5_X,Dino-Group-II-Clade-5_X_sp.
13900b992083f0997a208217a9ceb32b,Eukaryota,TSAR_Alveolata_Dinoflagellata,Dinophyceae,Dinophyceae_X,Dinophyceae_XX,Dinophyceae_XXX,Dinophyceae_XXX_sp.
343f8d9f996675ba67603d18c9b8cc29,Eukaryota,TSAR_Rhizaria_Radiolaria,Polycystinea,Nassellaria,Collosphaeridae,Collosphaeridae_X,Collosphaeridae_X_sp.
5aabe1ca596fa99609ea023f71be7b18,Eukaryota,TSAR_Stramenopiles_Gyrista,Bacillariophyceae,Licmophorales,Licmophoraceae,Licmophora,Licmophora_sp.
779500a3304c872947f538f023991540,Eukaryota,TSAR_Alveolata_Dinoflagellata,Syndiniales,Dino-Group-I,Dino-Group-I-Clade-5,Dino-Group-I-Clade-5_X,Dino-Group-I-Clade-5_X_sp.
826c0e8c1f0e5349ccb5f59ca399c9f3,Eukaryota,TSAR_Rhizaria_Foraminifera,Globothalamea,Rotaliida,Chilostomellidae,Chilostomella,Chilostomella_ovoidea
b24acadee3182a62c8d3b0d347dd4e6a,Eukaryota,TSAR_Stramenopiles_Bigyra,Bicoecea,Anoecales,Symbiomonaceae,Symbiomonas,Symbiomonas_scintillans
d7b5119845d3fb93f159b18f18c31976,Eukaryota,Archaeplastida_Streptophyta_Streptophyta_X,Embryophyceae,Embryophyceae_X,Embryophyceae_XX,,
2597d64b32cf8c118b9ed7bbcef9fdf1,Eukaryota,Excavata_Discoba_Euglenozoa,Kinetoplastea,Neobodonida,Rhynchomonadidae,Rhynchomonas,Rhynchomonas_sp.
47f40944bb6634a239235d3e9878a923,Eukaryota,TSAR_Alveolata_Dinoflagellata,Syndiniales,Dino-Group-II,Dino-Group-II-Clade-7,Dino-Group-II-Clade-7_X,Dino-Group-II-Clade-7_X_sp.
4dc492383221b648e6eea77978505bbe,Eukaryota,TSAR_Alveolata_Dinoflagellata,Ellobiophyceae,Thalassomycetales,Thalassomycetaceae,Ellobiopsis,Ellobiopsis_chattoni
54f97cd02e828d62abe19c9cd5fd6acb,Eukaryota,Amoebozoa_Discosea_Discosea_X,Flabellinia,Dactylopodida,Paramoebidae,,
59d35c79ee5099f73ee59d647aee283d,Eukaryota,TSAR_Alveolata_Dinoflagellata,Syndiniales,Dino-Group-I,Dino-Group-I-Clade-1,Dino-Group-I-Clade-1_X,Dino-Group-I-Clade-1_X_sp.
c1d78610d7bbd30e924abaac0aefe82b,Eukaryota,TSAR_Stramenopiles_Gyrista,MOCH-2,MOCH-2_X,MOCH-2_XX,MOCH-2_XXX,MOCH-2_XXX_sp.
c3b5e580a4165bea08085e1bca028435,Eukaryota,Archaeplastida_Chlorophyta_Chlorophyta_X,Pyramimonadophyceae,Pyramimonadales,Pyramimonadales_X,Cymbomonas,Cymbomonas_tetramitiformis
d277cc198e75d0468410c5bbc3e8207e,Eukaryota,TSAR_Rhizaria_Radiolaria,Polycystinea,Nassellaria,Collosphaeridae,Collosphaera,Collosphaera_tuberosa
f98ea63d339182c640260d6df7cf9ff9,Eukaryota,Archaeplastida_Chlorophyta_Chlorophyta_X,Pseudoscourfieldiophyceae,Pseudoscourfieldiales,Pseudoscourfieldiaceae,Pseudoscourfieldia,
072a70c946fe70022578ef22b5b54ae2,Eukaryota,TSAR_Alveolata_Dinoflagellata,Dinophyceae,,,,
275b86aa7b778d031ea59577e07f6a7f,Eukaryota,TSAR_Rhizaria_Cercozoa,Filosa-Imbricatea,Marimonadida,Marimonadida_X,Pseudopirsonia,
505972339728ebc011b24707fbbb666f,Eukaryota,TSAR_Stramenopiles_Bigyra,Sagenista,Sagenista_X,MAST-4,MAST-4A,MAST-4A_sp.
82fc1853ea611f98609c34e8f5321304,Eukaryota,Archaeplastida_Chlorophyta_Chlorophyta_X,Ulvophyceae,Oltmansiellopsidales,Oltmansiellopsidales_X,Oltmannsiellopsis,
d6c59b1b72edd2f3f3fe695d0c2f2e78,Eukaryota,TSAR_Alveolata_Ciliophora,CONThreeP,CONThreeP_X,CONThreeP_XX,Askenasia,Askenasia_sp.
e789f30fb592e2719737046f6550b194,Eukaryota,Archaeplastida_Chlorophyta_Chlorophyta_X,Trebouxiophyceae,Chlorellales,Chlorellales_X,Picochlorum,Picochlorum_sp.
eb188529d92624d7c84ada4bb4350709,Eukaryota,TSAR_Alveolata_Ciliophora,Spirotrichea,Choreotrichida-Tintinnina,Xystonellidae,Parafavella,
fda0c1c53120893e5e52154ec9a3111f,Eukaryota,TSAR_Rhizaria_Radiolaria,RAD-B,RAD-B_X,RAD-B_X_Group-Ib,RAD-B_X_Group-Ib_X,RAD-B_X_Group-Ib_X_sp.
284eb55059e15e3cd74407856ea51690,Eukaryota,TSAR_Alveolata_Dinoflagellata,Syndiniales,Dino-Group-II,Dino-Group-II-Clade-21,Dino-Group-II-Clade-21_X,Dino-Group-II-Clade-21_X_sp.
2eb68f7296168ad7dec76e45a27325fd,Eukaryota,TSAR_Alveolata_Dinoflagellata,Syndiniales,Dino-Group-II,Dino-Group-II-Clade-10-and-11,Dino-Group-II-Clade-10-and-11_X,Dino-Group-II-Clade-10-and-11_X_sp.
35b4900534e4cf998763136ed76cc465,Eukaryota,Haptista_Haptophyta_Haptophyta_X,Prymnesiophyceae,Calcihaptophycidae,Watznaueriaceae,Tergestiella,Tergestiella_adriatica
6436e0d748d23fa46a75076171774caf,Eukaryota,TSAR_Alveolata_Dinoflagellata,Dinophyceae,Dinophyceae_X,Dinophyceae_XX,Dinophyceae_XXX,Dinophyceae_XXX_sp.
7d549acaf2a6cf1bb70c831c93dfd572,Eukaryota,TSAR_Rhizaria_Foraminifera,Globothalamea,Rotaliida,Globobuliminidae,Globobulimina,
aaabf31f88339da4572f7f07b423a30f,Eukaryota,TSAR_Alveolata_Ciliophora,Spirotrichea,Choreotrichida-Tintinnina,Dictyocystidae,,
bace8fc5526d88ed0b14efaf0ad12f9e,Eukaryota,TSAR_Alveolata_Dinoflagellata,Dinophyceae,Dinophyceae_X,Dinophyceae_XX,Dinophyceae_XXX,Dinophyceae_XXX_sp.
001f64b44af99c4ef43864dc8b6e42d7,Eukaryota,TSAR_Alveolata_Dinoflagellata,Syndiniales,Dino-Group-II,Dino-Group-II-Clade-3,Dino-Group-II-Clade-3_X,Dino-Group-II-Clade-3_X_sp.
33d8e399ca0ad91b6f0d31b659c2b4f7,Eukaryota,Obazoa_Opisthokonta_Fungi,Ascomycota,Pezizomycotina,Dothideomycetes,,
48b3392beb5dc0455b66bbc65c03b48e,Eukaryota,Obazoa_Opisthokonta_Fungi,Ascomycota,Pezizomycotina,Leotiomycetes,,
509aaf5ab93f99b4b073b67563050ab3,Eukaryota,TSAR_Alveolata_Dinoflagellata,Syndiniales,Dino-Group-II,Dino-Group-II-Clade-7,Dino-Group-II-Clade-7_X,Dino-Group-II-Clade-7_X_sp.
647ee2709fdc10bcdfa9e34525ef0a47,Eukaryota,TSAR_Alveolata_Dinoflagellata,Syndiniales,Dino-Group-II,Dino-Group-II-Clade-22,Dino-Group-II-Clade-22_X,Dino-Group-II-Clade-22_X_sp.
6538be07536d42a8b4e6bd5c42a58196,Eukaryota,TSAR_Alveolata_Dinoflagellata,Noctilucophyceae,Noctilucales,Noctilucaceae,Noctiluca,Noctiluca_scintillans
d68cd90142eaab9bc2786f09357c1e75,Eukaryota,TSAR_Alveolata_Dinoflagellata,Syndiniales,Dino-Group-II,Dino-Group-II-Clade-1,Dino-Group-II-Clade-1_X,Dino-Group-II-Clade-1_X_sp.
290673cef61f8b8efc87139cb390349b,Eukaryota,Provora_Nibbleridia_Nibbleridia_X,Nibbleridea,Nibbleridida,Nibbleridae,Nibbleromonas,
51f83fea622d832cf3096bea8d95bdd9,Eukaryota,TSAR_Alveolata_Dinoflagellata,Syndiniales,Dino-Group-II,Dino-Group-II-Clade-57,Dino-Group-II-Clade-57_X,Dino-Group-II-Clade-57_X_sp.
5298b99b1ebd449d32f8c47e17885818,Eukaryota,Haptista_Haptophyta_Haptophyta_X,Prymnesiophyceae,Prymnesiales,Prymnesiophyceae_Clade_B4,Prymnesiophyceae_Clade_B4_X,Prymnesiophyceae_Clade_B4_X_sp.
5c736959b178bc96a9b8bb80e6ab6624,Eukaryota,TSAR_Alveolata_Dinoflagellata,Dinophyceae,Dinophyceae_X,Dinophyceae_XX,Dinophyceae_XXX,Dinophyceae_XXX_sp.
5f4a733e335785669ffca7b8d5b88442,Eukaryota,TSAR_Alveolata_Dinoflagellata,Dinophyceae,Peridiniales,Thoracosphaeraceae,Scrippsiella,
69e75bd04c7fbaf64818f675d544a358,Eukaryota,TSAR_Alveolata_Dinoflagellata,Dinophyceae,Dinophyceae_X,Dinophyceae_XX,Dinophyceae_XXX,Dinophyceae_XXX_sp.
a9e8fa256090434a79f8e19d6741d071,Eukaryota,TSAR_Rhizaria_Cercozoa,Filosa-Thecofilosea,,,,
c7f2cc15adac1cabd6113186b84a72ed,Eukaryota,TSAR_Alveolata_Dinoflagellata,Dinophyceae,Peridiniales,Diplopsalidaceae,Diplopsalis,Diplopsalis_lenticula
e870b8f51bb7ebb0dedf58d523d5971a,Eukaryota,TSAR_Alveolata_Dinoflagellata,Dinophyceae,Gonyaulacales,Gonyaulacaceae,Gonyaulax,Gonyaulax_polygramma
f95bdfa2b6b0601c7ce3b83c27450eb9,Eukaryota,TSAR_Alveolata_Dinoflagellata,Dinophyceae,,,,
2ade90936de9bf810925a3733e867ed3,Eukaryota,TSAR_Alveolata_Dinoflagellata,Syndiniales,Dino-Group-II,Dino-Group-II-Clade-1,Dino-Group-II-Clade-1_X,Dino-Group-II-Clade-1_X_sp.
2c52b3c4c8efdcc244ce3be66490ee06,Eukaryota,TSAR_Alveolata_Ciliophora,Oligohymenophorea,OLIGO5,OLIGO5_X,OLIGO5_XX,OLIGO5_XX_sp.
36ed67023b60ef18c434d317815fd72a,Eukaryota,Archaeplastida_Chlorophyta_Chlorophyta_X,Mamiellophyceae,Dolichomastigales,Crustomastigaceae,,
6fbb05ccd68579860e7b9b4fa884a2d7,Eukaryota,Archaeplastida_Chlorophyta_Chlorophyta_X,Prasino-Clade-9,Prasino-Clade-9_X,Prasino-Clade-9_XX,Prasino-Clade-9_XXX,Prasino-Clade-9_XXX_sp.
96eccb2894d0467e1df7d44fddad3483,Eukaryota,Haptista_Haptophyta_Haptophyta_X,Prymnesiophyceae,Prymnesiales,Chrysochromulinaceae,Chrysochromulina,Chrysochromulina_leadbeateri
b9a5f167602debbc641427597bfc4dd9,Eukaryota,TSAR_Rhizaria_Radiolaria,Acantharea,Acantharea_C,Acantharea_C1,Gigartacon-C1,Gigartacon-C1_muelleri
c6f0e07587fcebd5c18532a6c5ae5699,Eukaryota,TSAR_Alveolata_Dinoflagellata,Dinophyceae,,,,
d1e32e4bbcc9a1be639d8f836cdb42d6,Eukaryota,TSAR_Rhizaria_Cercozoa,Filosa-Thecofilosea,Cryomonadida,Cryothecomonas-lineage,Cryothecomonas,Cryothecomonas_aestivalis
d44f20dc097c77e2fb099001d59c1d72,Eukaryota,TSAR_Alveolata_Dinoflagellata,Dinophyceae,Prorocentrales,Prorocentraceae,Prorocentrum,Prorocentrum_sp.
f8c70b74d0e6c7c56ad48baef6c9aded,Eukaryota,TSAR_Alveolata_Dinoflagellata,Syndiniales,Dino-Group-I,Dino-Group-I-Clade-6,Dino-Group-I-Clade-6_X,Dino-Group-I-Clade-6_X_sp.
077d02d19b8af1cf460ece4883a705d1,Eukaryota,Haptista_Haptophyta_Haptophyta_X,Prymnesiophyceae,Prymnesiales,Chrysochromulinaceae,Chrysochromulina,Chrysochromulina_sp.
54d05df20bacfa3bcc7d6e13ab05ede4,Eukaryota,TSAR_Alveolata_Dinoflagellata,Dinophyceae,Dinophyceae_X,Dinophyceae_XX,Dinophyceae_XXX,Dinophyceae_XXX_sp.
605821ee8db314622621f7502b80e74d,Eukaryota,Excavata_Discoba_Euglenozoa,Diplonemea,Diplonemida,Hemistasiidae,Hemistasia,Hemistasia_phaeocysticola
6c24562d59eb99936a9b199c3565503d,Eukaryota,TSAR_Alveolata_Dinoflagellata,Dinophyceae,Dinophyceae_X,Dinophyceae_XX,Dinophyceae_XXX,Dinophyceae_XXX_sp.
83a2781399177f40772e9c6583ca9299,Eukaryota,TSAR_Alveolata_Dinoflagellata,Dinophyceae,Prorocentrales,Prorocentraceae,Prorocentrum,Prorocentrum_sp.
8eb9f1d866f63badf30b96a5106b21a1,Eukaryota,TSAR_Alveolata_Dinoflagellata,Syndiniales,Dino-Group-II,Dino-Group-II-Clade-7,Dino-Group-II-Clade-7_X,Dino-Group-II-Clade-7_X_sp.
93a5d100044af01cdfb2cd5119a3c7cc,Eukaryota,TSAR_Alveolata_Dinoflagellata,Dinophyceae,Dinophyceae_X,Dinophyceae_XX,Dinophyceae_XXX,Dinophyceae_XXX_sp.
c0fc343f9cbc4681255e7ffe8082fd28,Eukaryota,TSAR_Alveolata_Ciliophora,Spirotrichea,Oligotrichida,Strombidiidae,Strombidiidae_X,Strombidiidae_X_sp.
c22522284f255fb728a1aca23e15c195,Eukaryota,TSAR_Stramenopiles_Gyrista,Chrysophyceae,Chrysophyceae_Clade-EC2H,Chrysophyceae_Clade-EC2H_X,Chrysophyceae_Clade-EC2H_XX,Chrysophyceae_Clade-EC2H_XX_sp.
c8db430bbb7f6819b246a95a4b8c0f7a,Eukaryota,TSAR_Alveolata_Dinoflagellata,Dinophyceae,Prorocentrales,Prorocentraceae,Prorocentrum,Prorocentrum_sp.
cf1ea0e7fcdd27b9a5a09406c81769ad,Eukaryota,TSAR_Rhizaria_Cercozoa,Filosa-Thecofilosea,Cryomonadida,Cryothecomonas-lineage,Cryothecomonas,Cryothecomonas_sp.
d5a269892b36150d10932759311a26c6,Eukaryota,Haptista_Haptophyta_Haptophyta_X,Prymnesiophyceae,Prymnesiales,Chrysochromulinaceae,Chrysochromulina,Chrysochromulina_sp.
f4f7ca9bf9d0e3120177d75e6a7f3a73,Eukaryota,TSAR_Alveolata_Dinoflagellata,Dinophyceae,Gymnodiniales,,,
0d969b07361e52918cb17f9aae945a02,Eukaryota,TSAR_Alveolata_Dinoflagellata,Syndiniales,Dino-Group-II,Dino-Group-II-Clade-3,Dino-Group-II-Clade-3_X,Dino-Group-II-Clade-3_X_sp.
10e92aa8ad261d59a3fd9d5df72a6006,Eukaryota,TSAR_Alveolata_Dinoflagellata,Dinophyceae,Dinophyceae_X,Dinophyceae_XX,Dinophyceae_XXX,Dinophyceae_XXX_sp.
1801924e636297bab6b76cd81f53d7bd,Eukaryota,Excavata_Discoba_Euglenozoa,Diplonemea,Diplonemida,Eupelagonemidae,Eupelagonemidae_X,Eupelagonemidae_X_sp.
3a68c1c85d497214bfac2d38fb6f8656,Eukaryota,Haptista_Haptophyta_Haptophyta_X,Haptophyta_Clade_HAP4,Haptophyta_Clade_HAP4_X,Haptophyta_Clade_HAP4_XX,Haptophyta_Clade_HAP4_XXX,Haptophyta_Clade_HAP4_XXX_sp.
51fd5ad6f69023003369de4d68c7e6fd,Eukaryota,TSAR_Alveolata_Dinoflagellata,Dinophyceae,Dinophyceae_X,Dinophyceae_XX,Dinophyceae_XXX,Dinophyceae_XXX_sp.
c9d60420d7a12326d5c719f80430d8a2,Eukaryota,Cryptista_Kathablepharidacea_Kathablepharida,Kathablepharidea,Kathablepharidida,Kathablepharidida_X,,
e9694b0c34dbcf65261942dc0978287e,Eukaryota,TSAR_Stramenopiles_Gyrista,Gyrista_X,Gyrista_XX,MAST-1,MAST-1C,MAST-1C_sp.
f7d66c3107208d6ba1550479ce578ea6,Eukaryota,TSAR_Rhizaria_Cercozoa,Filosa-Thecofilosea,Cryomonadida,Protaspa-lineage,Protaspa-lineage_X,Protaspa-lineage_X_sp.
372396574ebf339eddc7597bceae70c4,Eukaryota,TSAR_Alveolata_Dinoflagellata,Dinophyceae,,,,
6a2e666a45f1e517f18dd7181e9094ee,Eukaryota,TSAR_Rhizaria_Radiolaria,Acantharea,Acantharea_4,Acantharea_4a,Acantharea_4a_X,Acantharea_4a_X_sp.
72212c64a322d480123dc597b99cdf20,Eukaryota,TSAR_Alveolata_Dinoflagellata,Dinophyceae,Dinophyceae_X,Dinophyceae_XX,Dinophyceae_XXX,Dinophyceae_XXX_sp.
96d250e8aa04e39c36e317c13e9b928d,Eukaryota,TSAR_Alveolata_Dinoflagellata,Syndiniales,Dino-Group-I,Dino-Group-I-Clade-1,Dino-Group-I-Clade-1_X,Dino-Group-I-Clade-1_X_sp.
ba6d8b2f3c0d5741600d1421392d29d7,Eukaryota,TSAR_Alveolata_Dinoflagellata,Dinophyceae,Peridiniales,Blastodiniaceae,Blastodinium,Blastodinium_mangini
c75a4014e0edcc5de9b17c8cc98361ff,Eukaryota,TSAR_Alveolata_Ciliophora,Oligohymenophorea,OLIGO5,OLIGO5_X,OLIGO5_XX,OLIGO5_XX_sp.
007dd4df515d967f68e9e7504b4407f3,Eukaryota,TSAR_Alveolata_Dinoflagellata,Syndiniales,Dino-Group-II,Dino-Group-II-Clade-7,Dino-Group-II-Clade-7_X,Dino-Group-II-Clade-7_X_sp.
015e143ef7d329b84906ff510b5d8ee5,Eukaryota,TSAR_Alveolata_Ciliophora,Heterotrichea,Heterotrichea_X,Peritromidae,Peritromus,Peritromus_sp.
09b602099bae5549348ad6c3f1ce66e7,Eukaryota,TSAR_Alveolata_Dinoflagellata,Syndiniales,Dino-Group-III,Dino-Group-III_X,Dino-Group-III_XX,Dino-Group-III_XX_sp.
0e8444a9befabe4eb14dbef463dc1056,Eukaryota,TSAR_Alveolata_Ciliophora,Spirotrichea,Choreotrichida,Strobilidiidae,Rimostrombidium,Rimostrombidium_sp.
4a89e9dae2e0482411c04bcce79af6d4,Eukaryota,TSAR_Alveolata_Dinoflagellata,Syndiniales,Dino-Group-II,Dino-Group-II-Clade-10-and-11,Dino-Group-II-Clade-10-and-11_X,Dino-Group-II-Clade-10-and-11_X_sp.
544bb8419fad1897a5bdb8964e563fa9,Eukaryota,Haptista_Haptophyta_Haptophyta_X,Prymnesiophyceae,Prymnesiales,Chrysochromulinaceae,Chrysochromulina,Chrysochromulina_scutellum
6d76ec71b9d3f4d82fc1681a95ea8576,Eukaryota,TSAR_Alveolata_Dinoflagellata,Dinophyceae,Dinophyceae_X,Dinophyceae_XX,Dinophyceae_XXX,Dinophyceae_XXX_sp.
c088426c5c08b9aeb4ef681a6ab007da,Eukaryota,TSAR_Telonemia_Telonemia_X,Telonemia_XX,Telonemia_XXX,Telonemia-Group-1,Telonema-Group-1,Telonema_subtile
f1c49d202ccd931dc4ade67fd50d5134,Eukaryota,TSAR_Alveolata_Dinoflagellata,Dinophyceae,Dinophyceae_X,Dinophyceae_XX,Dinophyceae_XXX,Dinophyceae_XXX_sp.
2dfd450f6a4617baf81523a89aed9188,Eukaryota,TSAR_Alveolata_Dinoflagellata,Syndiniales,Dino-Group-II,Dino-Group-II-Clade-1,Dino-Group-II-Clade-1_X,Dino-Group-II-Clade-1_X_sp.
3b8823589656da7d5d36d7aee7068556,Eukaryota,Cryptista_Cryptophyta_Cryptophyta_X,Cryptophyceae,Pyrenomonadales,Pyrenomonadaceae,Rhodomonas,Rhodomonas_sp.
4c28d64fde2bf73f453ba78cbc89d496,Eukaryota,TSAR_Alveolata_Dinoflagellata,Dinophyceae,Dinophyceae_X,Dinophyceae_XX,Dinophyceae_XXX,Dinophyceae_XXX_sp.
4e354c8bd8b2d7ea9c9899db1fe4c48b,Eukaryota,TSAR_Alveolata_Dinoflagellata,Syndiniales,Dino-Group-II,Dino-Group-II_X,Dino-Group-II_XX,Dino-Group-II_XX_sp.
5d1d0a84eaff7d88427d64af620c3893,Eukaryota,TSAR_Stramenopiles_Gyrista,Bacillariophyceae,,,,
64a4b801d9a5265ea5dfcbbb204860a6,Eukaryota,TSAR_Alveolata_Dinoflagellata,Dinophyceae,Dinophyceae_X,Dinophyceae_XX,Dinophyceae_XXX,Dinophyceae_XXX_sp.
6e36a2d92e59805fdb99938b40e98792,Eukaryota,TSAR_Rhizaria_Radiolaria,Polycystinea,Nassellaria,Collosphaeridae,Collosphaera,Collosphaera_tuberosa
8eca3aa9392ef3c384087e3c453b38de,Eukaryota,TSAR_Alveolata_Dinoflagellata,Syndiniales,Dino-Group-II,Dino-Group-II-Clade-12,Dino-Group-II-Clade-12_X,Dino-Group-II-Clade-12_X_sp.
93c798ca1cd906cfee8d461f610e2ad0,Eukaryota,Obazoa_Opisthokonta_Fungi,Ascomycota,Pezizomycotina,Sordariomycetes,Stachybotrys,Stachybotrys_chartarum
cd051f9c8b6329d843c40ac0ee8a9e30,Eukaryota,Archaeplastida_Streptophyta_Streptophyta_X,Embryophyceae,Embryophyceae_X,Embryophyceae_XX,Glycine,Glycine_max
f607cd2958dffc3890592ecff7663efa,Eukaryota,TSAR_Alveolata_Dinoflagellata,Syndiniales,Dino-Group-I,Dino-Group-I-Clade-1,Dino-Group-I-Clade-1_X,Dino-Group-I-Clade-1_X_sp.
f78e67816a51fab302891413fda07002,Eukaryota,TSAR_Alveolata_Dinoflagellata,Dinophyceae,Peridiniales,Thoracosphaeraceae,Scrippsiella,
0e01f168950dac931d2dc854c6ea52ad,Eukaryota,TSAR_Rhizaria_Radiolaria,Acantharea,Acantharea_4,Acantharea_4d,Acantharea_4d_X,Acantharea_4d_X_sp.
1ef2d72e07e4cc456db587f934f6bae4,Eukaryota,TSAR_Alveolata_Dinoflagellata,Dinophyceae,Dinophyceae_X,Dinophyceae_XX,Dinophyceae_XXX,Dinophyceae_XXX_sp.
310d18f2aed622c87906bb738c0197f4,Eukaryota,TSAR_Stramenopiles_Gyrista,Bacillariophyceae,Bacillariales,Bacillariaceae,,
312d0a7b80d733f787948f216c65ed8f,Eukaryota,Haptista_Haptophyta_Haptophyta_X,Prymnesiophyceae,Prymnesiales,Prymnesiaceae,,
38af87c0c48d34764f01ee4b7fabb61f,Eukaryota,Obazoa_Opisthokonta_Fungi,Zoopagomycota,Entomophthoromycotina,Entomophthoromycotina_X,Zoophthora,Zoophthora_radicans
58676c634a5a11201a3fb7498ace1b2a,Eukaryota,TSAR_Alveolata_Dinoflagellata,Dinophyceae,Peridiniales,Thoracosphaeraceae,Apocalathium,
813f593bd9c51d6126b414c41486cc6a,Eukaryota,TSAR_Alveolata_Dinoflagellata,Dinophyceae,Dinophyceae_X,Dinophyceae_XX,Dinophyceae_XXX,Dinophyceae_XXX_sp.
84087ae8003276928194045962abef6b,Eukaryota,Obazoa_Opisthokonta_Fungi,Ascomycota,Pezizomycotina,Dothideomycetes,,
92f18741693bfd067bdf239e964fc0b3,Eukaryota,TSAR_Alveolata_Dinoflagellata,Syndiniales,Dino-Group-II,Dino-Group-II-Clade-9,Dino-Group-II-Clade-9_X,Dino-Group-II-Clade-9_X_sp.
bffb9a813a1b8f60ac599e3e575421e3,Eukaryota,TSAR_Alveolata_Ciliophora,Oligohymenophorea,OLIGO5,OLIGO5_X,OLIGO5_XX,OLIGO5_XX_sp.
394c640d5141aaf9c7c21603d4060f95,Eukaryota,TSAR_Alveolata_Dinoflagellata,,,,,
41714a216132ca7525ba32cdfdbdc042,Eukaryota,TSAR_Alveolata_Dinoflagellata,Dinophyceae,,,,
5be2bf300baef85b9d3ea287993efd9f,Eukaryota,TSAR_Alveolata_Ciliophora,Oligohymenophorea,Scuticociliatia_1,Philasterida,Philasterida_X,Philasterida_X_sp.
67a312a146509c82502ac3a05385a902,Eukaryota,TSAR_Alveolata_Dinoflagellata,Syndiniales,Dino-Group-II,Dino-Group-II-Clade-7,Dino-Group-II-Clade-7_X,Dino-Group-II-Clade-7_X_sp.
83de8f0f7f18e35f40aa11f3501d0d51,Eukaryota,TSAR_Alveolata_Dinoflagellata,Syndiniales,Dino-Group-II,Dino-Group-II-Clade-1,Dino-Group-II-Clade-1_X,Dino-Group-II-Clade-1_X_sp.
8a58e4443fa338e4ce4344b2c297d8bc,Eukaryota,Haptista_Haptophyta_Haptophyta_X,Prymnesiophyceae,Prymnesiales,Prymnesiophyceae_Clade_B5,Prymnesiophyceae_Clade_B5_X,Prymnesiophyceae_Clade_B5_X_sp.
986085fce4557c7f6a138217718a6b34,Eukaryota,TSAR_Stramenopiles_Gyrista,Chrysophyceae,Ochromonadales,Ochromonadales_X,Ochromonadales_XX,Ochromonadales_XX_sp.
9ec60edd82bd46bf57a18bbe95649266,Eukaryota,TSAR_Alveolata_Dinoflagellata,Syndiniales,Dino-Group-II,Dino-Group-II-Clade-6,Dino-Group-II-Clade-6_X,Dino-Group-II-Clade-6_X_sp.
b1bc83a504112cdecd4bd0ccd663900d,Eukaryota,TSAR_Alveolata_Ciliophora,Litostomatea,Haptoria_4,Didiniidae,Didiniidae_X,Didiniidae_X_sp.
e12d09f677b31c2ed68aa46e7805f963,Eukaryota,TSAR_Rhizaria_Radiolaria,Polycystinea,Spumellaria,Hollandosphaeridae,Hollandosphaera,Hollandosphaera_hexagonia
e17e812949ae74d2da08c44a5a82e8f1,Eukaryota,TSAR_Stramenopiles_Gyrista,Chrysophyceae,Paraphysomonadales,Paraphysomonadaceae,Paraphysomonas,
ef7ad5752d3a576e562be25500a18cda,Eukaryota,TSAR_Alveolata_Dinoflagellata,Syndiniales,Dino-Group-II,Dino-Group-II_X,Dino-Group-II-Clade-52_XX,Dino-Group-II-Clade-52_XX_sp.
f78577826ba661495ce6a16c0557d488,Eukaryota,TSAR_Alveolata_Dinoflagellata,Syndiniales,Dino-Group-II,Dino-Group-II-Clade-1,Dino-Group-II-Clade-1_X,Dino-Group-II-Clade-1_X_sp.
2004f4e41e863a278d9dc5071158a401,Eukaryota,TSAR_Alveolata_Dinoflagellata,Dinophyceae,,,,
203df5f08c079b41b102b058cb260a2c,Eukaryota,TSAR_Alveolata_Dinoflagellata,Syndiniales,Dino-Group-II,Dino-Group-II-Clade-9,Dino-Group-II-Clade-9_X,Dino-Group-II-Clade-9_X_sp.
3840079113427d0d6aa3223f077029d7,Eukaryota,Archaeplastida_Chlorophyta_Chlorophyta_X,Chlorophyceae,Chlamydomonadales,Chlamydomonadales_X,Chlorosarcinopsis,Chlorosarcinopsis_eremi
847362781480cb0d73a035e50356e977,Eukaryota,TSAR_Alveolata_Dinoflagellata,Syndiniales,Dino-Group-II,Dino-Group-II-Clade-10-and-11,Dino-Group-II-Clade-10-and-11_X,Dino-Group-II-Clade-10-and-11_X_sp.
e35ccba3685047579067b601e23e2f06,Eukaryota,TSAR_Alveolata_Dinoflagellata,Dinophyceae,Prorocentrales,Prorocentraceae,Prorocentrum,Prorocentrum_sp.
059a2485eace71409d1d5b2864ca6870,Eukaryota,TSAR_Alveolata_Ciliophora,Oligohymenophorea,Apostomatia,Opalinopsidae,Chromidina,Chromidina_sp.
0ad5287598fc4c811fdbbc02372b29b1,Eukaryota,TSAR_Rhizaria_Radiolaria,Polycystinea,Nassellaria,Triospyrididae,Ceratospyris,Ceratospyris_hyperborea
1a075439af320044b8ce27d26f2f64b1,Eukaryota,TSAR_Alveolata_Dinoflagellata,Dinophyceae,Peridiniales,Protoperidiniaceae,Protoperidinium,
254e7274bb57f04c396e202d7567b130,Eukaryota,TSAR_Alveolata_Dinoflagellata,Syndiniales,Dino-Group-I,Dino-Group-I-Clade-6,Dino-Group-I-Clade-6_X,Dino-Group-I-Clade-6_X_sp.
2a2b3cd4376904baff180db8775edd28,Eukaryota,TSAR_Alveolata_Dinoflagellata,Dinophyceae,Peridiniales,Amphidomataceae,Azadinium,Azadinium_caudatum
325eceadf0b49fda92f7d728d9419d1d,Eukaryota,TSAR_Alveolata_Dinoflagellata,,,,,
4c6591aec95885dcc1548d11e075ab06,Eukaryota,TSAR_Alveolata_Dinoflagellata,Syndiniales,Dino-Group-II,Dino-Group-II-Clade-32,Dino-Group-II-Clade-32_X,Dino-Group-II-Clade-32_X_sp.
72d46ae8036a25e9b08f2ba5efa2e8db,Eukaryota,Excavata_Discoba_Euglenozoa,Diplonemea,Diplonemida,Eupelagonemidae,Eupelagonemidae_X,Eupelagonemidae_X_sp.
86f24c84818aeead62bfdb51fabc53b4,Eukaryota,TSAR_Stramenopiles_Bigyra,Sagenista,Labyrinthulomycetes,Labyrinthulomycetes_LAB1/6/8,Labyrinthulomycetes_LAB6,Labyrinthulomycetes_LAB6_sp.
9c30678d4b3025a809a1ef61250dc51f,Eukaryota,Cryptista_Cryptophyta_Cryptophyta_X,Cryptophyceae,Cryptomonadales,Hemiselmidaceae,Hemiselmis,
9db80f50037d38cc5225641c761f8069,Eukaryota,TSAR_Rhizaria_Radiolaria,Polycystinea,Nassellaria,Lychnocaniidae,Pterocanium,Pterocanium_campanella
9fcd53feeccf9aebb7f2f9b3409cdc0b,Eukaryota,TSAR_Alveolata_Dinoflagellata,Syndiniales,Dino-Group-II,Dino-Group-II-Clade-1,Dino-Group-II-Clade-1_X,Dino-Group-II-Clade-1_X_sp.
d10abebeab4076bbb4911ec6fa88a34f,Eukaryota,TSAR_Alveolata_Dinoflagellata,Syndiniales,Dino-Group-III,Dino-Group-III_X,Dino-Group-III_XX,Dino-Group-III_XX_sp.
f42c3f44f9068f92e926d7188f732918,Eukaryota,TSAR_Alveolata_Dinoflagellata,Dinophyceae,Dinophyceae_X,Dinophyceae_XX,Dinophyceae_XXX,Dinophyceae_XXX_sp.
ffbe1e1834207a5a853119e8ded73894,Eukaryota,TSAR_Alveolata_Dinoflagellata,,,,,
170d587a1fc9b5b4a2dc603a1f7721f6,Eukaryota,TSAR_Rhizaria_Foraminifera,Globothalamea,Rotaliida,Globigerinidae,Orbulina,Orbulina_universa
24cf39a4228d2b9a17b52b1b2380cac1,Eukaryota,TSAR_Alveolata_Dinoflagellata,Syndiniales,Dino-Group-II,Dino-Group-II-Clade-6,Dino-Group-II-Clade-6_X,Dino-Group-II-Clade-6_X_sp.
33f4c26ea6dde3f90dabf368110e3b4f,Eukaryota,TSAR_Alveolata_Ciliophora,Spirotrichea,Oligotrichida,Tontoniidae,Spirotontonia,Spirotontonia_sp.
5211c462cdf45c39b0f75aa237dd2955,Eukaryota,TSAR_Alveolata_Dinoflagellata,Syndiniales,Dino-Group-II,Dino-Group-II-Clade-3,Dino-Group-II-Clade-3_X,Dino-Group-II-Clade-3_X_sp.
77cc549e679dfb0a1dd2aad6b050c6b3,Eukaryota,Archaeplastida_Chlorophyta_Chlorophyta_X,Trebouxiophyceae,Chlorellales,Chlorellales_X,,
7db801cffc32237d5f8c40db54ccc6f5,Eukaryota,TSAR_Stramenopiles_Bigyra,Opalozoa,Nanomonadea,MAST-3,MAST-3J,MAST-3J_sp.
85cb7e8e318e35aaf6437ca0b29fc06c,Eukaryota,TSAR_Alveolata_Dinoflagellata,Syndiniales,Dino-Group-II,Dino-Group-II-Clade-1,Dino-Group-II-Clade-1_X,Dino-Group-II-Clade-1_X_sp.
b140001fd8a80e498e9679ef77017a57,Eukaryota,TSAR_Stramenopiles_Bigyra,Sagenista,Labyrinthulomycetes,Diplophrydaceae,Diplophrys,Diplophrys_sp.
d82ff963cf2b375b3dd199e56fc90333,Eukaryota,TSAR_Stramenopiles_Gyrista,Mediophyceae,Lithodesmiales,Lithodesmiaceae,,
d93064bbc3ea0cbe99392024969dc497,Eukaryota,TSAR_Alveolata_Dinoflagellata,Dinophyceae,,,,
f3119e608f46eabea51a0bc2488ab5b7,Eukaryota,TSAR_Alveolata_Ciliophora,Spirotrichea,Oligotrichida,Strombidiidae,Strombidiidae_X,Strombidiidae_X_sp.
f9e171e61bbfd4bb1303b5a47aa83af0,Eukaryota,Archaeplastida_Streptophyta_Streptophyta_X,Embryophyceae,Embryophyceae_X,Embryophyceae_XX,Sorghum,Sorghum_bicolor
fdc3b086531b2c3f21cd30116ae8369d,Eukaryota,Obazoa_Opisthokonta_Fungi,Basidiomycota,Wallemiomycetes,Wallemiales,Wallemia,Wallemia_ichthyophaga
3b4d23fda09721dccce740366027457c,Eukaryota,TSAR_Alveolata_Ciliophora,Ciliophora_X,Ciliophora_XX,Protocruziidae,Protocruzia,Protocruzia_sp.
62da574ce2a8ba3bbae65f40f55f532f,Eukaryota,TSAR_Alveolata_Dinoflagellata,Syndiniales,Dino-Group-II,Dino-Group-II-Clade-2,Dino-Group-II-Clade-2_X,Dino-Group-II-Clade-2_X_sp.
766327d48891adb09a24f4375b1d5bb4,Eukaryota,TSAR_Alveolata_Dinoflagellata,Syndiniales,Dino-Group-II,Dino-Group-II-Clade-4,Dino-Group-II-Clade-4_X,Dino-Group-II-Clade-4_X_sp.
770d4e79b19b17b501cce409cf5ef96a,Eukaryota,TSAR_Stramenopiles_Gyrista,Bacillariophyceae,Fragilariales,Fragilariaceae,,
87e42af1216ccfe45c5ada92028bd52b,Eukaryota,Obazoa_Opisthokonta_Fungi,Ascomycota,Pezizomycotina,Dothideomycetes,,
8f3e7667343152b4083a193903372534,Eukaryota,TSAR_Alveolata_Dinoflagellata,Dinophyceae,Gymnodiniales,Gymnodiniaceae,Amphidinium,Amphidinium_operculatum
99a4a0137cb732ad95c3517ba63e15bd,Eukaryota,TSAR_Alveolata_Dinoflagellata,Dinophyceae,Peridiniales,,,
dd56189cae1d187d938a884de34ca229,Eukaryota,TSAR_Alveolata_Dinoflagellata,Syndiniales,Dino-Group-II,,,
ddf745b1da775665cf67acd9b8aa1d5e,Eukaryota,TSAR_Stramenopiles_Gyrista,Peronosporomycetes,Peronosporomycetes_X,Peronosporales,Phytophthora,
e4189511f8c288416f1eaabc590e964f,Eukaryota,Archaeplastida_Streptophyta_Streptophyta_X,Embryophyceae,Embryophyceae_X,Embryophyceae_XX,,
13a9b0865c33383408d329df9a07a570,Eukaryota,TSAR_Rhizaria_Cercozoa,Chlorarachniophyceae,Chlorarachniophyceae_X,NPK2-lineage,NPK2-lineage_X,NPK2-lineage_X_sp.
2adef45ba14effd70ca05b6753a598c1,Eukaryota,TSAR_Rhizaria_Cercozoa,Filosa-Thecofilosea,Cryomonadida,Protaspa-lineage,Protaspa-lineage_X,Protaspa-lineage_X_sp.
5087305a1d24aa113f82741233028fda,Eukaryota,TSAR_Alveolata_Dinoflagellata,Syndiniales,Dino-Group-II,Dino-Group-II-Clade-21,Dino-Group-II-Clade-21_X,Dino-Group-II-Clade-21_X_sp.
759f2536b46d29c1538e65ce363bbc22,Eukaryota,TSAR_Alveolata_Dinoflagellata,Syndiniales,Dino-Group-I,Dino-Group-I-Clade-2,Dino-Group-I-Clade-2_X,Dino-Group-I-Clade-2_X_sp.
797fb661b67ab1f9d17046c0d2ad1945,Eukaryota,TSAR_Alveolata_Dinoflagellata,Syndiniales,Dino-Group-II,,,
8cf8c666aafb218485996a12120eb83f,Eukaryota,TSAR_Alveolata_Dinoflagellata,Syndiniales,Dino-Group-II,Dino-Group-II-Clade-1,Dino-Group-II-Clade-1_X,Dino-Group-II-Clade-1_X_sp.
b573b0f3768c2ab55585cccca395870c,Eukaryota,Archaeplastida_Chlorophyta_Chlorophyta_X,Prasino-Clade-9,Prasino-Clade-9_X,Prasino-Clade-9_XX,Prasino-Clade-9_XXX,Prasino-Clade-9_XXX_sp.
d5aa8af513e8a6633e1b848d2b3e3373,Eukaryota,TSAR_Stramenopiles_Bigyra,Opalozoa,Nanomonadea,MAST-3,MAST-3F,MAST-3F_sp.
e3766189e2b8d087d1d008ded72daca1,Eukaryota,TSAR_Alveolata_Dinoflagellata,Dinophyceae,Gymnodiniales,Gymnodiniaceae,Gymnodinium,Gymnodinium_sp.
2e6e7f8ebc8ae3ab8ec7207de9d20f9c,Eukaryota,TSAR_Alveolata_Dinoflagellata,,,,,
32369764e6fd79b511400150bf706a3a,Eukaryota,Obazoa_Opisthokonta_Choanoflagellata,Choanoflagellatea,Choanoflagellatea_X,Choanoflagellatea_XX,Salpingoeca,Salpingoeca_aroma
3e33a6c6b590589955cfe733515bbf8b,Eukaryota,TSAR_Alveolata_Dinoflagellata,Dinophyceae,,,,
579763204bec2f315c600e36fe13b8d8,Eukaryota,Haptista_Haptophyta_Haptophyta_X,Prymnesiophyceae,Prymnesiales,Chrysochromulinaceae,Chrysochromulina,Chrysochromulina_sp.
5a65223b81f1b156de3723fb8505e27b,Eukaryota,TSAR_Rhizaria_Radiolaria,Polycystinea,Nassellaria,Lophophaenidae,Peromelissa,Peromelissa_tricuspidata
5c5d868dbaea1f0d446a1ecd1d3b31d7,Eukaryota,TSAR_Stramenopiles_Gyrista,Mediophyceae,Hemiaulales,Hemiaulaceae,Hemiaulus,
9f6fdeb1b09518ce7e8edcd12a90d949,Eukaryota,TSAR_Alveolata_Dinoflagellata,Dinophyceae,Gonyaulacales,Protoceratiaceae,Ceratocorys,
a04eb2af0e439261d1c7ebca97c540ee,Eukaryota,TSAR_Alveolata_Dinoflagellata,Syndiniales,Dino-Group-I,Dino-Group-I-Clade-1,Dino-Group-I-Clade-1_X,Dino-Group-I-Clade-1_X_sp.
c74c2ad02b0ad10432036579296db843,Eukaryota,Cryptista_Cryptophyta_Cryptophyta_X,Cryptophyceae,Cryptomonadales,Hemiselmidaceae,Hemiselmis,Hemiselmis_aquamarina
e561bdd491013f49d5b9694b4dbbdfd0,Eukaryota,TSAR_Alveolata_Ciliophora,CONThreeP,CONThreeP_X,CONThreeP_XX,CONThreeP_XXX,CONThreeP_XXX_sp.
e79ef274cfe9e7fd44681960adf4acf4,Eukaryota,TSAR_Stramenopiles_Bigyra,Opalozoa,Nanomonadea,MAST-3,MAST-3I,MAST-3I_sp.
f6b09c1f13cbaa1e4f867dfc8671a2c7,Eukaryota,TSAR_Alveolata_Ciliophora,Spirotrichea,Oligotrichida,Strombidiidae,Strombidiidae_X,Strombidiidae_X_sp.
260e0692b3e240c2231469d4014221f5,Eukaryota,Excavata_Discoba_Euglenozoa,Diplonemea,Diplonemida,Eupelagonemidae,Eupelagonemidae_X,Eupelagonemidae_X_sp.
3b1f702e64e9859e193a3a6d05c705d6,Eukaryota,Excavata_Discoba_Euglenozoa,Diplonemea,Diplonemida,Diplonemidae,Lacrimia,Lacrimia_lanifica
4148ed51426a0760d019a52482c7b553,Eukaryota,TSAR_Rhizaria_Radiolaria,Acantharea,Acantharea_F,Acantharea_F3,,
518ba790307fff9d46e2202bac2aca1d,Eukaryota,TSAR_Alveolata_Dinoflagellata,Dinophyceae,Dinophyceae_X,Dinophyceae_XX,Dinophyceae_XXX,Dinophyceae_XXX_sp.
7ef6fc4e79155b9f7ed58c13bac23dac,Eukaryota,TSAR_Rhizaria_Radiolaria,Polycystinea,Spumellaria,Spumellaria_3,Spumellaria_3_X,Spumellaria_3_X_sp.
7eff25138bd959b280eb5c7fc2282a01,Eukaryota,TSAR_Alveolata_Dinoflagellata,Dinophyceae,Dinophyceae_X,Dinophyceae_XX,Dinophyceae_XXX,Dinophyceae_XXX_sp.
891b681e4aa400a9dbda35757830f5c9,Eukaryota,TSAR_Alveolata_Ciliophora,Oligohymenophorea,OLIGO5,OLIGO5_X,OLIGO5_XX,OLIGO5_XX_sp.
8f457e974faea796d200bb760e1ac651,Eukaryota,TSAR_Alveolata_Ciliophora,Spirotrichea,Oligotrichida,Strombidiidae,Strombidiidae_X,Strombidiidae_X_sp.
1b773dc79b84828e50c556135a918e2f,Eukaryota,TSAR_Alveolata_Dinoflagellata,Dinophyceae,Peridiniales,Protoperidiniaceae,Protoperidinium,Protoperidinium_sp.
2a7d698a67c3e05b5860f4455c52d08e,Eukaryota,TSAR_Stramenopiles_Gyrista,Peronosporomycetes,Peronosporomycetes_X,Peronosporales,Phytophthora,
5387c99f73f736b39d510e339bd62f04,Eukaryota,TSAR_Alveolata_Dinoflagellata,Dinophyceae,Dinophyceae_X,Dinophyceae_XX,Dinophyceae_XXX,Dinophyceae_XXX_sp.
69ed064638f2c2d13c0b068682c1de0c,Eukaryota,TSAR_Alveolata_Dinoflagellata,Syndiniales,Dino-Group-I,Dino-Group-I-Clade-2,Dino-Group-I-Clade-2_X,Dino-Group-I-Clade-2_X_sp.
827ced247e849b123d56d3ecbdc17b1e,Eukaryota,TSAR_Alveolata_Ciliophora,CONThreeP,CONThreeP_X,Discotrichidae,NASSO_1,NASSO_1_sp.
9e0c29af85cb6bbbfd47b8572698e026,Eukaryota,TSAR_Stramenopiles_Gyrista,Pelagophyceae,Sarcinochrysidales,Chrysocystaceae,,
a97ed113d950cdcffe8abd9cbbe59d32,Eukaryota,TSAR_Stramenopiles_Bigyra,Opalozoa,Opalozoa_X,MAST-12,MAST-12D,MAST-12D_sp.
ac85883a194ba3092ae53ecb360589a1,Eukaryota,TSAR_Alveolata_Dinoflagellata,Syndiniales,Dino-Group-II,Dino-Group-II-Clade-39,Dino-Group-II-Clade-39_X,Dino-Group-II-Clade-39_X_sp.
c1132e2ae7dc35e23db5fe8714d0088a,Eukaryota,TSAR_Alveolata_Dinoflagellata,Dinophyceae,Dinophyceae_X,Dinophyceae_XX,Dinophyceae_XXX,Dinophyceae_XXX_sp.
e8f988d674eaeace71cbcae0a1fbbb4b,Eukaryota,TSAR_Rhizaria_Cercozoa,Filosa-Thecofilosea,Cryomonadida,Rhogostoma-lineage,Rhogostoma-lineage_X,Rhogostoma-lineage_X_sp.
faa92e07cec337c38aba360cf6b55485,Eukaryota,TSAR_Rhizaria_Foraminifera,Globothalamea,Rotaliida,Globigerinoidea,Tenuitellita,Tenuitellita_fleisheri
070da6e983dc7a948fe34819313d7a56,Eukaryota,TSAR_Alveolata_Dinoflagellata,Dinophyceae,Dinophyceae_X,Dinophyceae_XX,Dinophyceae_XXX,Dinophyceae_XXX_sp.
0f04de6a9a515c6ed1ec30525ba2e8a6,Eukaryota,TSAR_Alveolata_Dinoflagellata,Syndiniales,Dino-Group-II,Dino-Group-II-Clade-1,Dino-Group-II-Clade-1_X,Dino-Group-II-Clade-1_X_sp.
1b3dfd9fccff9162f711670ed19ae172,Eukaryota,TSAR_Stramenopiles_Gyrista,Chrysophyceae,Chrysophyceae_Clade-EC2H,Chrysophyceae_Clade-EC2H_X,Chrysophyceae_Clade-EC2H_XX,Chrysophyceae_Clade-EC2H_XX_sp.
52bb633d4db46c8e170f15c1362f98c6,Eukaryota,TSAR_Alveolata_Dinoflagellata,Syndiniales,Dino-Group-II,Dino-Group-II-Clade-1,Dino-Group-II-Clade-1_X,Dino-Group-II-Clade-1_X_sp.
5b6ef3b7f3866326a91b93756b69df1b,Eukaryota,TSAR_Alveolata_Dinoflagellata,Dinophyceae,Prorocentrales,Prorocentraceae,Prorocentrum,
6e5ffa1e811ea765895c9d9d866cad53,Eukaryota,Archaeplastida_Streptophyta_Streptophyta_X,Embryophyceae,Embryophyceae_X,Embryophyceae_XX,,
aa8d747dfe3f4a2ae23e7c497cc30e6d,Eukaryota,TSAR_Alveolata_Dinoflagellata,Syndiniales,Dino-Group-II,Dino-Group-II-Clade-4,Amoebophrya,Amoebophrya_ceratii
b98c8dd1155838fdd7b17c25441cca63,Eukaryota,TSAR_Alveolata_Dinoflagellata,Syndiniales,Dino-Group-II,Dino-Group-II-Clade-3,Dino-Group-II-Clade-3_X,Dino-Group-II-Clade-3_X_sp.
f5ffa44e337b5dfbde23b30ca7e53c40,Eukaryota,TSAR_Stramenopiles_Gyrista,Eustigmatophyceae,Eustigmatophyceae_X,Eustigmatophyceae_XX,Eustigmatophyceae_XXX,Eustigmatophyceae_XXX_sp.
1146ed087f89b1c316f6939e1694a994,Eukaryota,TSAR_Alveolata_Dinoflagellata,Syndiniales,Dino-Group-II,,,
3300c5ef6f032a80211eb792171721ec,Eukaryota,TSAR_Rhizaria_Cercozoa,Filosa-Thecofilosea,Cryomonadida,Rhogostoma-lineage,Rhogostoma-lineage_X,Rhogostoma-lineage_X_sp.
4e730afdc7a8c1ab0f575863ba34f516,Eukaryota,TSAR_Alveolata_Dinoflagellata,Dinophyceae,,,,
531b6640c5482bdc390541c317dc37c7,Eukaryota,TSAR_Alveolata_Ciliophora,Oligohymenophorea,Apostomatia,Apostomatia_X,Apostomatia_XX,Apostomatia_XX_sp.
5583d11022de21a67904c9bbe3be86e9,Eukaryota,TSAR_Alveolata_Dinoflagellata,Dinophyceae,Gonyaulacales,Pyrocystaceae,Triadinium,Triadinium_polyedricum
7f28ea330f807bf412695313e483832c,Eukaryota,TSAR_Rhizaria_Foraminifera,Globothalamea,Rotaliida,Uvigerinidae,Uvigerina,Uvigerina_mediterranea
852b319c677f39275940239f16123e7e,Eukaryota,TSAR_Rhizaria_Cercozoa,Filosa-Granofilosea,Massiterida,Massiteriidae,Massisteria,Massisteria_marina
86e15bae1ba38a5a0ce51b7147ac057b,Eukaryota,TSAR_Alveolata_Ciliophora,Spirotrichea,Oligotrichida,Strombidiidae,Strombidiidae_X,Strombidiidae_X_sp.
a53401d3850a2f66b010615c045b3cf3,Eukaryota,TSAR_Alveolata_Dinoflagellata,Syndiniales,Dino-Group-I,Dino-Group-I-Clade-4,Dino-Group-I-Clade-4_X,Dino-Group-I-Clade-4_X_sp.
b52630e0df7c93924bc7ba3ba09cd073,Eukaryota,TSAR_Alveolata_Dinoflagellata,Dinophyceae,Dinophyceae_X,Dinophyceae_XX,Dinophyceae_XXX,Dinophyceae_XXX_sp.
be8b27f972a8c61088fe1d7f09e56608,Eukaryota,TSAR_Alveolata_Dinoflagellata,Syndiniales,Dino-Group-II,Dino-Group-II-Clade-9,Dino-Group-II-Clade-9_X,Dino-Group-II-Clade-9_X_sp.
d43e4a9234df9af0da5d86c1f4d2bc80,Eukaryota,TSAR_Alveolata_Ciliophora,Spirotrichea,Oligotrichida,Strombidiidae,Strombidiidae_X,Strombidiidae_X_sp.
e0d797d7847e18080465e84f2e0f0d89,Eukaryota,TSAR_Alveolata_Dinoflagellata,Syndiniales,Dino-Group-II,Dino-Group-II-Clade-7,Dino-Group-II-Clade-7_X,Dino-Group-II-Clade-7_X_sp.
e23eedd1bb1a23eb4eb0056b2ad722b7,Eukaryota,TSAR_Stramenopiles_Gyrista,Chrysophyceae,Chrysophyceae_Clade-EC2I,Chrysophyceae_Clade-EC2I_X,Chrysophyceae_Clade-EC2I_XX,Chrysophyceae_Clade-EC2I_XX_sp.
edc51087c5e0205af1ec10a80389ce17,Eukaryota,TSAR_Alveolata_Dinoflagellata,Syndiniales,Dino-Group-II,Dino-Group-II-Clade-7,Dino-Group-II-Clade-7_X,Dino-Group-II-Clade-7_X_sp.
00682aa9622de3c141a2521a49402ead,Eukaryota,TSAR_Alveolata_Dinoflagellata,Dinophyceae,Peridiniales,Amphidomataceae,Azadinium,Azadinium_poporum
2671d6985ce1ee994ea0273a67202d26,Eukaryota,TSAR_Alveolata_Ciliophora,,,,,
3beaefb733c3ececf75d1b398a157fbf,Eukaryota,TSAR_Alveolata_Dinoflagellata,Dinophyceae,Dinophyceae_X,Dinophyceae_XX,Dinophyceae_XXX,Dinophyceae_XXX_sp.
55a4614aa25bbfdf93e0c6bac0f0da1b,Eukaryota,TSAR_Alveolata_Dinoflagellata,Syndiniales,Dino-Group-I,Dino-Group-I-Clade-2,Dino-Group-I-Clade-2_X,Dino-Group-I-Clade-2_X_sp.
74eebe7fde6128e91bc34887654a7a5c,Eukaryota,Obazoa_Opisthokonta_Fungi,Ascomycota,Pezizomycotina,Dothideomycetes,,
8ad8c9d5796fe53f04d1749fbd4bcd83,Eukaryota,TSAR_Telonemia_Telonemia_X,Telonemia_XX,Telonemia_XXX,Telonemia-Group-1,Telonema-Group-1,Telonema_sp.
aabee7b33d98ceed81cc747c5837f875,Eukaryota,TSAR_Alveolata_Dinoflagellata,Dinophyceae,Dinophyceae_X,Dinophyceae_XX,Dinophyceae_XXX,Dinophyceae_XXX_sp.
adabd231f4a8a227bd69d183bd4c7fbd,Eukaryota,TSAR_Alveolata_Ciliophora,Spirotrichea,Oligotrichida,Strombidiidae,Strombidiidae_X,Strombidiidae_X_sp.
d89b6810b53b917b1cad390dc87f1a7b,Eukaryota,TSAR_Alveolata_Dinoflagellata,Syndiniales,Dino-Group-II,Dino-Group-II-Clade-22,Dino-Group-II-Clade-22_X,Dino-Group-II-Clade-22_X_sp.
e2d04e3ef18757a4dce6e6111f6bb215,Eukaryota,TSAR_Alveolata_Dinoflagellata,Syndiniales,Dino-Group-II,Dino-Group-II-Clade-1,Dino-Group-II-Clade-1_X,Dino-Group-II-Clade-1_X_sp.
53bc6a92c8b98ed28bbd5f2db111206f,Eukaryota,Amoebozoa_Evosea_Eumycetozoa,Myxogastria_Fuscisporidia,Physarida,Didymiidae,Protophysarum,Protophysarum_sp.
595af8220fa733886bd54973d56383ba,Eukaryota,Obazoa_Opisthokonta_Fungi,Basidiomycota,Agaricomycotina,Agaricomycetes,,
6a91e3fde3672024ddf6932146e083a9,Eukaryota,TSAR_Alveolata_Dinoflagellata,Syndiniales,Dino-Group-II,Dino-Group-II_X,Dino-Group-II_XX,Dino-Group-II_XX_sp.
792d2186d29139d3f0ea0e8c9e60f142,Eukaryota,Obazoa_Opisthokonta_Fungi,Ascomycota,Pezizomycotina,Eurotiomycetes,Ascosphaera,
7d9837f8e192633218ccfffd0c1f9abf,Eukaryota,Obazoa_Opisthokonta_Fungi,Ascomycota,Pezizomycotina,Dothideomycetes,,
887f892a965e7197b9a774d7c9e7ec8c,Eukaryota,TSAR_Alveolata_Ciliophora,Spirotrichea,Choreotrichida-Tintinnina,Favellidae,Favella,
c02a9ee59f4993163d45bb3b4775b65d,Eukaryota,TSAR_Alveolata_Dinoflagellata,Dinophyceae,Prorocentrales,Prorocentraceae,Prorocentrum,
d68e9f9d6b36c1440a94cb88d94cc949,Eukaryota,__,,,,,
de9d1409b0de5d3e2234506be10729c3,Eukaryota,TSAR_Alveolata_Dinoflagellata,Dinophyceae,Dinophyceae_X,Dinophyceae_XX,Dinophyceae_XXX,Dinophyceae_XXX_sp.
e64ec17740097964be175c6f4fd2364e,Eukaryota,TSAR_Stramenopiles_Gyrista,Xanthophyceae,Xanthophyceae_X,Xanthophyceae_XX,Tribonema,Tribonema_marinum
e68bb11afbbf3f2c42b254e56d94eab4,Eukaryota,TSAR_Alveolata_Dinoflagellata,Dinophyceae,Dinophyceae_X,Dinophyceae_XX,Dinophyceae_XXX,Dinophyceae_XXX_sp.
faf8223e4f2d3569912fb3fa2e2e85df,Eukaryota,TSAR_Alveolata_Dinoflagellata,Dinophyceae,,,,
0cbe4e1ec097383ac22d7d7086e9f325,Eukaryota,TSAR_Rhizaria_Radiolaria,Acantharea,Acantharea_4,Acantharea_4a,Acantharea_4a_X,Acantharea_4a_X_sp.
12071bc79a2233d265533b01cdf16d48,Eukaryota,TSAR_Alveolata_Dinoflagellata,Dinophyceae,Dinophyceae_X,Dinophyceae_XX,Dinophyceae_XXX,Dinophyceae_XXX_sp.
1690f78a0a9139d6f294e3589c3c6894,Eukaryota,TSAR_Alveolata_Dinoflagellata,Syndiniales,Dino-Group-II,Dino-Group-II_X,Dino-Group-II_XX,Dino-Group-II_XX_sp.
3723851ca5711c79a32fc1fb554bdfed,Eukaryota,TSAR_Alveolata_Dinoflagellata,Dinophyceae,Dinophyceae_X,Dinophyceae_XX,Dinophyceae_XXX,Dinophyceae_XXX_sp.
454af35959b942fc40a20f7e5b262eb0,Eukaryota,TSAR_Alveolata_Dinoflagellata,Eleftherids,Eleftherids_X,Eleftherids_XX,Eleftheros,
51f03ca246eab5165dca4c9cd76e3bf8,Eukaryota,Archaeplastida_Rhodophyta_Eurhodophytina,Florideophyceae,Ceramiales,Rhodomelaceae,,
56ace5eec65c5bb880f5eaf5d7b31ef8,Eukaryota,TSAR_Stramenopiles_Gyrista,Bacillariophyceae,,,,
5bc5e310082b189b83ba2fd14e9b2f97,Eukaryota,TSAR_Alveolata_Dinoflagellata,Syndiniales,Dino-Group-I,Dino-Group-I-Clade-5,Dino-Group-I-Clade-5_X,Dino-Group-I-Clade-5_X_sp.
6124d703a081439a3a634f3f0e7d765d,Eukaryota,TSAR_Alveolata_Dinoflagellata,Syndiniales,Dino-Group-II,Dino-Group-II-Clade-7,Dino-Group-II-Clade-7_X,Dino-Group-II-Clade-7_X_sp.
874a5c2b1506750c07238a65008a08b9,Eukaryota,TSAR_Alveolata_Ciliophora,Oligohymenophorea,OLIGO5,OLIGO5_X,OLIGO5_XX,OLIGO5_XX_sp.
a84246c167eaf82e71710134d398951f,Eukaryota,TSAR_Alveolata_Dinoflagellata,Syndiniales,Dino-Group-II,Dino-Group-II-Clade-1,Dino-Group-II-Clade-1_X,Dino-Group-II-Clade-1_X_sp.
b3fad0faf33ebcb629b421ea63362724,Eukaryota,TSAR_Stramenopiles_Bigyra,Opalozoa,Nanomonadea,MAST-3,MAST-3I,MAST-3I_sp.
bb37eaee23e68f127f9e9370ac4af00e,Eukaryota,Obazoa_Opisthokonta_Fungi,Basidiomycota,Agaricomycotina,Agaricomycetes,,
dd75c9e827f8adb05ebdaeb7e9f1fcde,Eukaryota,TSAR_Alveolata_Dinoflagellata,Syndiniales,Dino-Group-II,Dino-Group-II_X,Dino-Group-II_XX,Dino-Group-II_XX_sp.
e61bdbbdabe80fd9ddc381088b80d5d3,Eukaryota,TSAR_Alveolata_Dinoflagellata,Dinophyceae,Dinophyceae_X,Dinophyceae_XX,Dinophyceae_XXX,Dinophyceae_XXX_sp.
fc1c3ed630dd0281ccc100b3459733c8,Eukaryota,Archaeplastida_Chlorophyta_Chlorophyta_X,Pyramimonadophyceae,Pyramimonadales,,,
050d3c178f30d5b66816b6177f15002b,Eukaryota,Archaeplastida_Streptophyta_Streptophyta_X,Embryophyceae,Embryophyceae_X,Embryophyceae_XX,Embryophyceae_XXX,Embryophyceae_XXX_sp.
052f143d29e3d9caa2013958238fa9e0,Eukaryota,Excavata_Discoba_Euglenozoa,Kinetoplastea,Neobodonida,Neobodonidae,Neobodo,Neobodo_sp.
0c45b5e493e51a077847ed532c6471a8,Eukaryota,TSAR_Alveolata_Dinoflagellata,Dinophyceae,Gonyaulacales,Pyrocystaceae,Alexandrium,Alexandrium_leei
176bd3e33f574e176a4c778a5b8c613f,Eukaryota,TSAR_Stramenopiles_Bigyra,Bicoecea,Anoecales,Cafeteriaceae,Cafeteria,
22405355869e17d6918060dacdc3a930,Eukaryota,TSAR_Rhizaria_Radiolaria,Polycystinea,Spumellaria,Lithelidae,Trilobatum,Trilobatum_aff_acuferum
27dc9103b35888b60b9ae0c0f0311af6,Eukaryota,TSAR_Alveolata_Dinoflagellata,Dinophyceae,Gymnodiniales,,,
2db3933f8bc8be118128a34ea99c639d,Eukaryota,Excavata_Discoba_Euglenozoa,Diplonemea,Diplonemida,Eupelagonemidae,Eupelagonemidae_X,Eupelagonemidae_X_sp.
4d27b55976eeffabbd54bbc084548d3d,Eukaryota,TSAR_Stramenopiles_Gyrista,Bacillariophyceae,Naviculales,Naviculaceae,Navicula,
8fcc66fc2bb27af0ae255a38f51bcb13,Eukaryota,TSAR_Alveolata_Ciliophora,CONThreeP,CONThreeP_X,Discotrichidae,NASSO_1,NASSO_1_sp.
9c066e44e6548365602ed1629662fcb5,Eukaryota,TSAR_Alveolata_Dinoflagellata,Syndiniales,Dino-Group-II,Dino-Group-II-Clade-1,Dino-Group-II-Clade-1_X,Dino-Group-II-Clade-1_X_sp.
a7e62cf1d6de7b6e6c626df86741a539,Eukaryota,TSAR_Stramenopiles_Gyrista,Mediophyceae,Thalassiosirales,Thalassiosiraceae,Thalassiosira,Thalassiosira_hispida
a8e2f78eb6eac3dd6b952ad8f4e50ad7,Eukaryota,TSAR_Stramenopiles_Gyrista,Pelagophyceae,Pelagomonadales,Pelagomonadales_clade_A,Pelagomonadales_clade_A1,Pelagomonadales_clade_A1_sp.
b39b0f8e32f91bf5616fe921763747ef,Eukaryota,TSAR_Rhizaria_Radiolaria,Polycystinea,Spumellaria,Pyloniidae,Pylodiscus,Pylodiscus_spinulosus
1f9ef12285a1e65c20193867940fa3a6,Eukaryota,Provora_Nebulidia_Nebulidia_X,Nebulidea,Nebulidida,Nebulidae,Ancoracysta,Ancoracysta_twista
2bd0a284343122cd6afda163db113b54,Eukaryota,Obazoa_Opisthokonta_Fungi,Basidiomycota,Agaricomycotina,Agaricomycetes,Rhizochaete,
3a9ff8b223c50cc96c2dc429234e262c,Eukaryota,TSAR_Stramenopiles_Bigyra,Opalozoa,Opalozoa_X,MAST-12,MAST-12D,MAST-12D_sp.
5a204362aa570af47bcc79cab5a4fb07,Eukaryota,TSAR_Stramenopiles_Gyrista,Coscinodiscophyceae,Coscinodiscales,Coscinodiscaceae,Coscinodiscus,Coscinodiscus_radiatus
8052538557a27adf6f9d6277adf210f8,Eukaryota,Haptista_Centroplasthelida_Centroplasthelida_X,Centroplasthelida_XX,Centroplasthelida_XXX,Centroplasthelida_XXXX,Centroplasthelida_XXXXX,Centroplasthelida_XXXXX_sp.
c27c72b0b82374aedc098c9a3e7aa6db,Eukaryota,TSAR_Alveolata_Dinoflagellata,Dinophyceae,Dinophyceae_X,Dinophyceae_XX,Dinophyceae_XXX,Dinophyceae_XXX_sp.
fd9d324c906abca6d68db6191ea45c5d,Eukaryota,TSAR_Alveolata_Ciliophora,CONThreeP,CONThreeP_X,CONThreeP_XX,Askenasia,Askenasia_sp.
246e69885be29d4ce7b75638f877eeef,Eukaryota,Archaeplastida_Chlorophyta_Chlorophyta_X,Chloropicophyceae,Chloropicales,Chloropicaceae,Chloropicon,Chloropicon_laureae
283b704a47d15bf77651dd3843e1aa9b,Eukaryota,TSAR_Alveolata_Dinoflagellata,Syndiniales,Dino-Group-II,Dino-Group-II-Clade-1,Dino-Group-II-Clade-1_X,Dino-Group-II-Clade-1_X_sp.
43d124e16cb0b73ab3a2ee33afc13430,Eukaryota,TSAR_Rhizaria_Radiolaria,RAD-B,RAD-B_X,RAD-B_X_Group-III,RAD-B_X_Group-III_X,RAD-B_X_Group-III_X_sp.
52374d26a3406094a72049c40aef48d8,Eukaryota,TSAR_Alveolata_Dinoflagellata,Syndiniales,Dino-Group-II,Dino-Group-II-Clade-6,Dino-Group-II-Clade-6_X,Dino-Group-II-Clade-6_X_sp.
627ed55b327c43935a90e742d46f1999,Eukaryota,TSAR_Rhizaria_Foraminifera,Monothalamids,Monothalamids_X,Monothalamids_XX,,
6f81b85b81f9877a6863667860777f08,Eukaryota,TSAR_Alveolata_Dinoflagellata,Dinophyceae,,,,
7943d5f223cee123605b27e7c6b7cbd3,Eukaryota,Archaeplastida_Chlorophyta_Chlorophyta_X,Chlorophyceae,Sphaeropleales,Sphaeropleales_X,Scenedesmus,Scenedesmus_sp.
7d5e61c82ef380ff7cc0523314ff7ebd,Eukaryota,TSAR_Alveolata_Ciliophora,Oligohymenophorea,Scuticociliatia_1,Philasterida,,
8dfed3f2a6549ac6daa3f541640c460e,Eukaryota,TSAR_Alveolata_Dinoflagellata,Dinophyceae,,,,
9eeba66d707506fed7fad170001106b0,Eukaryota,TSAR_Alveolata_Dinoflagellata,Dinophyceae,Peridiniales,Thoracosphaeraceae,Scrippsiella,
a023e1e4d537048c6c5b77a4912fe971,Eukaryota,Archaeplastida_Chlorophyta_Chlorophyta_X,Nephroselmidophyceae,Nephroselmidales,Nephroselmidales_X,Nephroselmis,Nephroselmis_pyriformis
b67f9a7335e210ade85def360d6fe698,Eukaryota,TSAR_Rhizaria_Radiolaria,Polycystinea,Spumellaria,Lithelidae,Trilobatum,Trilobatum_aff_acuferum
d8d7461dbf6d02e2666e24d30ceec68b,Eukaryota,TSAR_Stramenopiles_Gyrista,Mediophyceae,Hemiaulales,Hemiaulaceae,Eucampia,
f22cdcaf49b156d5de4f9767c229f7c4,Eukaryota,Excavata_Discoba_Euglenozoa,Kinetoplastea,Neobodonida,Neobodonidae,Neobodo,Neobodo_sp.
f7515e17d42781776a18ce37a9893402,Eukaryota,TSAR_Stramenopiles_Gyrista,Mediophyceae,Cymatosirales,Cymatosiraceae,Minutocellus,
0b08a8873d4bf22b87eb2f04322e3f95,Eukaryota,Amoebozoa_Discosea_Discosea_X,Flabellinia,Dactylopodida,Paramoebidae,Paramoeba,
28859e9d9a75d2405bef7585142c49fa,Eukaryota,Obazoa_Opisthokonta_Fungi,Ascomycota,Pezizomycotina,Leotiomycetes,Blumeria,Blumeria_graminis
31e32d1d5b18db47bcb13b6d2bbe472b,Eukaryota,TSAR_Stramenopiles_Gyrista,Dictyochophyceae,Dictyochophyceae_X,Pedinellales,Pedinellales_X,Pedinellales_X_sp.
3946edd6d3c4b019179986e8a99d8011,Eukaryota,TSAR_Rhizaria_Radiolaria,Polycystinea,Spumellaria,Spongopylidae,Spongopyle,Spongopyle_osculosa
41388d3da99278758e466ef152971ea3,Eukaryota,TSAR_Alveolata_Dinoflagellata,Syndiniales,Dino-Group-II,Dino-Group-II-Clade-28,Dino-Group-II-Clade-28_X,Dino-Group-II-Clade-28_X_sp.
4ca6106b629e7dde4b4da835f831fcf0,Eukaryota,TSAR_Stramenopiles_Gyrista,Coscinodiscophyceae,Melosirales,Hyalodiscaceae,Hyalodiscus,Hyalodiscus_scoticus
510331cf2bd6a095a8a1d824b58fd34d,Eukaryota,TSAR_Alveolata_Ciliophora,Spirotrichea,Choreotrichida,Choreotrichida_X,Choreotrichida_XX,Choreotrichida_XX_sp.
589971bcd23875a59c89cc6eaedd9589,Eukaryota,Cryptista_Cryptophyta_Cryptophyta_X,Cryptophyceae,Cryptomonadales,Cryptomonadales_X,Rhinomonas,Rhinomonas_nottbecki
5f119584a50cf062154d8d21b2ee5b0d,Eukaryota,TSAR_Rhizaria_Foraminifera,Monothalamids,Monothalamids_X,Monothalamids_XX,,
60b80be83ef07534dbb9a20994efe693,Eukaryota,TSAR_Stramenopiles_Gyrista,Chrysophyceae,Ochromonadales,Ochromonadaceae,Spumella,Spumella_sp.
6d6accd43f7495486e0d38e6a0d5044b,Eukaryota,Excavata_Discoba_Euglenozoa,Diplonemea,Diplonemida,Eupelagonemidae,Eupelagonemidae_X,Eupelagonemidae_X_sp.
75d4acfed8e92868d884a2ff6f6ae03f,Eukaryota,TSAR_Stramenopiles_Gyrista,Gyrista_X,Gyrista_XX,MAST-1,MAST-1D,MAST-1D_sp.
7d1ee8893edb44bae4dc98a19633574e,Eukaryota,TSAR_Stramenopiles_Gyrista,Bacillariophyceae,Naviculales,Naviculaceae,Navicula,
8fc5b5be89e7a8683761598613a6455d,Eukaryota,TSAR_Stramenopiles_Bigyra,Opalozoa,Opalozoa_X,MAST-12,MAST-12A,MAST-12A_sp.
9ce0859060e411883cf36628e6f1a9c9,Eukaryota,TSAR_Stramenopiles_Bigyra,Sagenista,Labyrinthulomycetes,Labyrinthulomycetes_LAB1/6/8,Labyrinthulomycetes_LAB6,Labyrinthulomycetes_LAB6_sp.
9f5b0c801e2e04e94ed95912fc6358e8,Eukaryota,TSAR_Alveolata_Dinoflagellata,Dinophyceae,Dinophyceae_X,Dinophyceae_XX,Dinophyceae_XXX,Dinophyceae_XXX_sp.
a103e9c378026d78d054ad54e92294b0,Eukaryota,Obazoa_Opisthokonta_Choanoflagellata,Choanoflagellatea,Acanthoecida,Stephanoecidae_Group_I,Stephanoecidae_Group_I_X,Stephanoecidae_Group_I_X_sp.
bb2eb8f186067dc6a537221e679f1384,Eukaryota,Obazoa_Opisthokonta_Fungi,Basidiomycota,Agaricomycotina,Agaricomycetes,Flammulina,Flammulina_velutipes
d3cafdf66f1220c2ebbd3175b088eb9c,Eukaryota,TSAR_Alveolata_,,,,,
ddd41403b8858098127ebd0995d4419f,Eukaryota,TSAR_Alveolata_Dinoflagellata,Syndiniales,Dino-Group-II,Dino-Group-II-Clade-18,Dino-Group-II-Clade-18_X,Dino-Group-II-Clade-18_X_sp.
0dfdf81af76ad8b0ee2cb22688d257d3,Eukaryota,Amoebozoa_Evosea_Eumycetozoa,Myxogastria_Fuscisporidia,Physarida,Physaridae,Physarum,Physarum_cinereum
1d5dc17d1dd680197ead8983f124027e,Eukaryota,Archaeplastida_Streptophyta_Streptophyta_X,Embryophyceae,Embryophyceae_X,Embryophyceae_XX,,
475aa40307869e7c8fd04aa59c5de338,Eukaryota,TSAR_Alveolata_Ciliophora,Spirotrichea,Choreotrichida,Choreotrichida_X,Choreotrichida_XX,Choreotrichida_XX_sp.
649c1c068bb3b7e584ea98b2ee4e851b,Eukaryota,TSAR_Rhizaria_Foraminifera,Globothalamea,Rotaliida,Nonionidae,Cribrostomoides,Cribrostomoides_sp.
6a3c6aa2fd69ca56fe23c7a2b2bddbb6,Eukaryota,TSAR_Stramenopiles_Gyrista,Developea,Developea_X,Developea_XX,Developayella,
a95d860db32a8df82eb749227e3376cd,Eukaryota,TSAR_Alveolata_Ciliophora,Oligohymenophorea,Scuticociliatia_1,Philasterida,,
ac91c3430e9a6f3e7b81d44eea5654c9,Eukaryota,TSAR_Alveolata_Dinoflagellata,Dinophyceae,Dinophyceae_X,Dinophyceae_XX,Dinophyceae_XXX,Dinophyceae_XXX_sp.
c8103edcea56c38e8a7d2a5916822954,Eukaryota,TSAR_Alveolata_Dinoflagellata,Syndiniales,Dino-Group-II,Dino-Group-II-Clade-7,Dino-Group-II-Clade-7_X,Dino-Group-II-Clade-7_X_sp.
ce383476ced58023ed8a6c528e019e1a,Eukaryota,TSAR_Stramenopiles_Bigyra,Opalozoa,Nanomonadea,MAST-3,MAST-3I,MAST-3I_sp.
ce56021e2db9455515bccf8c6b3c6e0b,Eukaryota,TSAR_Alveolata_Dinoflagellata,Syndiniales,Dino-Group-II,Dino-Group-II-Clade-28,Dino-Group-II-Clade-28_X,Dino-Group-II-Clade-28_X_sp.
02d407ee42ba1bb75df5a81b385bfaf7,Eukaryota,TSAR_Alveolata_Dinoflagellata,Dinophyceae,,,,
041c55843afbe50aea50484b662c9bc6,Eukaryota,TSAR_Stramenopiles_Gyrista,MOCH-2,MOCH-2_X,MOCH-2_XX,MOCH-2_XXX,MOCH-2_XXX_sp.
05aa1149e8361ad6fadda4df3143d846,Eukaryota,TSAR_Stramenopiles_Gyrista,Mediophyceae,Chaetocerotales,Chaetocerotaceae,Bacteriastrum,Bacteriastrum_elegans
0b58fd09ab951547d70973aede22360f,Eukaryota,Excavata_Discoba_Euglenozoa,Diplonemea,Diplonemida,Eupelagonemidae,Eupelagonemidae_X,Eupelagonemidae_X_sp.
1e9130849a70af31051ac6b4b3955329,Eukaryota,TSAR_Alveolata_Dinoflagellata,Dinophyceae,Peridiniales,Blastodiniaceae,Blastodinium,
23b9bf5d3e424d767725584953c07a44,Eukaryota,TSAR_Stramenopiles_Gyrista,Bacillariophyceae,Bacillariales,Bacillariaceae,,
29702fcfce5c392d9184f826c74e1ef1,Eukaryota,Obazoa_Opisthokonta_Fungi,Basidiomycota,Wallemiomycetes,Wallemiales,Wallemia,Wallemia_ichthyophaga
7df149400a9e83248ee5658b777681df,Eukaryota,TSAR_Rhizaria_Cercozoa,Filosa-Thecofilosea,Cryomonadida,Cryothecomonas-lineage,Cryothecomonas,Cryothecomonas_aestivalis
97373ab6f41013419048c981689d96c4,Eukaryota,TSAR_Stramenopiles_Bigyra,Opalozoa,Nanomonadea,MAST-3,MAST-3_X,MAST-3_X_sp.
bab658dcdbdde5ba8cfc30f5f8741e92,Eukaryota,TSAR_Alveolata_Dinoflagellata,Dinophyceae,Gymnodiniales,,,
caec1e298597b234b57f779fc4377950,Eukaryota,TSAR_Alveolata_Dinoflagellata,Dinophyceae,Gymnodiniales,Gymnodiniaceae,Gymnodinium,Gymnodinium_sp.
cbfe197f00115f21f72e11493e5ae3f0,Eukaryota,TSAR_Alveolata_Dinoflagellata,Syndiniales,Dino-Group-II,Dino-Group-II-Clade-1,Dino-Group-II-Clade-1_X,Dino-Group-II-Clade-1_X_sp.
e0535b2ce82e8a2376df23a2a6070b5e,Eukaryota,TSAR_Alveolata_Ciliophora,Spirotrichea,Choreotrichida,Choreotrichida_X,Choreotrichida_XX,Choreotrichida_XX_sp.
e2a309a9e88a540413f99784adc12f2e,Eukaryota,TSAR_Alveolata_Dinoflagellata,Syndiniales,Dino-Group-I,Dino-Group-I-Clade-4,Dino-Group-I-Clade-4_X,Dino-Group-I-Clade-4_X_sp.
e8eed298bdc47683159b7ba0b5f402ac,Eukaryota,TSAR_Alveolata_Ciliophora,Colpodea,Colpodea_X,Colpodida,Colpoda,Colpoda_steinii
e9b6a91da1cf664511779bd2f87e3b2b,Eukaryota,TSAR_Stramenopiles_Gyrista,Chrysophyceae,Chrysophyceae_Clade-EC2H,Chrysophyceae_Clade-EC2H_X,Chrysophyceae_Clade-EC2H_XX,Chrysophyceae_Clade-EC2H_XX_sp.
f9b6054159dcff406764c9369b7f39f6,Eukaryota,TSAR_Alveolata_Dinoflagellata,Dinophyceae,Dinophyceae_X,Dinophyceae_XX,Dinophyceae_XXX,Dinophyceae_XXX_sp.
fdf59bca51cd9784ede292e228773709,Eukaryota,TSAR_Rhizaria_Radiolaria,Polycystinea,Spumellaria,Spumellaria_6,Spumellaria_6_X,Spumellaria_6_X_sp.
353790a96c8d94982b0a7565c2da14aa,Eukaryota,TSAR_Alveolata_Dinoflagellata,Syndiniales,Dino-Group-II,Dino-Group-II-Clade-1,Dino-Group-II-Clade-1_X,Dino-Group-II-Clade-1_X_sp.
3ccc6a497f228c81024603d1c4fecc3e,Eukaryota,TSAR_Stramenopiles_Bigyra,Bicoecea,Anoecales,Cafeteriaceae,Cafeteria,Cafeteria_burkhardae
48fdc4e19518a4a9aa6a6481a6985679,Eukaryota,TSAR_Rhizaria_Cercozoa,Phaeodarea,Phaeogymnocellida,Phaeodinidae,Phaeodina,Phaeodina_sp.
4a66a256a5e10d39aeeed55068cb4b64,Eukaryota,TSAR_Alveolata_Dinoflagellata,Syndiniales,Dino-Group-I,Dino-Group-I-Clade-1,Dino-Group-I-Clade-1_X,Dino-Group-I-Clade-1_X_sp.
59e1444744552e740f2af86cc93c2ddb,Eukaryota,Obazoa_Opisthokonta_Fungi,Ascomycota,Pezizomycotina,Eurotiomycetes,Penicillium,
5c980861b1ff7549bd277baf46ce24ee,Eukaryota,Haptista_Haptophyta_Haptophyta_X,Prymnesiophyceae,Prymnesiales,Chrysochromulinaceae,Chrysochromulina,Chrysochromulina_sp.
6657e674da35d7fd573955180fd877ef,Eukaryota,TSAR_Alveolata_Ciliophora,Spirotrichea,Choreotrichida,Leegaardiellidae,Leegaardiella,Leegaardiella_sp.
6848dbe364bbb353750846bbd99a753f,Eukaryota,TSAR_Rhizaria_Foraminifera,Tubothalamea,Miliolida,Moliolidae,Quinqueloculina,Quinqueloculina_sp.
6ec67443d9c596eaa8ab84a2f7302754,Eukaryota,TSAR_Alveolata_Dinoflagellata,Syndiniales,Dino-Group-II,Dino-Group-II-Clade-1,Dino-Group-II-Clade-1_X,Dino-Group-II-Clade-1_X_sp.
78064e337cfb8cb7d9fc1875847a563e,Eukaryota,Cryptista_Kathablepharidacea_Kathablepharida,Kathablepharidea,Kathablepharidida,Kathablepharidida_X,Leucocryptos,Leucocryptos_marina
820e1c61105693df9b0a9441106d795e,Eukaryota,TSAR_Alveolata_Ciliophora,Spirotrichea,Choreotrichida,Choreotrichida_X,Choreotrichida_XX,Choreotrichida_XX_sp.
86ef66c29e176c0697fb449f96818565,Eukaryota,TSAR_Alveolata_Dinoflagellata,Syndiniales,Dino-Group-II,Dino-Group-II-Clade-7,Dino-Group-II-Clade-7_X,Dino-Group-II-Clade-7_X_sp.
94393ea5aaf57488b446acec310e55cb,Eukaryota,Obazoa_Opisthokonta_Fungi,Ascomycota,Pezizomycotina,Dothideomycetes,,
a40dedf3f1bbd990f9dfa1174ef2259b,Eukaryota,Obazoa_Opisthokonta_Fungi,Basidiomycota,Agaricomycotina,Agaricomycetes,,
e043488e5077ea913c848a4db7a40466,Eukaryota,TSAR_Alveolata_Dinoflagellata,Syndiniales,Dino-Group-II,Dino-Group-II-Clade-1,Dino-Group-II-Clade-1_X,Dino-Group-II-Clade-1_X_sp.
058f38dd985860e46e11ba3fa82ee503,Eukaryota,Archaeplastida_Chlorophyta_Chlorophyta_X,Chlorophyceae,Sphaeropleales,Selenastraceae,Monoraphidium,Monoraphidium_dybowskii
145cc2895d1c4992c579063745e66108,Eukaryota,TSAR_Alveolata_Dinoflagellata,Syndiniales,Dino-Group-II,,,
21706e3c1ec4306e683e8dc1cb691638,Eukaryota,TSAR_Alveolata_Ciliophora,Oligohymenophorea,OLIGO5,OLIGO5_X,OLIGO5_XX,OLIGO5_XX_sp.
a0ab926df5bfc2c8e3f2f920c18d7a74,Eukaryota,TSAR_Alveolata_Dinoflagellata,Dinophyceae,Dinophyceae_X,Dinophyceae_XX,Dinophyceae_XXX,Dinophyceae_XXX_sp.
b59efbb199a78aac7ecf72453117f7f2,Eukaryota,TSAR_Alveolata_Ciliophora,Ciliophora_X,Ciliophora_XX,Protocruziidae,Protocruzia,Protocruzia_sp.
c02d9221fddea38994945da8bee3d593,Eukaryota,TSAR_Alveolata_Ciliophora,Spirotrichea,Oligotrichida,Strombidiidae,Strombidiidae_X,Strombidiidae_X_sp.
ea95d4b479fa4202254bf0246de98c55,Eukaryota,TSAR_Alveolata_Dinoflagellata,Syndiniales,Dino-Group-II,Dino-Group-II_X,Dino-Group-II_XX,Dino-Group-II_XX_sp.
12676dd499e6cc22e21c96d813acf9be,Eukaryota,TSAR_Stramenopiles_Gyrista,Chrysophyceae,Chrysophyceae_X,Chrysophyceae_XX,Chrysophyceae_XXX,Chrysophyceae_XXX_sp.
1f606b00ce4f5b5710d67bce7b13ff69,Eukaryota,Amoebozoa_Discosea_Discosea_X,Flabellinia,Dactylopodida,Paramoebidae,Neoparamoeba,Neoparamoeba_branchiphila
26c8a62ab65799cad2efa8a8ee23db1d,Eukaryota,TSAR_Alveolata_Dinoflagellata,Dinophyceae,Dinophysales,Dinophysaceae,Ornithocercus,
4033fdbf5e703f3e1145d992566b84fc,Eukaryota,TSAR_Stramenopiles_Gyrista,Phaeophyceae,Phaeophyceae_X,Phaeophyceae_XX,,
5c069d84162c6a3b5769ed4a1fe9e007,Eukaryota,TSAR_Rhizaria_Radiolaria,Polycystinea,Nassellaria,Lychnocaniidae,Pterocanium,Pterocanium_campanella
a49df89c4496c16a415e7bdddc041473,Eukaryota,Obazoa_Opisthokonta_Ichthyosporea,Ichthyophonida,Pseudoperkinsidae,Pseudoperkinsidae_X,Creolimax,Creolimax_fragrantissima
aa00c8b2ba51353f4549bcaf4cae7bb7,Eukaryota,TSAR_Alveolata_Dinoflagellata,Syndiniales,Dino-Group-II,Dino-Group-II-Clade-10-and-11,Dino-Group-II-Clade-10-and-11_X,Dino-Group-II-Clade-10-and-11_X_sp.
aa63c9f8296e156eac6ee54c9b96369b,Eukaryota,TSAR_Stramenopiles_Bigyra,Bicoecea,,,,
c3dc582e5419ccdb1f60a20634fc4376,Eukaryota,TSAR_Alveolata_Dinoflagellata,Dinophyceae,,,,
d9e6a75f79be86d85a003b58372b3b40,Eukaryota,TSAR_Alveolata_Dinoflagellata,Syndiniales,Dino-Group-II,Dino-Group-II_X,Dino-Group-II_XX,Dino-Group-II_XX_sp.
ec46b2a321788bba6c363d0813a7333e,Eukaryota,TSAR_Alveolata_Ciliophora,Oligohymenophorea,Scuticociliatia_1,Philasterida,Mesanophrys,Mesanophrys_carcini
ff36c21685ba38afe6897ca5a1af3fa4,Eukaryota,Obazoa_Opisthokonta_Fungi,Basidiomycota,Agaricomycotina,Agaricomycetes,,
0744d3b0ef745e4e3d514cd7da2b3450,Eukaryota,Haptista_Haptophyta_Haptophyta_X,Prymnesiophyceae,Prymnesiales,Prymnesiaceae,,
25f26ca56fd2e2450cb74206f392aee4,Eukaryota,TSAR_Alveolata_Dinoflagellata,Dinophyceae,,,,
2f826d32d674f53ee28c796368f3544d,Eukaryota,TSAR_Alveolata_Ciliophora,Spirotrichea,Choreotrichida,Leegaardiellidae,Leegaardiella,Leegaardiella_sp.
34d2418a413964401ae9d083ca966343,Eukaryota,TSAR_Alveolata_Dinoflagellata,Dinophyceae,Peridiniales,Amphidomataceae,Azadinium,
49cb3559d4c3f0451ca665093fb5b645,Eukaryota,Haptista_Haptophyta_Haptophyta_X,Prymnesiophyceae,Prymnesiales,Chrysochromulinaceae,Chrysochromulina,Chrysochromulina_sp.
6658ea4645eb498ff52e8f6b79aa4b25,Eukaryota,TSAR_Alveolata_Dinoflagellata,Syndiniales,Dino-Group-II,Dino-Group-II-Clade-25,Dino-Group-II-Clade-25_X,Dino-Group-II-Clade-25_X_sp.
7d77ce40593771f43130253b83f39845,Eukaryota,TSAR_Alveolata_Ciliophora,Spirotrichea,Choreotrichida,,,
8ad11a25ea4776ba2375b7b2ca28cf17,Eukaryota,TSAR_Rhizaria_Cercozoa,Filosa-Thecofilosea,Cryomonadida,Protaspa-lineage,Protaspa-lineage_X,Protaspa-lineage_X_sp.
9728227fecdcc85bf79df9106a174ada,Eukaryota,TSAR_Alveolata_Dinoflagellata,Syndiniales,Dino-Group-II,,,
9eef0b32bb0bcd4d54d725309f4afc0c,Eukaryota,Obazoa_Opisthokonta_Fungi,Ascomycota,Pezizomycotina,Dothideomycetes,Dothideomycetes_X,Dothideomycetes_X_sp.
b2d124bc4a9cbdee2da592355ebc9116,Eukaryota,TSAR_Alveolata_Dinoflagellata,Dinophyceae,Peridiniales,Protoperidiniaceae,Protoperidinium,Protoperidinium_pellucidum
ba92fdd532271b02e8f77fcb85d77fdb,Eukaryota,TSAR_Alveolata_Ciliophora,CONThreeP,CONThreeP_X,CONThreeP_XX,Askenasia,Askenasia_sp.
cc79a6fceae8a2411a938c808a83a74d,Eukaryota,TSAR_Rhizaria_Radiolaria,RAD-A,RAD-A_X,RAD-A_Xf,RAD-A_Xf_d,RAD-A_Xf_d_sp.
052fec81d1b5e6632e438241e4d103d7,Eukaryota,TSAR_Stramenopiles_Gyrista,Chrysophyceae,Chrysophyceae_X,Chrysophyceae_XX,Chrysophyceae_XXX,Chrysophyceae_XXX_sp.
1e9c1cdb1bf0732d39eae81deeef57c4,Eukaryota,TSAR_Alveolata_Dinoflagellata,Syndiniales,Dino-Group-II,Dino-Group-II-Clade-12,Dino-Group-II-Clade-12_X,Dino-Group-II-Clade-12_X_sp.
8e553fbba6f958e120c0842339c98e80,Eukaryota,Haptista_Haptophyta_Haptophyta_X,Prymnesiophyceae,Prymnesiales,Chrysochromulinaceae,Chrysochromulina,Chrysochromulina_sp.
996fdf18ecc35ba477b5869f5e2713d4,Eukaryota,TSAR_Alveolata_Ciliophora,Heterotrichea,Heterotrichea_X,Peritromidae,Peritromus,Peritromus_sp.
a2e9963a0c1040dcc47ff052632bbeaa,Eukaryota,TSAR_Alveolata_Dinoflagellata,Dinophyceae,Peridiniales,Protoperidiniaceae,Archaeperidinium,
b0517c355d3aac84ad7f8d8ee423e46f,Eukaryota,TSAR_Stramenopiles_Bigyra,Opalozoa,Nanomonadea,MAST-3,MAST-3K,MAST-3K_sp.
f6b2b6cd2501ff4985bfb3c8e01ecd73,Eukaryota,TSAR_Alveolata_Dinoflagellata,Syndiniales,Dino-Group-II,Dino-Group-II-Clade-1,Dino-Group-II-Clade-1_X,Dino-Group-II-Clade-1_X_sp.
ff7369416b77bac040fa677692c2a8db,Eukaryota,TSAR_Stramenopiles_Gyrista,Bacillariophyceae,Thalassiophysales,Catenulaceae,Amphora,
0158dfacd2cabe79811e6dba26fe28ce,Eukaryota,TSAR_Alveolata_Dinoflagellata,Syndiniales,Dino-Group-II,Dino-Group-II-Clade-9,Dino-Group-II-Clade-9_X,Dino-Group-II-Clade-9_X_sp.
10fe14679c6e7c190ef752f0fe45f44a,Eukaryota,TSAR_Rhizaria_Radiolaria,Polycystinea,Nassellaria,Cycladophoridae,Cycladophora,Cycladophora_cornuta
28643108d5f36cd46154359b53bf6875,Eukaryota,TSAR_Alveolata_Ciliophora,Spirotrichea,Choreotrichida,Choreotrichida_X,Choreotrichida_XX,Choreotrichida_XX_sp.
4d94e81102322efd08525759a1bc4cfb,Eukaryota,TSAR_Alveolata_Dinoflagellata,,,,,
4f3a86cd625d1e395bee9f6840a3ebba,Eukaryota,Obazoa_Opisthokonta_Fungi,Ascomycota,Pezizomycotina,Dothideomycetes,Cochliobolus,
5c1ef916a68919ccdac2752e29d02559,Eukaryota,TSAR_Stramenopiles_Gyrista,Mediophyceae,Chaetocerotales,Chaetocerotaceae,Chaetoceros,Chaetoceros_curvisetus-3
7101a8bcd330085812cabc6c68f0a360,Eukaryota,TSAR_Alveolata_Ciliophora,Oligohymenophorea,OLIGO5,OLIGO5_X,OLIGO5_XX,OLIGO5_XX_sp.
7a798c1fdcdb657e3f69bebca8d5c780,Eukaryota,TSAR_Alveolata_Dinoflagellata,Dinophyceae,Peridiniales,Blastodiniaceae,Blastodinium,Blastodinium_spinulosum
82c91f34eb09ce10a98014c56f78709b,Eukaryota,TSAR_Rhizaria_Radiolaria,Acantharea,Acantharea_1,Acantharea_1_X,Acantharea_1_XX,Acantharea_1_XX_sp.
846fff7f851f86c5134ac3db9dbc2081,Eukaryota,TSAR_Alveolata_Ciliophora,Spirotrichea,Choreotrichida-Tintinnina,Ptychocylididae,Cymatocylis,
ab98dc746c3beacc59b4cc1f1a8df18b,Eukaryota,TSAR_Rhizaria_Foraminifera,Monothalamids,Monothalamids_X,Monothalamids_XX,,
b057701e6ded337dc0dbdf2405763d87,Eukaryota,Archaeplastida_Streptophyta_Streptophyta_X,Embryophyceae,Embryophyceae_X,Embryophyceae_XX,,
f3050ad52672f11ab484d008c654b8c3,Eukaryota,Excavata_Discoba_Euglenozoa,Diplonemea,Diplonemida,Hemistasiidae,Hemistasia,Hemistasia_sp.
f8b7f1d0c21d8d764f5772bfd196eb75,Eukaryota,TSAR_Rhizaria_Radiolaria,Acantharea,Acantharea_2,Acantharea_2b,Acantharea_2b_X,Acantharea_2b_X_sp.
2d689e2edbcfa4e99f8dc28a1a386eab,Eukaryota,TSAR_Alveolata_Ciliophora,Heterotrichea,Heterotrichea_X,Peritromidae,Peritromus,Peritromus_sp.
4ddb2df3c8601095c5d01c3bf985d3cf,Eukaryota,TSAR_Alveolata_Dinoflagellata,Dinophyceae,Peridiniales,Blastodiniaceae,Blastodinium,Blastodinium_oviforme
636c0575dc43adc51aa76b5816b80d6e,Eukaryota,Obazoa_Opisthokonta_Fungi,Basidiomycota,Agaricomycotina,Tremellomycetes,,
6b46724ca688c5503c4d68ffc4a2ab45,Eukaryota,TSAR_Rhizaria_Cercozoa,Endomyxa-Ascetosporea,Paradinida,Paradinidae,Paradinium,Paradinium_poucheti
6e7e55f90016126666ce309d9d3c5aa0,Eukaryota,Excavata_Discoba_Euglenozoa,Kinetoplastea,,,,
71a1c4213dfed3310e2c8b3ca28c4427,Eukaryota,TSAR_Alveolata_Dinoflagellata,Dinophyceae,Peridiniales,Peridiniopsidaceae,Parvodinium,Parvodinium_umbonatum
8106b9f6f6fc10aab2366ed0b1b1c8b1,Eukaryota,TSAR_Rhizaria_Foraminifera,Monothalamids,Monothalamids_Clade-BM,Bathysiphonidae,Bathysiphon,Bathysiphon_sp.
a1c2c13f4e0f80f9c490296558cb17ab,Eukaryota,TSAR_Rhizaria_Cercozoa,Filosa-Thecofilosea,Cryomonadida,Protaspa-lineage,,
bba2a343c72d95c4670f3d990436872d,Eukaryota,TSAR_Alveolata_Ciliophora,Ciliophora_X,Ciliophora_XX,Ciliophora_XXX,Cyclotrichium,Cyclotrichium_cyclokaryon
bbed11d8a34195b200b2941f2e4ae1db,Eukaryota,TSAR_Alveolata_Dinoflagellata,Dinophyceae,Dinophyceae_X,Dinophyceae_XX,Dinophyceae_XXX,Dinophyceae_XXX_sp.
decac7187672a0877a3ca361e24394a4,Eukaryota,Cryptista_Cryptophyta_Cryptophyta_X,Cryptophyceae,Goniomonadales,Goniomonadales_X,Goniomonas,Goniomonas_sp.
e1c3db7d948826136a176e98ab53a739,Eukaryota,Obazoa_Opisthokonta_Fungi,Ascomycota,Pezizomycotina,Eurotiomycetes,Exophiala,
e6d807f08e06e718e66a79f30a86d16a,Eukaryota,TSAR_Alveolata_Dinoflagellata,Syndiniales,Dino-Group-II,Dino-Group-II-Clade-3,Dino-Group-II-Clade-3_X,Dino-Group-II-Clade-3_X_sp.
026671f179dbf048fbc4d917bb17c526,Eukaryota,TSAR_Alveolata_Dinoflagellata,Dinophyceae,Dinophyceae_X,Dinophyceae_XX,Dinophyceae_XXX,Dinophyceae_XXX_sp.
126507895b3e5e3d19d8ef93ba0f903a,Eukaryota,TSAR_Alveolata_Ciliophora,Spirotrichea,Oligotrichida,Tontoniidae,Spirotontonia,Spirotontonia_sp.
22068b4503507c7f3545ac6a80e8c283,Eukaryota,Archaeplastida_Chlorophyta_Chlorophyta_X,Chlorophyceae,Sphaeropleales,Sphaeropleales_X,,
28233b2427963e605cc0db3f9b1e4a23,Eukaryota,Archaeplastida_Chlorophyta_Chlorophyta_X,Chlorophyceae,Sphaeropleales,Sphaeropleales_X,Desmodesmus,
3aa31a2b3a79862f47a134727a529773,Eukaryota,TSAR_Stramenopiles_Bigyra,Opalozoa,Nanomonadea,MAST-3,MAST-3I,MAST-3I_sp.
62dbc9f4b18a07dbb0ef5b57eb40cbda,Eukaryota,TSAR_Alveolata_Dinoflagellata,Dinophyceae,,,,
709a00264157014b34f0125675f105a0,Eukaryota,TSAR_Alveolata_Dinoflagellata,Dinophyceae,Gymnodiniales,,,
84ad3b8ee7f39d04c2eb9bc397b5b2c7,Eukaryota,TSAR_Alveolata_Dinoflagellata,Dinophyceae,Peridiniales,Thoracosphaeraceae,Scrippsiella,
86400db78d6e6e3b6032b3023381e498,Eukaryota,Amoebozoa_Discosea_Discosea_X,Flabellinia,Dactylopodida,Paramoebidae,Paramoeba,Paramoeba_eilhardi
91921fc01addbcf402acaacc08d21ef1,Eukaryota,Obazoa_Opisthokonta_Fungi,Basidiomycota,Agaricomycotina,Agaricomycetes,Trechispora,Trechispora_sp.
a156c3fa4430d835f0550dcc08305ba1,Eukaryota,TSAR_Alveolata_Dinoflagellata,Dinophyceae,Dinophyceae_X,Dinophyceae_XX,Dinophyceae_XXX,Dinophyceae_XXX_sp.
a2ed09a548ec21eaeddd5009e73116dc,Eukaryota,TSAR_Stramenopiles_Gyrista,Bacillariophyceae,Bacillariales,Bacillariaceae,Pseudo-nitzschia,
a45784cc96ce655662937e2476d47e2d,Eukaryota,TSAR_Stramenopiles_Gyrista,Bacillariophyceae,Licmophorales,Licmophoraceae,Licmophora,
07190a9ee3dbc028a0a94fe490bb978a,Eukaryota,TSAR_Alveolata_Dinoflagellata,Dinophyceae,Gonyaulacales,Pyrocystaceae,Alexandrium,Alexandrium_sp.
09ad8a218321968b10197556c1d42c87,Eukaryota,TSAR_Alveolata_Dinoflagellata,Syndiniales,Dino-Group-II,Dino-Group-II-Clade-4,Amoebophrya,Amoebophrya_ceratii
5921bd71ff0920c855913a19be257110,Eukaryota,Obazoa_Opisthokonta_Fungi,Chytridiomycota,Rhizophydiales,Rhizophydiales_X,Rhizophydiales_XX,Rhizophydiales_XX_sp.
61994dc4aa77afcbdf4cb573f6008dfa,Eukaryota,TSAR_Stramenopiles_Gyrista,Phaeophyceae,Phaeophyceae_X,Phaeophyceae_XX,,
943742a3c67380606e8526ff3685742d,Eukaryota,Excavata_Discoba_Euglenozoa,Kinetoplastea,Kinetoplastea_X,Kinetoplastea_XX,Kinetoplastea_XX_MET6,Kinetoplastea_XX_MET6_sp.
99869c4e06c8d6247a8fcf9beef7b05b,Eukaryota,Archaeplastida_Rhodophyta_Eurhodophytina,Florideophyceae,Ceramiales,Rhodomelaceae,Lophocladia,
aea2437b07401c4cb9832a214e969ad7,Eukaryota,TSAR_Alveolata_Dinoflagellata,Syndiniales,Dino-Group-II,Dino-Group-II-Clade-44,Dino-Group-II-Clade-44_X,Dino-Group-II-Clade-44_X_sp.
b9e77a7f6297ee302c956d2ed5346e3b,Eukaryota,TSAR_Alveolata_Dinoflagellata,Dinophyceae,Dinophyceae_X,Dinophyceae_XX,Dinophyceae_XXX,Dinophyceae_XXX_sp.
c483ae5b23f3579149e4d21a644d519b,Eukaryota,TSAR_Alveolata_Dinoflagellata,Syndiniales,Dino-Group-II,Dino-Group-II_X,Dino-Group-II_XX,Dino-Group-II_XX_sp.
c727cb75d41b0d012a8d3a9d92f6438c,Eukaryota,TSAR_Stramenopiles_Gyrista,Chrysophyceae,Chrysophyceae_Clade-EC2H,Chrysophyceae_Clade-EC2H_X,Chrysophyceae_Clade-EC2H_XX,Chrysophyceae_Clade-EC2H_XX_sp.
c8a06d2942a72f5ee9083265a974626b,Eukaryota,TSAR_Alveolata_Ciliophora,Spirotrichea,Oligotrichida,Tontoniidae,,
cdf6b4851146376c32e0e8144961d708,Eukaryota,TSAR_Alveolata_Dinoflagellata,Dinophyceae,,,,
d7f15c54026cae53d1ac7cb8c22afad0,Eukaryota,TSAR_Alveolata_Dinoflagellata,Syndiniales,Dino-Group-I,Dino-Group-I-Clade-2,Dino-Group-I-Clade-2_X,Dino-Group-I-Clade-2_X_sp.
fe87480cbbad3f491714c8e820889cf8,Eukaryota,TSAR_Rhizaria_Foraminifera,Globothalamea,Rotaliida,Melonidae,Melonis,Melonis_pompilioides
14021a72c8c54a6eb19eeb5652ca0fd6,Eukaryota,TSAR_Rhizaria_Cercozoa,Filosa-Thecofilosea,Cryomonadida,Protaspa-lineage,Protaspa,
31a9c0b7281a73a765de438b5538ca34,Eukaryota,TSAR_Alveolata_Dinoflagellata,Dinophyceae,Dinophyceae_X,Dinophyceae_XX,Dinophyceae_XXX,Dinophyceae_XXX_sp.
36270481f8b2900cb47f0cf56e4cab91,Eukaryota,TSAR_Alveolata_Ciliophora,Oligohymenophorea,OLIGO5,OLIGO5_X,OLIGO5_XX,OLIGO5_XX_sp.
36e1aef0647b93311297dc2b133e9ee6,Eukaryota,TSAR_Rhizaria_Cercozoa,Cercozoa_X,Cercozoa_XX,Cercozoa_XXX,Cercozoa_XXXX,Cercozoa_XXXX_sp.
3e4713d8e0703219e6c68a20dd0c496b,Eukaryota,TSAR_Rhizaria_Radiolaria,Acantharea,Acantharea_1,Acantharea_1_X,Acantharea_1_XX,Acantharea_1_XX_sp.
42970ad5eeac1cc8eeeaa2ef60e8cda4,Eukaryota,TSAR_Alveolata_Ciliophora,Spirotrichea,Choreotrichida,Strobilidiidae,Strobilidiidae_X,Strobilidiidae_X_sp.
553d9a82e57fd69c0a6066e76ae2111c,Eukaryota,TSAR_Rhizaria_Foraminifera,Tubothalamea,Miliolida,Moliolidae,Cornuspira,Cornuspira_sp.
a74230f3bcfa9575dd1ac7e0b568447c,Eukaryota,TSAR_Stramenopiles_Gyrista,MOCH-5,MOCH-5_X,MOCH-5_XX,MOCH-5_XXX,MOCH-5_XXX_sp.
b679f58a169c6643d4131b03e758752f,Eukaryota,TSAR_Alveolata_Dinoflagellata,Dinophyceae,Prorocentrales,Prorocentraceae,Prorocentrum,Prorocentrum_sp.
cd8b6eca43beada1fde4d01849c54ccf,Eukaryota,TSAR_Alveolata_Dinoflagellata,Dinophyceae,,,,
d47ec17ca2058a534af1d13263a23bd2,Eukaryota,TSAR_Stramenopiles_Bigyra,Sagenista,Labyrinthulomycetes,Labyrinthulaceae,Aplanochytrium,Aplanochytrium_sp.
f6ec2acab98d83177e3f435cbda4a739,Eukaryota,TSAR_Alveolata_Ciliophora,Spirotrichea,Oligotrichida,Oligotrichida_X,Oligotrichida_XX,Oligotrichida_XX_sp.
0c568b50f2264b2c9fe1aa99a2d17a6f,Eukaryota,TSAR_Stramenopiles_Bigyra,Opalozoa,Opalozoa_X,MAST-12,MAST-12A,MAST-12A_sp.
116e2d7e519a936ffdae080446596874,Eukaryota,Obazoa_Opisthokonta_Choanoflagellata,Choanoflagellatea,Choanoflagellatea_X,Choanoflagellatea_XX_Group_L,Choanoflagellatea_XXX_Group_L_X,Choanoflagellatea_XXX_Group_L_X_sp.
1625158532d3e8dc4d18ffe80ba0b299,Eukaryota,TSAR_Alveolata_Dinoflagellata,Dinophyceae,Gonyaulacales,Pyrocystaceae,Pyrocystis,Pyrocystis_sp.
2035bd41217decff6ec1338db87795b7,Eukaryota,Archaeplastida_Chlorophyta_Chlorophyta_X,Chlorophyceae,Sphaeropleales,Sphaeropleales_X,Mychonastes,
32c5f5fc45dcb6aacf35c0e7283576e8,Eukaryota,TSAR_Alveolata_Dinoflagellata,Dinophyceae,Dinophyceae_X,Dinophyceae_XX,Dinophyceae_XXX,Dinophyceae_XXX_sp.
388a1fa9958d2fa7dafb1e5e5d8bc62e,Eukaryota,TSAR_Alveolata_Ciliophora,Spirotrichea,Oligotrichida,Strombidiidae,Strombidiidae_X,Strombidiidae_X_sp.
44fbd40d21be47fab414535d630d8a84,Eukaryota,TSAR_Alveolata_Dinoflagellata,Syndiniales,Dino-Group-I,Dino-Group-I-Clade-5,Dino-Group-I-Clade-5_X,Dino-Group-I-Clade-5_X_sp.
5f1be0e7cde58083b4093e71837b9aa8,Eukaryota,TSAR_Alveolata_Dinoflagellata,Syndiniales,Dino-Group-II,Dino-Group-II-Clade-26,Dino-Group-II-Clade-26_X,Dino-Group-II-Clade-26_X_sp.
6fe1c21dc91fabe0f379b48bdc646616,Eukaryota,TSAR_Alveolata_Dinoflagellata,Dinophyceae,Dinophyceae_X,Dinophyceae_XX,Dinophyceae_XXX,Dinophyceae_XXX_sp.
7383795a01b626a5637738e247e19f39,Eukaryota,TSAR_Stramenopiles_Bigyra,Bicoecea,Bicoecea_X,Bicoecea_XX,Bicoecea_XXX,Bicoecea_XXX_sp.
99611fd339ad4c5aaf04cb44c849a946,Eukaryota,Excavata_Discoba_Euglenozoa,Diplonemea,Diplonemida,Eupelagonemidae,Eupelagonemidae_X,Eupelagonemidae_X_sp.
a8b7e5a6293723740258c9a544e98524,Eukaryota,TSAR_Alveolata_Ciliophora,Oligohymenophorea,OLIGO5,OLIGO5_X,OLIGO5_XX,OLIGO5_XX_sp.
ae19f46eea9d0efb77cea40543644e61,Eukaryota,TSAR_Alveolata_Ciliophora,Spirotrichea,Choreotrichida-Tintinnina,Eutintinnidae,Eutintinnus,Eutintinnus_lusus-undae
b00d27d13b00d8416a830ba388c43933,Eukaryota,TSAR_Alveolata_Ciliophora,Spirotrichea,Choreotrichida,Choreotrichida_X,Choreotrichida_XX,Choreotrichida_XX_sp.
b8bb44de7af8cd839115a38416c9892f,Eukaryota,Obazoa_Opisthokonta_Fungi,Basidiomycota,Agaricomycotina,Agaricomycetes,,
d9dbe9cd2f7846c6c5276a0a962bcab5,Eukaryota,TSAR_Stramenopiles_Bigyra,Sagenista,Sagenista_X,MAST-4,MAST-4A,MAST-4A_sp.
ee408e7752d8974cc00adc4cfa248ea2,Eukaryota,TSAR_Alveolata_Dinoflagellata,Syndiniales,Dino-Group-IV,Dino-Group-IV-Hematodinium-Group,Hematodinium,Hematodinium_sp.
fc6367277f6e1e3041f984dcb040d267,Eukaryota,Excavata_Discoba_Discoba_X,Heterolobosea,Acrasida,Acrasidae,Allovahlkampfia,Allovahlkampfia_sp.
02753390f6eb1edb4dfd607f3a98f505,Eukaryota,TSAR_Rhizaria_Cercozoa,Filosa-Thecofilosea,Ebriacea,TAGIRI1-lineage,TAGIRI1-lineage_X,TAGIRI1-lineage_X_sp.
14ff5ce826d3390e01076b72fbd91238,Eukaryota,TSAR_Stramenopiles_Gyrista,Bacillariophyceae,Naviculales,Pleurosigmataceae,Pleurosigma,Pleurosigma_sp.
1f96a289ec7444322afd37a8d2c828e8,Eukaryota,TSAR_Alveolata_Dinoflagellata,Dinophyceae,Peridiniales,Blastodiniaceae,Blastodinium,Blastodinium_navicula
2ad4ec692dcb0830d22d781daf71e818,Eukaryota,Archaeplastida_Rhodophyta_Eurhodophytina,Florideophyceae,Ceramiales,Delesseriaceae,Heterosiphonia,Heterosiphonia_pulchra
31b3955ccaa41db96dd1102dca90c67c,Eukaryota,TSAR_Alveolata_Ciliophora,Spirotrichea,Choreotrichida-Tintinnina,TIN_02,Climacocylis,Climacocylis_sp.
3a557b8dbef5cb8c0491a849818044bb,Eukaryota,TSAR_Rhizaria_Foraminifera,Globothalamea,Rotaliida,Globigerinidae,Globigerinoides,Globigerinoides_ruber-ruber
555bda64f1a7083119416ab9482ff9d1,Eukaryota,TSAR_Alveolata_Dinoflagellata,Syndiniales,Dino-Group-I,Dino-Group-I_X,Dino-Group-I_XX,Dino-Group-I_XX_sp.
64d358006f23b8c08d1bfe4a8d717762,Eukaryota,TSAR_Alveolata_Dinoflagellata,Dinophyceae,Dinophyceae_X,Dinophyceae_XX,Dinophyceae_XXX,Dinophyceae_XXX_sp.
6da9fffeaddf47a0828dfc9ee7af895f,Eukaryota,TSAR_Stramenopiles_Gyrista,Mediophyceae,Mediophyceae_X,Mediophyceae_XX,Mediophyceae_XXX,Mediophyceae_XXX_sp.
90a1cbd77b89153a43b7c634cb7e3088,Eukaryota,TSAR_Stramenopiles_Gyrista,Bacillariophyceae,Striatellales,Striatellaceae,Striatella,Striatella_unipunctata
afefc0d2441f8e582b7c7e5df216b5e5,Eukaryota,Obazoa_Opisthokonta_Fungi,Ascomycota,Pezizomycotina,Dothideomycetes,,
c030499fc0b8cff0fc5f681bfac89942,Eukaryota,TSAR_Alveolata_Dinoflagellata,Dinophyceae,Dinophyceae_X,Dinophyceae_XX,Dinophyceae_XXX,Dinophyceae_XXX_sp.
c508b3fedd5619ac48ec5f5fced7d5cf,Eukaryota,Obazoa_Opisthokonta_Fungi,Ascomycota,Saccharomycotina,Saccharomycetales,Candida,Candida_silvae
e1a2d3a1ca9b3a40745a9d075759068c,Eukaryota,TSAR_Stramenopiles_Bigyra,Sagenista,Sagenista_X,MAST-9,MAST-9_X,MAST-9_X_sp.
0f583dba92a0b662308474fabfc5f6f3,Eukaryota,TSAR_Alveolata_Dinoflagellata,Dinophyceae,Peridiniales,Blastodiniaceae,Blastodinium,Blastodinium_contortum
10283965215a4a1107582fd3ce50807d,Eukaryota,Archaeplastida_Chlorophyta_Chlorophyta_X,Chlorodendrophyceae,Chlorodendrales,Chlorodendraceae,Tetraselmis,Tetraselmis_sp.
1512aba740da601dd531577294eec54d,Eukaryota,TSAR_Alveolata_Dinoflagellata,Syndiniales,Dino-Group-II,Dino-Group-II-Clade-10-and-11,Dino-Group-II-Clade-10-and-11_X,Dino-Group-II-Clade-10-and-11_X_sp.
51f5c2cf0cbd550cab9d3bc5fe50e8d5,Eukaryota,TSAR_Alveolata_Dinoflagellata,Dinophyceae,,,,
566eb885dcdbea44ff2b1c961dbc747e,Eukaryota,TSAR_Rhizaria_Cercozoa,Filosa-Imbricatea,Euglyphida,Paulinellidae,Paulinella,Paulinella_sp.
74b06ba25974c9decfe8684aa13fa3e8,Eukaryota,TSAR_Alveolata_Dinoflagellata,Syndiniales,Dino-Group-II,Dino-Group-II-Clade-1,Dino-Group-II-Clade-1_X,Dino-Group-II-Clade-1_X_sp.
7d26df6a4a427a5d2dc340a2d2847684,Eukaryota,TSAR_Alveolata_Dinoflagellata,Syndiniales,Dino-Group-I,Dino-Group-I-Clade-4,Dino-Group-I-Clade-4_X,Dino-Group-I-Clade-4_X_sp.
9c9bc0bdd0d7ee925d49c42aa4c988d4,Eukaryota,Amoebozoa_Discosea_Discosea_X,Flabellinia,Dactylopodida,Paramoebidae,,
aa2c47ae8c0395bf5ef90068d7f52f47,Eukaryota,Excavata_Discoba_Euglenozoa,Diplonemea,Diplonemida,Eupelagonemidae,Eupelagonemidae_X,Eupelagonemidae_X_sp.
cf07089f0d65d1fd62797195adf11028,Eukaryota,Excavata_Discoba_Euglenozoa,Diplonemea,Diplonemida,Eupelagonemidae,Eupelagonemidae_X,Eupelagonemidae_X_sp.
d8d335b54536a05d2ada30177f322af0,Eukaryota,TSAR_Alveolata_Dinoflagellata,Dinophyceae,,,,
e580a2bcdb22d68d7d1ee1e8b9855fac,Eukaryota,Haptista_Haptophyta_Haptophyta_X,Prymnesiophyceae,Prymnesiales,Prymnesiales_X,Chrysocampanula,Chrysocampanula_spinifera
e7795599db72738f9a09304bc24b0c97,Eukaryota,TSAR_Alveolata_Ciliophora,Oligohymenophorea,OLIGO5,OLIGO5_X,OLIGO5_XX,OLIGO5_XX_sp.
f28fecd0f0ae02cf678f3c257db1b1cb,Eukaryota,Obazoa_Opisthokonta_Choanoflagellata,Choanoflagellatea,Choanoflagellatea_X,Choanoflagellatea_XX_Group_L,Choanoflagellatea_XXX_Group_L_X,Choanoflagellatea_XXX_Group_L_X_sp.
fa6595c9516bdcc140669015ba7b74d0,Eukaryota,TSAR_Alveolata_Apicomplexa,Coccidiomorphea,Eimeriida,Eimeriidae,Goussia6,Goussia_janae
0a78b6606eac6ed032c1d98af5eaf310,Eukaryota,TSAR_Alveolata_Dinoflagellata,Dinophyceae,Dinophyceae_X,Dinophyceae_XX,Dinophyceae_XXX,Dinophyceae_XXX_sp.
1a134a4b3762372d08c6af032fabfe29,Eukaryota,TSAR_Alveolata_Dinoflagellata,Syndiniales,Dino-Group-II,Dino-Group-II-Clade-5,Dino-Group-II-Clade-5_X,Dino-Group-II-Clade-5_X_sp.
223b4ad91b6a579caaee5f51968b1e8e,Eukaryota,TSAR_Rhizaria_Foraminifera,Monothalamids,Monothalamids_X,Saccamminidae,Saccamminidae_X,Saccamminidae_X_sp.
673d04d275cba4b6a69ebe290b353d2b,Eukaryota,TSAR_Stramenopiles_Bigyra,Sagenista,Labyrinthulomycetes,Labyrinthulomycetes_LAB4,Labyrinthulomycetes_LAB4_X,Labyrinthulomycetes_LAB4_X_sp.
6eb05ebc60fe67275f0f502579a8d36e,Eukaryota,TSAR_Alveolata_Dinoflagellata,Syndiniales,,,,
7de2efa753adae8f40abbc41f0903e9f,Eukaryota,TSAR_Stramenopiles_Bigyra,Opalozoa,Nanomonadea,MAST-3,MAST-3I,MAST-3I_sp.
8ab263b2f98f71eed46b0266d626b4f6,Eukaryota,TSAR_Alveolata_Dinoflagellata,Dinophyceae,Dinophyceae_X,Dinophyceae_XX,Dinophyceae_XXX,Dinophyceae_XXX_sp.
d3ed19adcaa05a28da98238a16d5f172,Eukaryota,TSAR_Alveolata_Dinoflagellata,Dinophyceae,Dinophyceae_X,Dinophyceae_XX,Dinophyceae_XXX,Dinophyceae_XXX_sp.
e517891291f68013172a5b6c29f82121,Eukaryota,Cryptista_Cryptophyta_Cryptophyta_X,Cryptophyceae,Goniomonadales,Goniomonadales_X,Goniomonas,
e84ebe8d2de1150b83232f2c3010e040,Eukaryota,TSAR_Alveolata_Dinoflagellata,Syndiniales,Dino-Group-II,Dino-Group-II-Clade-10-and-11,Dino-Group-II-Clade-10-and-11_X,Dino-Group-II-Clade-10-and-11_X_sp.
fb3ef1513a1d1b62568cdf275964a75a,Eukaryota,TSAR_Alveolata_Dinoflagellata,Dinophyceae,Dinophysales,Dinophysaceae,Dinophysis,Dinophysis_infundibulus
fc3549ee0adba5b4e0d9fbda338759dd,Eukaryota,TSAR_Stramenopiles_Gyrista,Mediophyceae,Chaetocerotales,Chaetocerotaceae,Bacteriastrum,Bacteriastrum_mediterraneum
fe6629584f4e537ea72e5cf7901497e7,Eukaryota,TSAR_Alveolata_Ciliophora,Spirotrichea,Oligotrichida,Strombidiidae,Strombidiidae_X,Strombidiidae_X_sp.
0672830e12e6f2c639a8a3eee493f847,Eukaryota,TSAR_Alveolata_Ciliophora,Spirotrichea,Euplotia,Euplotidae,Euplotes,Euplotes_aediculatus
1b85f06da222bc6a25220ec19ede3cbc,Eukaryota,Haptista_Haptophyta_Haptophyta_X,Prymnesiophyceae,Prymnesiales,Chrysochromulinaceae,Chrysochromulina,
241070c2d5aa7cf86503f99eefcf9411,Eukaryota,TSAR_Alveolata_Dinoflagellata,Dinophyceae,Peridiniales,Thoracosphaeraceae,,
2aa5e6306fd7d58c173c721a3ebb5bb1,Eukaryota,TSAR_Alveolata_Dinoflagellata,Dinophyceae,Dinophyceae_X,Dinophyceae_XX,Dinophyceae_XXX,Dinophyceae_XXX_sp.
753ad768b8b51d0a9c9bae44456b4b01,Eukaryota,TSAR_Rhizaria_Foraminifera,Globothalamea,Rotaliida,Cibicididae,Cibicidoides,
9f015183ad26479e2dfe5a605f99a660,Eukaryota,TSAR_Alveolata_Dinoflagellata,Syndiniales,Dino-Group-II,Dino-Group-II-Clade-3,Dino-Group-II-Clade-3_X,Dino-Group-II-Clade-3_X_sp.
a18bdab26c304c021d90f521ee8d0f57,Eukaryota,TSAR_Alveolata_Dinoflagellata,Dinophyceae,Peridiniales,Thoracosphaeraceae,Thoracosphaeraceae_X,Thoracosphaeraceae_X_sp.
a6db46b62b89aba768804fc2403d11dc,Eukaryota,TSAR_Stramenopiles_Gyrista,Chrysophyceae,Ochromonadales,Ochromonadales_clade-V,Ochromonadales_clade-V_X,Ochromonadales_clade-V_X_sp.
af57f5be8e0992081b24d95edbabcd7c,Eukaryota,TSAR_Alveolata_Dinoflagellata,Dinophyceae,Dinophyceae_X,Dinophyceae_XX,Dinophyceae_XXX,Dinophyceae_XXX_sp.
bdb9701a2b7e14a2ea7d450939a9c492,Eukaryota,TSAR_Alveolata_Dinoflagellata,Dinophyceae,Dinophysales,Oxyphysiaceae,Phalachroma,Phalacroma_oxytoxoides
d0d11d68b7edcf347365dc03be299240,Eukaryota,TSAR_Alveolata_Dinoflagellata,Dinophyceae,,,,
ecda9a9ab3c6aa7bbc2a7a96c6ec4056,Eukaryota,TSAR_Alveolata_Dinoflagellata,Dinophyceae,Dinophyceae_X,Dinophyceae_XX,Dinophyceae_XXX,Dinophyceae_XXX_sp.
fd32408a00aa291a965f328d5b68f4a7,Eukaryota,TSAR_Alveolata_Dinoflagellata,Dinophyceae,Peridiniales,Blastodiniaceae,Blastodinium,Blastodinium_contortum
fee9b5e4051e56cf1b23940d56b4bff6,Eukaryota,TSAR_Alveolata_Dinoflagellata,Syndiniales,Dino-Group-II,Dino-Group-II-Clade-1,Dino-Group-II-Clade-1_X,Dino-Group-II-Clade-1_X_sp.
0079ad9c96da6b385be9b27d2f34d757,Eukaryota,TSAR_Alveolata_Dinoflagellata,Syndiniales,Dino-Group-II,Dino-Group-II_X,Dino-Group-II_XX,Dino-Group-II_XX_sp.
4104100c5ba575b52b2890dd1796b259,Eukaryota,Archaeplastida_Chlorophyta_Chlorophyta_X,Chloropicophyceae,Chloropicales,Chloropicaceae,Chloropicon,Chloropicon_sieburthii
44182bd0d4d4ed6e1261a0c5ff3a21a7,Eukaryota,TSAR_Rhizaria_Cercozoa,Phaeodarea,Phaeocystida,Aulacanthidae,Aulacantha,Aulacantha_scolymantha
54bab35b2201b7cbb6ea3a1bc7fe2580,Eukaryota,TSAR_Alveolata_Ciliophora,Spirotrichea,Choreotrichida,Strobilidiidae,Strobilidiidae_X,Strobilidiidae_X_sp.
5f999b7d4daacaa4cd173bf925c19725,Eukaryota,TSAR_Alveolata_Dinoflagellata,Dinophyceae,Dinophyceae_X,Dinophyceae_XX,Dinophyceae_XXX,Dinophyceae_XXX_sp.
6eaaee53f8543744a94294fded5ebdaf,Eukaryota,Excavata_Discoba_Discoba_X,Heterolobosea,Tetramitia_V,Vahlkampfiidae_V,Tetramitus,
7378d4d139388d5caf7cd354b9f140ac,Eukaryota,TSAR_Alveolata_Ciliophora,Ciliophora_X,Ciliophora_XX,Protocruziidae,Protocruzia,Protocruzia_sp.
7a81f090eef03d0950e77bd8647ceb1f,Eukaryota,TSAR_Alveolata_Dinoflagellata,Dinophyceae,Dinophyceae_X,Dinophyceae_XX,Dinophyceae_XXX,Dinophyceae_XXX_sp.
7d1e0f7ffc5c21cac7234c7d8d19f631,Eukaryota,TSAR_Stramenopiles_Bigyra,Sagenista,Sagenista_X,MAST-8,,
9813fe9d04478edf0a8dede7e6a492e1,Eukaryota,TSAR_Alveolata_Dinoflagellata,Dinophyceae,Prorocentrales,Prorocentraceae,Prorocentrum,
a0fa17b8c4a651daa7a1ad87b2aa2e6c,Eukaryota,TSAR_Stramenopiles_Gyrista,Chrysophyceae,Ochromonadales,,,
b5633471f28ea2cb4ddd9d0856916ff3,Eukaryota,TSAR_Rhizaria_Radiolaria,RAD-B,RAD-B_X,RAD-B_X_Group-Ib,RAD-B_X_Group-Ib_X,RAD-B_X_Group-Ib_X_sp.
c85d8bffcb1f0420440a54c06a08aba4,Eukaryota,TSAR_Stramenopiles_Gyrista,Peronosporomycetes,Peronosporomycetes_X,Haliphthorales,Haliphthoros,Haliphthoros_sp.
c9e41c630e7d13181623a0dc41504007,Eukaryota,Excavata_Discoba_Euglenozoa,Diplonemea,Diplonemida,Eupelagonemidae,Eupelagonemidae_X,Eupelagonemidae_X_sp.
d89612b0b0600ed03b661d8ac4888aef,Eukaryota,Archaeplastida_Chlorophyta_Chlorophyta_X,Chlorophyceae,Chlamydomonadales,Chlamydomonadales_X,Chlamydomonas,Chlamydomonas_parkeae
f0a96495e5faee0a25b19a5e38ae0910,Eukaryota,Obazoa_Opisthokonta_Fungi,Ascomycota,Pezizomycotina,Sordariomycetes,,
f58b4ca87274dee74cdd9827b306b141,Eukaryota,TSAR_Alveolata_Dinoflagellata,Syndiniales,Dino-Group-II,Dino-Group-II_X,Dino-Group-II_XX,Dino-Group-II_XX_sp.
11c924b15828d58f0830f5d9d3cbf0a4,Eukaryota,Obazoa_Opisthokonta_Fungi,Basidiomycota,Agaricomycotina,Tremellomycetes,,
1c63d38c5d787ece4a8c3ccab8088fac,Eukaryota,TSAR_Alveolata_Dinoflagellata,Dinophyceae,Peridiniales,Protoperidiniaceae,Protoperidinium,Protoperidinium_sp.
23678455cd3fd5a26d83b333f43febcc,Eukaryota,TSAR_Stramenopiles_Bigyra,Sagenista,Pseudophyllomitidae,Pseudophyllomitidae_X,Pseudophyllomitus,
3cb1442fc49ffa9aec0621889a1696e7,Eukaryota,TSAR_Alveolata_Dinoflagellata,Dinophyceae,Prorocentrales,Prorocentraceae,Prorocentrum,
5805f0c05b2cb45e1a66cd28e1a7a667,Eukaryota,TSAR_Alveolata_Dinoflagellata,Syndiniales,Dino-Group-I,Dino-Group-I-Clade-5,Dino-Group-I-Clade-5_X,Dino-Group-I-Clade-5_X_sp.
6154733c86c4734e56c1b047e63e6ee3,Eukaryota,TSAR_Alveolata_Ciliophora,Spirotrichea,Choreotrichida-Tintinnina,Eutintinnidae,Eutintinnus,Eutintinnus_fraknoii
629a5826993bedd7762f59afb97d9ac4,Eukaryota,TSAR_Rhizaria_Cercozoa,Filosa-Thecofilosea,Cryomonadida,Protaspa-lineage,Protaspa-lineage_X,Protaspa-lineage_X_sp.
8807387200c758720f4e13a295ecffdb,Eukaryota,TSAR_Alveolata_Dinoflagellata,Syndiniales,Dino-Group-II,,,
89f80d1627bb480d0e81bd4deab3db81,Eukaryota,TSAR_Alveolata_Dinoflagellata,Syndiniales,Dino-Group-I,Dino-Group-I-Clade-4,Dino-Group-I-Clade-4_X,Dino-Group-I-Clade-4_X_sp.
a03933a31ac6a879bea43f1a8a21f7d2,Eukaryota,Excavata_Discoba_Euglenozoa,Diplonemea,Diplonemida,Eupelagonemidae,Eupelagonemidae_X,Eupelagonemidae_X_sp.
b6990440806c9727101e3f8031cf117c,Eukaryota,TSAR_Alveolata_Dinoflagellata,Dinophyceae,Dinophyceae_X,Dinophyceae_XX,Dinophyceae_XXX,Dinophyceae_XXX_sp.
caae0e6505b5264ff4cdaa5163f1366d,Eukaryota,TSAR_Rhizaria_Foraminifera,Globothalamea,Rotaliida,Planorbulinidae,Planorbulinella,Planorbulinella_sp.
efe6d8ef136f698a847259ee01f00ffb,Eukaryota,TSAR_Alveolata_Ciliophora,Spirotrichea,Choreotrichida-Tintinnina,Eutintinnidae,Eutintinnus,
fa69e485c6efd408978a9beafcbb6954,Eukaryota,TSAR_Rhizaria_Cercozoa,Endomyxa-Ascetosporea,Paradinida,Paradinidae,Paradinium,Paradinium_poucheti
00417f57ab53eb0af21ed2321fb8b137,Eukaryota,TSAR_Alveolata_Dinoflagellata,Dinophyceae,Dinophyceae_X,Dinophyceae_XX,Dinophyceae_XXX,Dinophyceae_XXX_sp.
1eda735fbd1e255f4b5451cde5099763,Eukaryota,TSAR_Alveolata_Dinoflagellata,Syndiniales,Dino-Group-II,Dino-Group-II-Clade-5,Dino-Group-II-Clade-5_X,Dino-Group-II-Clade-5_X_sp.
52a4a782b6e530e105677c7026df5f3c,Eukaryota,TSAR_Alveolata_Dinoflagellata,Dinophyceae,Dinophyceae_X,Dinophyceae_XX,Dinophyceae_XXX,Dinophyceae_XXX_sp.
8824546efe3e529407d31ba061a72d40,Eukaryota,Obazoa_Opisthokonta_Fungi,Basidiomycota,Agaricomycotina,Agaricomycetes,,
8958c960704cf37a5b9e6b2c1811e312,Eukaryota,TSAR_Alveolata_Dinoflagellata,,,,,
90d8d936c5d744ca88f81c61c89f0d55,Eukaryota,TSAR_Alveolata_Dinoflagellata,Dinophyceae,Dinophyceae_X,Dinophyceae_XX,Dinophyceae_XXX,Dinophyceae_XXX_sp.
91c47964ddd6bd04d82e3274fd6b53b7,Eukaryota,TSAR_Alveolata_Dinoflagellata,Dinophyceae,,,,
bba286d7a90a08cf3a4bd32687a11d0f,Eukaryota,TSAR_Alveolata_Dinoflagellata,Dinophyceae,Gonyaulacales,Pyrophacaceae,Fragilidium,Fragilidium_mexicanum
c9a5eb852902dbb5f59cd9b128d80b39,Eukaryota,TSAR_Alveolata_Dinoflagellata,Dinophyceae,Dinophyceae_X,Dinophyceae_XX,Dinophyceae_XXX,Dinophyceae_XXX_sp.
cd98a967d2bfc4bd28f8c6c6ff518ffb,Eukaryota,TSAR_Alveolata_Dinoflagellata,Syndiniales,Dino-Group-II,Dino-Group-II-Clade-2,Dino-Group-II-Clade-2_X,Dino-Group-II-Clade-2_X_sp.
d5406a826be73d080e4dd3604c4311af,Eukaryota,TSAR_Alveolata_Ciliophora,CONThreeP,CONThreeP_X,CONThreeP_XX,Askenasia,Askenasia_sp.
d935bb279deed7f039f68e95e04a5618,Eukaryota,TSAR_Alveolata_Alveolata_X,Ellobiopsidae,Ellobiopsidae_X,Ellobiopsidae_XX,Thalassomyces,
df9b6b7a6607e9e7cff139d26448fc4c,Eukaryota,TSAR_Alveolata_Dinoflagellata,Syndiniales,Dino-Group-I,Dino-Group-I-Clade-5,Dino-Group-I-Clade-5_X,Dino-Group-I-Clade-5_X_sp.
e89d2ed5a46b5f60be538937be12d6d4,Eukaryota,Provora_Nebulidia_Nebulidia_X,Nebulidea,Nebulidida,Nebulidae,Nebulomonas,Nebulomonas_marisrubri
edab78dd6b143c4dde97f98c1f751d4c,Eukaryota,Archaeplastida_Chlorophyta_Chlorophyta_X,Prasino-Clade-9,Prasino-Clade-9_X,Prasino-Clade-9_XX,Prasino-Clade-9_XXX,Prasino-Clade-9_XXX_sp.
efe1b3a9b2bfd189147ac06d2210af36,Eukaryota,TSAR_Alveolata_Dinoflagellata,Syndiniales,Dino-Group-I,Dino-Group-I-Clade-2,Dino-Group-I-Clade-2_X,Dino-Group-I-Clade-2_X_sp.
f64a2b44dc744cd3ad7a3a4d6a61f771,Eukaryota,TSAR_Alveolata_Ciliophora,Spirotrichea,Oligotrichida,Tontoniidae,,
fe55977be86e24a13fc66826cdd195e7,Eukaryota,TSAR_Alveolata_Dinoflagellata,Syndiniales,Dino-Group-II,Dino-Group-II-Clade-1,Dino-Group-II-Clade-1_X,Dino-Group-II-Clade-1_X_sp.
0826576d9195a46232023bf33fcad002,Eukaryota,TSAR_Stramenopiles_Gyrista,Bacillariophyceae,Naviculales,Naviculaceae,Navicula,
506637f9240546baa45171b098c04dc2,Eukaryota,Excavata_Discoba_Euglenozoa,Diplonemea,Diplonemida,Eupelagonemidae,Eupelagonemidae_X,Eupelagonemidae_X_sp.
58e3eea944461bce114fe98a31dae5be,Eukaryota,TSAR_Alveolata_Dinoflagellata,Syndiniales,Dino-Group-I,Dino-Group-I-Clade-1,Dino-Group-I-Clade-1_X,Dino-Group-I-Clade-1_X_sp.
596056211a3f3478a46dc001fd819925,Eukaryota,TSAR_Alveolata_Ciliophora,CONThreeP,CONThreeP_X,Discotrichidae,NASSO_1,NASSO_1_sp.
5d99b7501a1f49c9a3a9202dd9e86712,Eukaryota,TSAR_Alveolata_Ciliophora,Spirotrichea,Choreotrichida-Tintinnina,Undellidae,Undellidae_X,Undellidae_X_sp.
5f549fe7f60e1a443dc8711f54ddbbc5,Eukaryota,Archaeplastida_Rhodophyta_Eurhodophytina,Florideophyceae,Ceramiales,Rhodomelaceae,Chondria,Chondria_sp.
672daf6246ba8f7b8e6f43abee81170c,Eukaryota,TSAR_Alveolata_Dinoflagellata,Syndiniales,Dino-Group-I,Dino-Group-I-Clade-4,Euduboscquella,Euduboscquella_cachoni
693efbbc9aecbdeb328582979ebe3e6f,Eukaryota,TSAR_Alveolata_Dinoflagellata,Syndiniales,,,,
7482f255ff0c66ec7ec27b6b911b0e1a,Eukaryota,Obazoa_Opisthokonta_Fungi,Ascomycota,Pezizomycotina,Leotiomycetes,,
78303bf57102235359ee176f8a22204b,Eukaryota,TSAR_Alveolata_Dinoflagellata,Dinophyceae,Dinophyceae_X,Dinophyceae_XX,Dinophyceae_XXX,Dinophyceae_XXX_sp.
824efb782b65b7ba3a06bb3db19f456a,Eukaryota,Haptista_Haptophyta_Haptophyta_X,Prymnesiophyceae,Prymnesiales,Chrysochromulinaceae,Chrysochromulina,Chrysochromulina_sp.
8b6bc748f2dd99fd807ddbc998f72988,Eukaryota,TSAR_Alveolata_Ciliophora,Colpodea,Colpodea_X,,,
9d81bc07d8d5611e0bec4f75d862f376,Eukaryota,TSAR_Alveolata_Ciliophora,Spirotrichea,Choreotrichida,Strobilidiidae,,
b11c66c92ef6aaf9b1a99089ba03de62,Eukaryota,Obazoa_Opisthokonta_Fungi,Basidiomycota,Agaricomycotina,Tremellomycetes,Cryptococcus,
be7faebe0159498b81b9efb2d1c2d37e,Eukaryota,TSAR_Alveolata_Dinoflagellata,Syndiniales,Dino-Group-I,Dino-Group-I-Clade-2,Dino-Group-I-Clade-2_X,Dino-Group-I-Clade-2_X_sp.
d95b7136047cde3cec09289cc2e3f385,Eukaryota,Obazoa_Opisthokonta_Fungi,Ascomycota,Pezizomycotina,Dothideomycetes,Pyrenophora,Pyrenophora_tritici
db3a2d017e35662f33cac167e3e07c02,Eukaryota,TSAR_Alveolata_Dinoflagellata,Dinophyceae,Dinophyceae_X,Dinophyceae_XX,Dinophyceae_XXX,Dinophyceae_XXX_sp.
dda62fb9f672e1fe4499fc2993d7ea50,Eukaryota,TSAR_Rhizaria_Foraminifera,Globothalamea,Rotaliida,Globigerinidae,Globigerina,Globigerina_bulloides
f9b0b5d1e02591247c79e2bbb9389b2e,Eukaryota,TSAR_Rhizaria_Radiolaria,Acantharea,Acantharea_2,Acantharea_2b,Acantharea_2b_X,Acantharea_2b_X_sp.
08813bde17c0e8036ed5fd97f4fabc6a,Eukaryota,TSAR_Stramenopiles_Bigyra,Opalozoa,Nanomonadea,MAST-3,MAST-3D,MAST-3D_sp.
2fd968aa075b17558eb50ae4f98400bd,Eukaryota,TSAR_Alveolata_Dinoflagellata,Dinophyceae,Dinophyceae_X,Dinophyceae_XX,Dinophyceae_XXX,Dinophyceae_XXX_sp.
48f427d92d7651f316d8edb1c2f8bf07,Eukaryota,TSAR_Alveolata_Dinoflagellata,,,,,
69d239c2cba05638a2688962959a4a55,Eukaryota,TSAR_Rhizaria_Radiolaria,RAD-B,RAD-B_X,RAD-B_X_Group-Ib,RAD-B_X_Group-Ib_X,RAD-B_X_Group-Ib_X_sp.
70505f042cb8426916dc64a6f6ccbe6b,Eukaryota,TSAR_Alveolata_Dinoflagellata,Dinophyceae,Peridiniales,Blastodiniaceae,Blastodinium,Blastodinium_contortum
712c036e949f248fce6c0ea1c7cae3eb,Eukaryota,TSAR_Alveolata_Dinoflagellata,Dinophyceae,Dinophyceae_X,Dinophyceae_XX,Dinophyceae_XXX,Dinophyceae_XXX_sp.
81f36c30f927bc3ab1c0c6a7155882d6,Eukaryota,TSAR_Alveolata_Dinoflagellata,Syndiniales,Dino-Group-II,Dino-Group-II-Clade-1,Dino-Group-II-Clade-1_X,Dino-Group-II-Clade-1_X_sp.
8cfb2137d4b8417c92f8c973c22d8aa8,Eukaryota,Excavata_Discoba_Euglenozoa,Kinetoplastea,Kinetoplastea_X,Kinetoplastea_XX,Kinetoplastea_XX_MET6,Kinetoplastea_XX_MET6_sp.
91a5f2a52ae0ae94e7519814632f3d65,Eukaryota,TSAR_Rhizaria_Cercozoa,Filosa-Thecofilosea,Ebriacea,TAGIRI1-lineage,TAGIRI1-lineage_X,TAGIRI1-lineage_X_sp.
99a2eedd0e9c73c36537ec3617951d02,Eukaryota,TSAR_Rhizaria_Radiolaria,Polycystinea,Nassellaria,Acanthodesmidae,Amphispyris,Amphispyris_costata
ac96773be320bf2abce61aadcb33979e,Eukaryota,TSAR_Alveolata_Dinoflagellata,Syndiniales,Dino-Group-II,Dino-Group-II-Clade-5,Dino-Group-II-Clade-5_X,Dino-Group-II-Clade-5_X_sp.
cc775b26f4506134225ca19986192b7a,Eukaryota,TSAR_Alveolata_Dinoflagellata,Syndiniales,Dino-Group-II,Dino-Group-II_X,Dino-Group-II_XX,Dino-Group-II_XX_sp.
06c714f92b302cdf1946aff6658f3830,Eukaryota,TSAR_Alveolata_Ciliophora,Phyllopharyngea,Suctoria,Ephelotidae,Ephelota,
08b6ce547cec9f790bc1150615c67bdf,Eukaryota,TSAR_Rhizaria_Foraminifera,Globothalamea,Rotaliida,Rosalinidae,Rosalina,Rosalina_sp.
0a795e823be23f094e242ce16e60e86e,Eukaryota,TSAR_Alveolata_Dinoflagellata,Dinophyceae,Dinophyceae_X,Dinophyceae_XX,Dinophyceae_XXX,Dinophyceae_XXX_sp.
395414f6bf268d20bda2f6e20adc3bfc,Eukaryota,TSAR_Alveolata_Dinoflagellata,Dinophyceae,Peridiniales,Protoperidiniaceae,Protoperidinium,
3ac6f8c8a3d121ef6fc5111dd93ec044,Eukaryota,Excavata_Discoba_Euglenozoa,Diplonemea,Diplonemida,Eupelagonemidae,Eupelagonemidae_X,Eupelagonemidae_X_sp.
46c1e681fae83a5226c4b7086cc0a9f7,Eukaryota,TSAR_Alveolata_Dinoflagellata,Dinophyceae,Peridiniales,Amphidomataceae,Azadinium,
518924b5b2e35ce72436b049229aace1,Eukaryota,TSAR_Stramenopiles_Gyrista,MOCH-2,MOCH-2_X,MOCH-2_XX,MOCH-2_XXX,MOCH-2_XXX_sp.
5d112118e165854c822af7b677b8082f,Eukaryota,TSAR_Alveolata_Dinoflagellata,Syndiniales,Dino-Group-II,Dino-Group-II-Clade-1,Dino-Group-II-Clade-1_X,Dino-Group-II-Clade-1_X_sp.
6f4137c5f402a0cb051dec48e281cc4b,Eukaryota,TSAR_Alveolata_Ciliophora,Spirotrichea,Choreotrichida,Strombidinopsidae,Parastrombidinopsis,Parastrombidinopsis_minima
8fdb15c309d25bf7b9b3ee9c3774bc84,Eukaryota,TSAR_Stramenopiles_Bigyra,Opalozoa,Nanomonadea,MAST-3,MAST-3_X,MAST-3_X_sp.
952592d2140faceafcd072973bb1eb7d,Eukaryota,TSAR_Alveolata_Dinoflagellata,Syndiniales,Dino-Group-II,Dino-Group-II-Clade-9,Dino-Group-II-Clade-9_X,Dino-Group-II-Clade-9_X_sp.
997ccbcf43326de86d24b85881b5bf11,Eukaryota,TSAR_Rhizaria_Cercozoa,Filosa-Thecofilosea,Cryomonadida,Protaspa-lineage,Protaspa-lineage_X,Protaspa-lineage_X_sp.
a13406a808f9555ec126fe1061c7094a,Eukaryota,Obazoa_Opisthokonta_Fungi,Ascomycota,Saccharomycotina,Saccharomycetales,Metschnikowia,Metschnikowia_sp.
a225c55e671a02d288dae62b7b2cac86,Eukaryota,TSAR_Alveolata_Dinoflagellata,Dinophyceae,Dinophyceae_X,Dinophyceae_XX,Dinophyceae_XXX,Dinophyceae_XXX_sp.
a548e8ad5c2ed1e5f3a1abd4fdb04f2c,Eukaryota,TSAR_Alveolata_Dinoflagellata,Dinophyceae,Peridiniales,Podolampadaceae,Blepharocysta,
aa3d4fe50c835e7035eba7095b501a84,Eukaryota,TSAR_Alveolata_Dinoflagellata,Syndiniales,Dino-Group-II,Dino-Group-II-Clade-27,Dino-Group-II-Clade-27_X,Dino-Group-II-Clade-27_X_sp.
acf3f6e6be22ed1905f185f155bf6c4b,Eukaryota,TSAR_Alveolata_Ciliophora,Spirotrichea,Oligotrichida,Strombidiidae,Strombidiidae_X,Strombidiidae_X_sp.
c20eb91389f5fae93a546700978bc5f9,Eukaryota,Obazoa_Opisthokonta_Fungi,Basidiomycota,Agaricomycotina,Agaricomycetes,Cystofilobasidium,
cd0900fb863118598e31eee7dd7a8e2a,Eukaryota,TSAR_Alveolata_Dinoflagellata,Syndiniales,Dino-Group-II,Dino-Group-II-Clade-10-and-11,Dino-Group-II-Clade-10-and-11_X,Dino-Group-II-Clade-10-and-11_X_sp.
f7594d3a6f72d70db78a61497bceede6,Eukaryota,TSAR_Alveolata_Dinoflagellata,Syndiniales,,,,
f869f4ed7d145e0c1295dc7411e843cd,Eukaryota,TSAR_Alveolata_Dinoflagellata,Syndiniales,Dino-Group-II,Dino-Group-II-Clade-10-and-11,Dino-Group-II-Clade-10-and-11_X,Dino-Group-II-Clade-10-and-11_X_sp.
1cad6b1edf3361417c1cf38e57fda497,Eukaryota,TSAR_Alveolata_Dinoflagellata,Dinophyceae,Gonyaulacales,Pyrophacaceae,Fragilidium,Fragilidium_sp.
2b1e94b20a5c44608a6bd61934e22df7,Eukaryota,TSAR_Alveolata_Ciliophora,Spirotrichea,Choreotrichida,Strobilidiidae,Pelagostrobilidium,Pelagostrobilidium_sp.
30919bb7a444cd345c6e91de402b3690,Eukaryota,TSAR_Alveolata_Dinoflagellata,Dinophyceae,Gymnodiniales,Gymnodiniaceae,Gymnodinium,Gymnodinium_sp.
344cfeb5f292acdddbc27be19d117931,Eukaryota,TSAR_Stramenopiles_Gyrista,Pirsoniales,Pirsoniales_X,Pirsoniales_XX,Pirsonia,
36fab757b4ac6af77cb35cbb6b5d7709,Eukaryota,Haptista_Haptophyta_Haptophyta_X,Prymnesiophyceae,Prymnesiales,Chrysochromulinaceae,Chrysochromulina,Chrysochromulina_scutellum
40f4ee2380af7eb5959c65649198fbaf,Eukaryota,Obazoa_Opisthokonta_Fungi,Ascomycota,Pezizomycotina,Dothideomycetes,,
4ef4f5484c88c650870101fb59997934,Eukaryota,TSAR_Alveolata_Dinoflagellata,Dinophyceae,,,,
596dcefa7440ce87c8c40148f544c18a,Eukaryota,TSAR_Alveolata_Dinoflagellata,Syndiniales,Dino-Group-II,Dino-Group-II-Clade-5,Dino-Group-II-Clade-5_X,Dino-Group-II-Clade-5_X_sp.
61493a6eabe57950ae81e01dd442ea86,Eukaryota,TSAR_Alveolata_Dinoflagellata,Dinophyceae,Dinophyceae_X,Dinophyceae_XX,Dinophyceae_XXX,Dinophyceae_XXX_sp.
9044737962a5aa36731c1c980d48a4ff,Eukaryota,TSAR_Alveolata_Dinoflagellata,Dinophyceae,Dinophyceae_X,Dinophyceae_XX,Dinophyceae_XXX,Dinophyceae_XXX_sp.
9abeff3103cfab35332b73a95d4b19d4,Eukaryota,TSAR_Alveolata_Ciliophora,Spirotrichea,Oligotrichida,Tontoniidae,Pseudotontonia,Pseudotontonia_sp.
a56e1b8c358568774140f1dba423051e,Eukaryota,TSAR_Stramenopiles_Gyrista,Peronosporomycetes,Peronosporomycetes_X,Haliphthorales,Haliphthoros,Haliphthoros_sp.
a67830bd277c391be1b40e0656c6b3ad,Eukaryota,Haptista_Haptophyta_Haptophyta_X,Prymnesiophyceae,Prymnesiales,Prymnesiaceae,,
acef9ad1606057a3db7708f8e7a200e8,Eukaryota,Amoebozoa_Discosea_Discosea_X,Centramoebia,Himatismenida,Cochliopodiidae,Ovalopodium,Ovalopodium_sp.
d043254dd96ab5fbf3228fad7c3f97ab,Eukaryota,TSAR_Stramenopiles_Bigyra,Sagenista,Labyrinthulomycetes,Thraustochytriaceae,Aurantiochytrium,Aurantiochytrium_sp.
ff848a22f4a0bdc328a69c13cce60026,Eukaryota,TSAR_Alveolata_Dinoflagellata,Dinophyceae,Peridiniales,Protoperidiniaceae,Protoperidinium,Protoperidinium_pellucidum
0139f3e8a82eef11d04ce4a8c7baa20d,Eukaryota,Archaeplastida_Chlorophyta_Chlorophyta_X,Chlorodendrophyceae,Chlorodendrales,Chlorodendraceae,Tetraselmis,
07eb606a00079ae8d3f85f237e7c83a8,Eukaryota,TSAR_Alveolata_Dinoflagellata,Syndiniales,,,,
0cae465d29261b7637ce39ed75445760,Eukaryota,TSAR_Alveolata_Ciliophora,Spirotrichea,Euplotia,Euplotidae,Euplotes,
15986f4fc8aab82fb83f1b254b42e9a7,Eukaryota,TSAR_Alveolata_Ciliophora,Spirotrichea,Choreotrichida-Tintinnina,Eutintinnidae,Eutintinnus,Eutintinnus_lusus-undae
19d767fd5f2956b9c3e0f2dc5a583733,Eukaryota:nucl,Cryptista:nucl_Cryptophyta:nucl_Cryptophyta_X:nucl,Cryptophyceae:nucl,Cryptomonadales:nucl,Hemiselmidaceae:nucl,Hemiselmis:nucl,Hemiselmis_cryptochromatica:nucl
25e2e3582c9ddf533e0744a68bf7af5e,Eukaryota,TSAR_Alveolata_Ciliophora,CONThreeP,CONThreeP_X,Discotrichidae,NASSO_1,NASSO_1_sp.
2d3cc08d37e5986a9bed6d940e2dc14c,Eukaryota,TSAR_Stramenopiles_Gyrista,Bacillariophyceae,Surirellales,Entomoneidaceae,Entomoneis,Entomoneis_sp.
3de71b531fdc4f4640dcd1b119070f07,Eukaryota,TSAR_Rhizaria_Cercozoa,Endomyxa-Phytomyxea,Phagomyxida,Phagomyxidae,Phagomyxa,Phagomyxa_sp.
5c5e168f4a4b263379444fd73d1ed052,Eukaryota,TSAR_Stramenopiles_Gyrista,Bacillariophyceae,,,,
5fafabab130c30dcdc886597e5b89435,Eukaryota,TSAR_Alveolata_Dinoflagellata,Dinophyceae,Peridiniales,,,
6d85792f61e3930ad9b6eb9e6e1448a1,Eukaryota,TSAR_Stramenopiles_Gyrista,Coscinodiscophyceae,Melosirales,Melosiraceae,Melosira,Melosira_varians
6db1d19118f2b214f98f0d1e71ca0166,Eukaryota:nucl,Cryptista:nucl_Cryptophyta:nucl_Cryptophyta_X:nucl,Cryptophyceae:nucl,Cryptomonadales:nucl,Cryptomonadales_X:nucl,Guillardia:nucl,Guillardia_theta:nucl
7444ccb8eb969d76770171a49a971c4d,Eukaryota,TSAR_Alveolata_Dinoflagellata,Dinophyceae,Dinophyceae_X,Dinophyceae_XX,Dinophyceae_XXX,Dinophyceae_XXX_sp.
763bc91d6cbde79909a8148428b6360f,Eukaryota,TSAR_Alveolata_Ciliophora,Colpodea,Colpodea_X,Colpodida,,
772ce08b124d5a3ecbf93bd0d2989609,Eukaryota,TSAR_Stramenopiles_Gyrista,Pirsoniales,Pirsoniales_X,Pirsoniales_XX,Pirsonia,Pirsonia_formosa
8298b95177d0d04dc077b81dedc53a76,Eukaryota,TSAR_Rhizaria_Radiolaria,RAD-B,RAD-B_X,RAD-B_X_Group-Ib,RAD-B_X_Group-Ib_X,RAD-B_X_Group-Ib_X_sp.
84596a5780df1f901bb94e26500dfe6a,Eukaryota,TSAR_Alveolata_Dinoflagellata,Dinophyceae,Dinophyceae_X,Dinophyceae_XX,Dinophyceae_XXX,Dinophyceae_XXX_sp.
88c17f7cb9daa541cbdaaf700c371860,Eukaryota,TSAR_Alveolata_Dinoflagellata,Dinophyceae,Dinophyceae_X,Dinophyceae_XX,Dinophyceae_XXX,Dinophyceae_XXX_sp.
8bde031f4b759f28a34e77ab019a1065,Eukaryota,Archaeplastida_Chlorophyta_Chlorophyta_X,Chlorodendrophyceae,Chlorodendrales,Chlorodendraceae,Tetraselmis,Tetraselmis_sp.
8cdb12518b060945118495d3877fc4ae,Eukaryota,TSAR_Alveolata_Ciliophora,Oligohymenophorea,Apostomatia,Pseudocolliniidae,Fusiforma,Fusiforma_themisticola
9490ba27da1db868e8d60611c656fd70,Eukaryota,TSAR_Alveolata_Dinoflagellata,Syndiniales,Dino-Group-II,Dino-Group-II-Clade-10-and-11,Dino-Group-II-Clade-10-and-11_X,Dino-Group-II-Clade-10-and-11_X_sp.
afa31dabb0554f1dbc50488b5ed8b6fa,Eukaryota,TSAR_Alveolata_Dinoflagellata,Syndiniales,Dino-Group-II,Dino-Group-II-Clade-5,Dino-Group-II-Clade-5_X,Dino-Group-II-Clade-5_X_sp.
b213e0b4ce2f182e341d5dff1c19ab4e,Eukaryota,TSAR_Alveolata_,,,,,
116593bac79a3b0c06e92c29d5332295,Eukaryota,Haptista_Haptophyta_Haptophyta_X,Prymnesiophyceae,Prymnesiales,Chrysochromulinaceae,Chrysochromulina,Chrysochromulina_sp.
1c15211e637768e7ce917e07919eba6d,Eukaryota,TSAR_Rhizaria_Foraminifera,Monothalamids,Monothalamids_X,Monothalamids_XX,Saccammina,Saccammina_alba
2d7bf818ba28d294bc4978d99274a410,Eukaryota,TSAR_Rhizaria_Foraminifera,Globothalamea,Rotaliida,Epistominellidae,Epistominella,Epistominella_sp.
30bdaaef77e993202fe9013795cebe47,Eukaryota,TSAR_Alveolata_Dinoflagellata,,,,,
328204cbc1202610c4c4e304eebe62f9,Eukaryota,TSAR_Stramenopiles_Gyrista,Bacillariophyceae,Thalassiophysales,Catenulaceae,Amphora,
474a6a19b57e78a6b57e3f9a5ec04695,Eukaryota,TSAR_Alveolata_Dinoflagellata,Dinophyceae,Peridiniales,Podolampadaceae,Blepharocysta,
4aac3d6fcf6ebe306ffc8485b61907df,Eukaryota,TSAR_Alveolata_Dinoflagellata,Dinophyceae,Dinophyceae_X,Dinophyceae_XX,Dinophyceae_XXX,Dinophyceae_XXX_sp.
59cc6ffa5e72431d6f2e83f28837700f,Eukaryota,TSAR_Alveolata_Dinoflagellata,Dinophyceae,Gymnodiniales,Kareniaceae,Karenia,Karenia_brevis
6ed207ac66b5d060d0ca5c9d9224ff2d,Eukaryota,Obazoa_Opisthokonta_,,,,,
77c992aa1564b3df1eb50938da09b755,Eukaryota,TSAR_Alveolata_Dinoflagellata,Syndiniales,Dino-Group-II,Dino-Group-II-Clade-16,Dino-Group-II-Clade-16_X,Dino-Group-II-Clade-16_X_sp.
78f1372095bc48298fffb9839754b83e,Eukaryota,Obazoa_Opisthokonta_Fungi,Ascomycota,Saccharomycotina,Saccharomycetales,Saccharomycopsis,
89d5819c8370f1e943bcb262f9c9d812,Eukaryota,TSAR_Alveolata_Dinoflagellata,Dinophyceae,Gonyaulacales,Pyrocystaceae,Pyrocystis,Pyrocystis_lunula
8cf0c6dbcef0c7215cc8224ebecdcd47,Eukaryota,TSAR_Alveolata_Dinoflagellata,Dinophyceae,Dinophyceae_X,Dinophyceae_XX,Dinophyceae_XXX,Dinophyceae_XXX_sp.
9e433667d552fc39abae7ff44d45da01,Eukaryota,TSAR_Stramenopiles_Bigyra,Sagenista,Sagenista_X,MAST-8,,
bac634cd4bb8cf5d089d2e6c2d0e197b,Eukaryota,TSAR_Alveolata_Dinoflagellata,Dinophyceae,,,,
be52aa8b4c0b6177d8ce2278e22c6b6d,Eukaryota,TSAR_Alveolata_Dinoflagellata,,,,,
cbd2ee75c4a76d959fd6e2d55ccab633,Eukaryota,TSAR_Alveolata_Ciliophora,CONThreeP,CONThreeP_X,Discotrichidae,NASSO_1,NASSO_1_sp.
de1cb4f5adcb949d28edbfa685c08d43,Eukaryota,Obazoa_Opisthokonta_Fungi,Ascomycota,Pezizomycotina,Dothideomycetes,Dothidea,
e299d051d411be49fb3f73d73fa46295,Eukaryota,Obazoa_Opisthokonta_Fungi,Basidiomycota,Agaricomycotina,Agaricomycetes,,
fffd8b475df771a8df59333f61e4f666,Eukaryota,TSAR_Alveolata_Dinoflagellata,Dinophyceae,Prorocentrales,Prorocentraceae,Prorocentrum,Prorocentrum_triestinum
0aa9d8b725d6df91e7c9bcd56070157a,Eukaryota,TSAR_Alveolata_Ciliophora,Oligohymenophorea,OLIGO5,OLIGO5_X,OLIGO5_XX,OLIGO5_XX_sp.
12d02992cbe4f6960d0438fec94349d5,Eukaryota,TSAR_Alveolata_Dinoflagellata,Dinophyceae,Dinophyceae_X,Dinophyceae_XX,Dinophyceae_XXX,Dinophyceae_XXX_sp.
1333378a5358d5da0c90a9eb34cb3f84,Eukaryota,Obazoa_Opisthokonta_Fungi,Basidiomycota,Agaricomycotina,Tremellomycetes,Trichosporon,
2c1a2b8e0d3d6984286bad8b5d6b9f5a,Eukaryota,TSAR_Alveolata_Dinoflagellata,Dinophyceae,Dinophysales,Dinophysaceae,,
2c5188bd30a1be4a574d41aabb59cd61,Eukaryota,TSAR_Alveolata_Ciliophora,CONThreeP,CONThreeP_X,Discotrichidae,NASSO_1,NASSO_1_sp.
3fed2c830735ba549ae111d126326bdd,Eukaryota,TSAR_Alveolata_Ciliophora,Spirotrichea,Choreotrichida,Strombidinopsidae,Strombidinopsis,
507dd5ddcbf63f180db54abb138d2f96,Eukaryota,TSAR_Alveolata_Dinoflagellata,Dinophyceae,Gymnodiniales,Gymnodiniaceae,Gymnodinium,Gymnodinium_sp.
55bab5e8f7a7b6d16036928b41d6bd6c,Eukaryota,Excavata_Discoba_Euglenozoa,Diplonemea,Diplonemida,Eupelagonemidae,Eupelagonemidae_X,Eupelagonemidae_X_sp.
596257e8b8b619264ecdd9d62af7bb7e,Eukaryota,TSAR_Alveolata_Ciliophora,Oligohymenophorea,OLIGO5,OLIGO5_X,OLIGO5_XX,OLIGO5_XX_sp.
6fddde0cb6e9a971f57f9ccce13f7832,Eukaryota,TSAR_Alveolata_Dinoflagellata,Syndiniales,,,,
7ac075a6967da762915c60e0a74e6f3d,Eukaryota,TSAR_Telonemia_Telonemia_X,Telonemia_XX,Telonemia_XXX,Telonemia-Group-2,Telonemia-Group-2_X,Telonemia-Group-2_X_sp.
90a336ee37ad93bfa679329d6efe7eda,Eukaryota,Haptista_Haptophyta_Haptophyta_X,Prymnesiophyceae,Prymnesiales,Chrysochromulinaceae,Chrysochromulina,Chrysochromulina_sp.
94ca328b53e1a702ce245f1dc665057b,Eukaryota,TSAR_Alveolata_Dinoflagellata,Syndiniales,Dino-Group-IV,Dino-Group-IV-Hematodinium-Group,Hematodinium,Hematodinium_sp.
99d23c72cecf3ae2d0bd368981a470a4,Eukaryota,TSAR_Alveolata_Dinoflagellata,Dinophyceae,Dinophyceae_X,Dinophyceae_XX,Dinophyceae_XXX,Dinophyceae_XXX_sp.
b00b069dcb4e1b1dcc3daa069ea54c73,Eukaryota,TSAR_Alveolata_Dinoflagellata,Dinophyceae,Gonyaulacales,Pyrocystaceae,Alexandrium,Alexandrium_leei
b25efabf776440918f18e8bbdc6cede3,Eukaryota,Excavata_Discoba_Euglenozoa,Kinetoplastea,Kinetoplastea_X,Kinetoplastea_XX,Kinetoplastea_XX_MET6,Kinetoplastea_XX_MET6_sp.
bba20bb9e0e62f49f6f45f18f0ec3826,Eukaryota,TSAR_Stramenopiles_Bigyra,Sagenista,Labyrinthulomycetes,Labyrinthulaceae,Labyrinthulaceae_ANT10_3,Labyrinthulaceae_ANT10_3_sp.
c8e377160ed6e5a20cce7ac0e71fbd27,Eukaryota,TSAR_Alveolata_Dinoflagellata,Dinophyceae,,,,
c96516dd428b919e26b66985ebd78287,Eukaryota,TSAR_Alveolata_Dinoflagellata,Dinophyceae,,,,
d8c081641cf92a49879dfeff00a46adb,Eukaryota,TSAR_Alveolata_Dinoflagellata,Syndiniales,Dino-Group-II,Dino-Group-II-Clade-21,Dino-Group-II-Clade-21_X,Dino-Group-II-Clade-21_X_sp.
de3e553bb0316c41f2e423b1cf88aa8b,Eukaryota,TSAR_Rhizaria_Cercozoa,Filosa-Thecofilosea,Cryomonadida,Cryothecomonas-lineage,Cryothecomonas,Cryothecomonas_aestivalis
e03d5dc96e6aa4e7393f201ec89545f9,Eukaryota,TSAR_Alveolata_Dinoflagellata,Dinophyceae,Peridiniales,Amphidomataceae,Azadinium,
e193e12891e05198cea439c950f219f5,Eukaryota,TSAR_Rhizaria_Cercozoa,Phaeodarea,Phaeogromida,Medusettidae,Medusetta,Medusetta_parthenopaea
f59a60d648be2245bbc8c2ced41a0c24,Eukaryota,TSAR_Alveolata_Ciliophora,Spirotrichea,Choreotrichida,Choreotrichida_X,Choreotrichida_XX,Choreotrichida_XX_sp.
0055273253bc56c732152c336d2137ac,Eukaryota,TSAR_Alveolata_Dinoflagellata,Dinophyceae,Dinophysales,Dinophysaceae,,
098a83d56e59f4c87274056c68207c0b,Eukaryota,TSAR_Alveolata_Dinoflagellata,Dinophyceae,Dinophyceae_X,Dinophyceae_XX,,
189950fb45d0e4feb77a4883b003b9d5,Eukaryota,TSAR_Alveolata_Dinoflagellata,Dinophyceae,,,,
21ccf1c273fcc4afa66f9116a4d0583a,Eukaryota,TSAR_Alveolata_Dinoflagellata,Dinophyceae,,,,
28d24845ad9f1161b2539da794cb78f1,Eukaryota,TSAR_Alveolata_Dinoflagellata,Syndiniales,Dino-Group-II,Dino-Group-II-Clade-1,Dino-Group-II-Clade-1_X,Dino-Group-II-Clade-1_X_sp.
334a2a4754bf403c468e4abc0ee8d58e,Eukaryota,TSAR_Alveolata_Dinoflagellata,Dinophyceae,Dinophyceae_X,Dinophyceae_XX,Dinophyceae_XXX,Dinophyceae_XXX_sp.
51c4f79c2c57239d732e61b1547aa8ef,Eukaryota,Archaeplastida_Chlorophyta_Chlorophyta_X,Mamiellophyceae,Dolichomastigales,Dolichomastigaceae,Dolichomastigaceae-B,Dolichomastigaceae-B_sp.
53238e50d108d22b3db6f70a4e566cbc,Eukaryota,TSAR_Alveolata_Dinoflagellata,Dinophyceae,Gymnodiniales,,,
612c1e7f27601565efa23f83f0011286,Eukaryota,TSAR_Alveolata_Dinoflagellata,Syndiniales,Dino-Group-II,Dino-Group-II-Clade-3,Dino-Group-II-Clade-3_X,Dino-Group-II-Clade-3_X_sp.
740eeec297d73e96282bb213cde0292b,Eukaryota,TSAR_Alveolata_Ciliophora,Phyllopharyngea,Cyrtophoria_1,PHYLL_4,PHYLL_4_X,PHYLL_4_X_sp.
7a84332faa57f387ace54bc79bcbd2a4,Eukaryota,Excavata_Discoba_Euglenozoa,Diplonemea,Diplonemida,Eupelagonemidae,Eupelagonemidae_X,Eupelagonemidae_X_sp.
8128ba5c2d754eebf6bf77349f68e7cb,Eukaryota,TSAR_Alveolata_Dinoflagellata,Syndiniales,Dino-Group-II,Dino-Group-II-Clade-10-and-11,Dino-Group-II-Clade-10-and-11_X,Dino-Group-II-Clade-10-and-11_X_sp.
846263015011c3b28c56b83350d19667,Eukaryota,TSAR_Alveolata_Dinoflagellata,Dinophyceae,,,,
8efdc72c2425c5e42b5e26439794beb3,Eukaryota,TSAR_Alveolata_Dinoflagellata,Dinophyceae,Dinophyceae_X,Dinophyceae_XX,Dinophyceae_XXX,Dinophyceae_XXX_sp.
985ac255238a8797da0c5d30ad42f760,Eukaryota,TSAR_Rhizaria_Radiolaria,RAD-B,RAD-B_X,RAD-B_X_Group-Ib,RAD-B_X_Group-Ib_X,RAD-B_X_Group-Ib_X_sp.
a28ba8411a598f4b869a5b3631a51032,Eukaryota,Obazoa_Opisthokonta_Fungi,Ascomycota,Saccharomycotina,Saccharomycetales,Candida,Candida_sorboxylosa
a31e8a64520093d76dcecb05aff72b1e,Eukaryota,TSAR_Alveolata_Dinoflagellata,Syndiniales,Dino-Group-II,Dino-Group-II-Clade-5,Dino-Group-II-Clade-5_X,Dino-Group-II-Clade-5_X_sp.
a6182c64fc0836d9157673dfc9579ef8,Eukaryota,TSAR_Alveolata_Ciliophora,Oligohymenophorea,OLIGO5,OLIGO5_X,OLIGO5_XX,OLIGO5_XX_sp.
a7e7eab56ac5129cfaeb8aa040b63b1c,Eukaryota,Excavata_Discoba_Euglenozoa,Kinetoplastea,Kinetoplastea_X,Kinetoplastea_XX,Kinetoplastea_XX_MET6,Kinetoplastea_XX_MET6_sp.
b1b5c4ac4b086b671de7ddd2a668d5b0,Eukaryota,TSAR_Alveolata_Ciliophora,Spirotrichea,Oligotrichida,Strombidiidae,Strombidiidae_X,Strombidiidae_X_sp.
b5cdda2e1a63f78d6d62014d56ffc770,Eukaryota,TSAR_Alveolata_Dinoflagellata,Syndiniales,Dino-Group-III,Dino-Group-III_X,Dino-Group-III_XX,Dino-Group-III_XX_sp.
c47fc0ab25c75e4b6859f54422480f7a,Eukaryota,TSAR_Alveolata_Ciliophora,Spirotrichea,Oligotrichida,Strombidiidae,Strombidiidae_X,Strombidiidae_X_sp.
d0930949e40f7b4bf0db6d91d79a7b51,Eukaryota,TSAR_Rhizaria_Radiolaria,Polycystinea,Spumellaria,Euchitoniidae,,
daa4abf65bde83a08536f93c594e140e,Eukaryota,TSAR_Alveolata_Dinoflagellata,Syndiniales,Dino-Group-II,Dino-Group-II-Clade-10-and-11,Dino-Group-II-Clade-10-and-11_X,Dino-Group-II-Clade-10-and-11_X_sp.
e5ce485cd79f05c3b1e5b6a5407a4085,Eukaryota,Obazoa_Opisthokonta_Fungi,Basidiomycota,Agaricomycotina,Agaricomycetes,,
f7f0ed518921a7a4c722a42e93cdc0b6,Eukaryota,Archaeplastida_Chlorophyta_Chlorophyta_X,Chlorophyceae,Sphaeropleales,Sphaeropleales_X,Sphaeropleales_XX,Sphaeropleales_XX_sp.
1667a6f1907a8203eac19e780c53e62e,Eukaryota,TSAR_Alveolata_Dinoflagellata,Syndiniales,Dino-Group-II,Dino-Group-II-Clade-4,Amoebophrya,Amoebophrya_sp.
231f685d74676432b8be945d0698c765,Eukaryota,TSAR_Alveolata_Dinoflagellata,Syndiniales,Dino-Group-I,Dino-Group-I-Clade-5,Dino-Group-I-Clade-5_X,Dino-Group-I-Clade-5_X_sp.
3e820395c2c593044303ad32feea7d87,Eukaryota,TSAR_Alveolata_Ciliophora,Spirotrichea,Choreotrichida,Leegaardiellidae,Leegaardiella,Leegaardiella_sp.
4609a59358b992e9740db0ef7c73db1f,Eukaryota,TSAR_Alveolata_Ciliophora,CONThreeP,CONThreeP_X,Discotrichidae,NASSO_1,NASSO_1_sp.
772a47efe7a3ca0f2e5d381f1c4a6135,Eukaryota,TSAR_Alveolata_Dinoflagellata,Syndiniales,Dino-Group-III,Dino-Group-III_X,Dino-Group-III_XX,Dino-Group-III_XX_sp.
778a09b42aaa4912c7e2f1e7cfbf09d9,Eukaryota,TSAR_Alveolata_Dinoflagellata,Dinophyceae,Peridiniales,Blastodiniaceae,Blastodinium,Blastodinium_mangini
88888683c360b4295200b2c25b43583c,Eukaryota,Haptista_Haptophyta_Haptophyta_X,Prymnesiophyceae,Prymnesiales,Chrysochromulinaceae,Chrysochromulina,Chrysochromulina_sp.
8fb19b5deed0cfb0d596319315be5952,Eukaryota,TSAR_Stramenopiles_Bigyra,Opalozoa,Nanomonadea,MAST-3,MAST-3J,MAST-3J_sp.
91ea49a449765967ae0c0b2dd9587841,Eukaryota,TSAR_Rhizaria_Cercozoa,Endomyxa-Ascetosporea,Paradinida,Paradinidae,Paradinium,Paradinium_poucheti
a363e4cd55d83bd6f09b2da12f871291,Eukaryota,TSAR_Alveolata_Ciliophora,Plagiopylea,Plagiopylea_X,Trimyemidae,Trimyema,Trimyema_claviformis
b3893ba76483d879e8c79b743b232801,Eukaryota,TSAR_Alveolata_Dinoflagellata,Dinophyceae,,,,
b55a90d1aed10bc36299ecb17c1103d6,Eukaryota,TSAR_Rhizaria_Radiolaria,Polycystinea,Nassellaria,Sethoperidae,Archiscenium,Archiscenium_tricolpium
ceec3bcc3ca10c2a5baf9063a5c6e302,Eukaryota,TSAR_Alveolata_Ciliophora,Colpodea,Colpodea_X,Sandmanniellidae,Sandmanniella,
daf7c580f7f563c985221b4b71cc1ff5,Eukaryota,TSAR_Rhizaria_Foraminifera,Monothalamids,Monothalamids_X,Monothalamids_XX,,
e64a4c66720368e6bc42a345b048069f,Eukaryota,TSAR_Alveolata_Dinoflagellata,Syndiniales,Dino-Group-II,Dino-Group-II-Clade-10-and-11,Dino-Group-II-Clade-10-and-11_X,Dino-Group-II-Clade-10-and-11_X_sp.
ed78a096135c2cd17e6fa1c56e74e76c,Eukaryota,TSAR_Alveolata_Dinoflagellata,Dinophyceae,Dinophysales,Oxyphysiaceae,Phalachroma,
08a8cac4c66edabe81b794c9e7d43b79,Eukaryota,TSAR_Alveolata_Dinoflagellata,Syndiniales,Dino-Group-II,Dino-Group-II-Clade-26,Dino-Group-II-Clade-26_X,Dino-Group-II-Clade-26_X_sp.
0df7c55bf994b2d2417b9b26ed19dd7c,Eukaryota,TSAR_Stramenopiles_Bigyra,Opalozoa,Nanomonadea,MAST-3,MAST-3K,MAST-3K_sp.
1b9fc28cf63258b3bf5d3454b47ff439,Eukaryota,TSAR_Alveolata_Dinoflagellata,Dinophyceae,Prorocentrales,Prorocentraceae,Prorocentrum,
347dd309fc300524deba11cfd63a8297,Eukaryota,TSAR_Alveolata_Dinoflagellata,Syndiniales,Dino-Group-II,Dino-Group-II-Clade-6,Dino-Group-II-Clade-6_X,Dino-Group-II-Clade-6_X_sp.
3d44d8259f243b7d6fef75765059c923,Eukaryota,TSAR_Alveolata_Dinoflagellata,Dinophyceae,Peridiniales,Heterocapsaceae,Heterocapsa,
4185c8df6b8de2080668e7117fb3fb7b,Eukaryota,TSAR_Alveolata_Dinoflagellata,Dinophyceae,Dinophyceae_X,Dinophyceae_XX,Dinophyceae_XXX,Dinophyceae_XXX_sp.
5953cf20bf756baa5ed60fd12bc888d8,Eukaryota,Obazoa_Opisthokonta_Fungi,Ascomycota,Pezizomycotina,Eurotiomycetes,Penicillium,
6578d6f6d99d223a36d5b7edb02481cd,Eukaryota,TSAR_Stramenopiles_Gyrista,Pelagophyceae,Pelagomonadales,Pelagomonadales_clade_A,Pelagomonadales_clade_A1,Pelagomonadales_clade_A1_sp.
6b43f7e70ef18ce7f283e9a13dad1058,Eukaryota,Amoebozoa_Discosea_Discosea_X,Centramoebia,Acanthopodida,Acanthamoebidae,Acanthamoeba,Acanthamoeba_sp.
6d7dba8b0cec6513e5997889134ccee1,Eukaryota,TSAR_Alveolata_Dinoflagellata,Syndiniales,Dino-Group-II,Dino-Group-II-Clade-1,Dino-Group-II-Clade-1_X,Dino-Group-II-Clade-1_X_sp.
702710384f58eaa3a73d5328e9c19629,Eukaryota,TSAR_Alveolata_Dinoflagellata,Syndiniales,Dino-Group-II,Dino-Group-II-Clade-1,Dino-Group-II-Clade-1_X,Dino-Group-II-Clade-1_X_sp.
72a17fa4ac824a8d2859c7253f04f323,Eukaryota,TSAR_Alveolata_Dinoflagellata,Syndiniales,Dino-Group-II,Dino-Group-II-Clade-1,Dino-Group-II-Clade-1_X,Dino-Group-II-Clade-1_X_sp.
86de27b6a692b9e311383bd359914265,Eukaryota,TSAR_Stramenopiles_Bigyra,Sagenista,Sagenista_X,MAST-9,MAST-9A,MAST-9A_sp.
90fedb61a46a867311b59d7e0425702a,Eukaryota,TSAR_Stramenopiles_Gyrista,Bacillariophyceae,Naviculales,Naviculaceae,Navicula,
a5eb2f1bd4f6709b30ed3af7dabc8bbf,Eukaryota,TSAR_Alveolata_Dinoflagellata,Syndiniales,Dino-Group-II,Dino-Group-II-Clade-5,Dino-Group-II-Clade-5_X,Dino-Group-II-Clade-5_X_sp.
b78e2709a830dc2af21cada54cb810ad,Eukaryota,TSAR_Alveolata_Dinoflagellata,Dinophyceae,Dinophyceae_X,Dinophyceae_XX,Dinophyceae_XXX,Dinophyceae_XXX_sp.
bfb8bd60b2bca9b0414bbc2625328196,Eukaryota,TSAR_Alveolata_Ciliophora,Heterotrichea,Heterotrichea_X,Peritromidae,Peritromus,Peritromus_sp.
cb116aa9b3222c0762281085ac66e702,Eukaryota,Excavata_Discoba_Euglenozoa,Kinetoplastea,Kinetoplastea_X,Kinetoplastea_XX,Kinetoplastea_XXX,Kinetoplastea_XXX_sp.
cd0a276db3a3a985a50a643a25c255b0,Eukaryota,TSAR_Alveolata_Dinoflagellata,Dinophyceae,Peridiniales,Blastodiniaceae,Blastodinium,Blastodinium_mangini
d775f140763812e7c44c740f97873b92,Eukaryota,Archaeplastida_Streptophyta_Streptophyta_X,Embryophyceae,Embryophyceae_X,Embryophyceae_XX,Embryophyceae_XXX,Embryophyceae_XXX_sp.
d949497541fbab48ae8a823b66eb2271,Eukaryota,TSAR_Alveolata_Dinoflagellata,Dinophyceae,Dinophyceae_X,Dinophyceae_XX,Dinophyceae_XXX,Dinophyceae_XXX_sp.
dcff1348eb1e602e5b96a06082f02cd1,Eukaryota,Excavata_Discoba_Euglenozoa,Diplonemea,Diplonemida,Eupelagonemidae,Eupelagonemidae_X,Eupelagonemidae_X_sp.
dfa92c33b078eba9d3d8f44eb4e55228,Eukaryota,TSAR_Stramenopiles_Gyrista,Peronosporomycetes,Peronosporomycetes_X,Peronosporomycetes_XX,Albugo,Albugo_candida
e48d93b42ab8b24a612c35e816008a49,Eukaryota,TSAR_Alveolata_Dinoflagellata,Syndiniales,Dino-Group-II,Dino-Group-II-Clade-10-and-11,Dino-Group-II-Clade-10-and-11_X,Dino-Group-II-Clade-10-and-11_X_sp.
f1039cf97b3b9c22322d3701b7d50669,Eukaryota,Archaeplastida_Chlorophyta_Chlorophyta_X,Mamiellophyceae,Dolichomastigales,Dolichomastigaceae,Dolichomastix,Dolichomastix_tenuilepis
062b84e98fab17fe192be6d36aba6cc0,Eukaryota,Haptista_Haptophyta_Haptophyta_X,Haptophyta_Clade_HAP4,Haptophyta_Clade_HAP4_X,Haptophyta_Clade_HAP4_XX,Haptophyta_Clade_HAP4_XXX,Haptophyta_Clade_HAP4_XXX_sp.
0b6736f176832dbf8a21b1fc8b0a4268,Eukaryota,TSAR_Rhizaria_Cercozoa,Filosa-Thecofilosea,Cryomonadida,Protaspa-lineage,Protaspa,Protaspa_sp.
1e5ad93b6147c6e980cb6acaa1e7c177,Eukaryota,TSAR_Alveolata_Ciliophora,Oligohymenophorea,OLIGO5,OLIGO5_X,OLIGO5_XX,OLIGO5_XX_sp.
1f883bac9e7f0e5a6ed9cec7330b6b48,Eukaryota,TSAR_Alveolata_Dinoflagellata,Syndiniales,Dino-Group-II,Dino-Group-II_X,Dino-Group-II_XX,Dino-Group-II_XX_sp.
3fc636596199d4e98517c191755c0661,Eukaryota,TSAR_Alveolata_Dinoflagellata,Syndiniales,Dino-Group-II,Dino-Group-II-Clade-4,Dino-Group-II-Clade-4_X,Dino-Group-II-Clade-4_X_sp.
4d1e51271f779ad9f7b8779287a28816,Eukaryota,TSAR_Alveolata_Dinoflagellata,Dinophyceae,Peridiniales,,,
55b3a5b47e12535a79dea66039c4407f,Eukaryota,TSAR_Alveolata_Dinoflagellata,Dinophyceae,Peridiniales,,,
6f672d811d09bafe2dac73c581decbf8,Eukaryota,TSAR_Alveolata_Dinoflagellata,Dinophyceae,Peridiniales,Thoracosphaeraceae,Fusiperidinium,Fusiperidinium_wisconsinense
96f1e25de522d5153243af54302e70fb,Eukaryota,Obazoa_Opisthokonta_Fungi,Basidiomycota,Ustilaginomycotina,Exobasidiomycetes,Graphiola,Graphiola_cylindrica
9f3a2ddd2605badecdf69cc23e43dce4,Eukaryota,TSAR_Alveolata_Ciliophora,Spirotrichea,Choreotrichida,Choreotrichida_X,Choreotrichida_XX,Choreotrichida_XX_sp.
a8e40b59f961cd1e5f5b1b1cfa3befed,Eukaryota,TSAR_Alveolata_Apicomplexa,Coccidiomorphea,Marosporida,Margolisiellidae,Margolisiella,Margolisiella_islandica
b99ef9f6b939731dcde8cca9ef95a537,Eukaryota,TSAR_Rhizaria_Cercozoa,Phaeodarea,Phaeocystida,Aulacanthidae,Aulacantha,Aulacantha_scolymantha
c4abd70d7a2c5a95d047be264ff470cb,Eukaryota,TSAR_Rhizaria_Radiolaria,Polycystinea,Nassellaria,Triospyrididae,Ceratospyris,Ceratospyris_hyperborea
d12f393eddd0886912d1da37506b45ca,Eukaryota,TSAR_Alveolata_Dinoflagellata,Syndiniales,Dino-Group-II,Dino-Group-II-Clade-12,Dino-Group-II-Clade-12_X,Dino-Group-II-Clade-12_X_sp.
d491a3077143c99d17927340b55efa7e,Eukaryota,Obazoa_Opisthokonta_Fungi,Ascomycota,Pezizomycotina,Dothideomycetes,,
d77b30fbb3761fd55ef359bfd696f686,Eukaryota,TSAR_Alveolata_Dinoflagellata,Dinophyceae,Dinophyceae_X,Dinophyceae_XX,Dinophyceae_XXX,Dinophyceae_XXX_sp.
e158276ccbbae67f6537109eed408659,Eukaryota,TSAR_Alveolata_Dinoflagellata,Dinophyceae,Dinophyceae_X,Dinophyceae_XX,Dinophyceae_XXX,Dinophyceae_XXX_sp.
e55e906b25769dabf7f1e86462410a4e,Eukaryota,TSAR_Alveolata_Dinoflagellata,Syndiniales,Dino-Group-II,Dino-Group-II-Clade-21,Dino-Group-II-Clade-21_X,Dino-Group-II-Clade-21_X_sp.
e5b9c81c4ed5a9c8795b34dbe9b26745,Eukaryota,TSAR_Stramenopiles_Bigyra,Sagenista,Labyrinthulomycetes,Oblongichytridiaceae,Oblongichytrium,Oblongichytrium_sp.
f301562c47388c01588fba1b2d922d66,Eukaryota,TSAR_Alveolata_Dinoflagellata,Syndiniales,Dino-Group-II,Dino-Group-II-Clade-1,Dino-Group-II-Clade-1_X,Dino-Group-II-Clade-1_X_sp.
f49b1010c60fd774856d975220ba8e16,Eukaryota,TSAR_Stramenopiles_Bigyra,Sagenista,Labyrinthulomycetes,Labyrinthulomycetes_LAB16,Labyrinthulomycetes_LAB16_X,Labyrinthulomycetes_LAB16_X_sp.
10a061ee7257c26270a92404b0c0634a,Eukaryota,TSAR_Rhizaria_Radiolaria,RAD-B,RAD-B_X,RAD-B_X_Group-Ib,RAD-B_X_Group-Ib_X,RAD-B_X_Group-Ib_X_sp.
1c752e89c02165d5e3652507a6c86d9a,Eukaryota,Obazoa_Opisthokonta_Fungi,Blastocladiomycota,Blastocladiomycotina,Blastocladiomycetes,Blastocladiomycota_XX,Blastocladiomycota_X_sp.
1e2e2b9c445c8ab9b6e18d7b0a33d697,Eukaryota,TSAR_Stramenopiles_Gyrista,Bacillariophyceae,Bacillariales,Bacillariaceae,,
20b26edc6335491c807655ddaa14ff17,Eukaryota,TSAR_Alveolata_Dinoflagellata,Syndiniales,Dino-Group-II,,,
2ad6680775237c4f9a53751de5638552,Eukaryota,Excavata_Discoba_Euglenozoa,Diplonemea,Diplonemida,Eupelagonemidae,Eupelagonemidae_X,Eupelagonemidae_X_sp.
3186dd4d058409483b1b69ac28e08f4a,Eukaryota,TSAR_Alveolata_Dinoflagellata,Dinophyceae,Dinophyceae_X,Dinophyceae_XX,Dinophyceae_XXX,Dinophyceae_XXX_sp.
385660346ee061d2249ba2542baf9580,Eukaryota,Obazoa_Opisthokonta_Fungi,Zoopagomycota,Entomophthoromycotina,Entomophthoromycotina_X,Pandora,Pandora_kondoiensis
394becbf4d8fbf70c1972746328d822e,Eukaryota,Obazoa_Opisthokonta_Fungi,Ascomycota,Pezizomycotina,Dothideomycetes,,
50ef8851601f956e7c34ac2c05b2a933,Eukaryota,TSAR_Stramenopiles_Gyrista,Chrysophyceae,Ochromonadales,Ochromonadaceae,Acrispumella,Acrispumella_msimbaziensis
5437fff36d7c356fe05dda68a2d6636f,Eukaryota,TSAR_Rhizaria_Radiolaria,Polycystinea,Spumellaria,Spongopylidae,Schizodiscus,Schizodiscus_sp.
569a4006c6346d729ecce0cd06ed0055,Eukaryota,Amoebozoa_Discosea_Discosea_X,Flabellinia,Dactylopodida,Paramoebidae,Neoparamoeba,Neoparamoeba_branchiphila
6059d9d835c07f2ea7d5b1964418e7e6,Eukaryota,TSAR_Rhizaria_Foraminifera,Globothalamea,Rotaliida,Uvigerinidae,Uvigerina,Uvigerina_phlegeri
80635dacf824b0b1b73c2b4fc9836718,Eukaryota,TSAR_Rhizaria_Cercozoa,Filosa-Thecofilosea,Cryomonadida,Rhogostoma-lineage,Rhogostoma-lineage_X,Rhogostoma-lineage_X_sp.
9600ace74683a65f4a4f36e0539c5c55,Eukaryota,Excavata_Discoba_Euglenozoa,Euglenophyceae,Rapazida,Rapazidae,Rapaza,Rapaza_viridis
b48b00bda883736d2f4681660fd82bb7,Eukaryota,TSAR_Stramenopiles_Bigyra,Sagenista,Labyrinthulomycetes,Oblongichytridiaceae,Oblongichytrium,Oblongichytrium_sp.
b94f2cdb3fff7c79986eab8929a457af,Eukaryota,TSAR_Alveolata_Dinoflagellata,Dinophyceae,Gymnodiniales,Gymnodiniaceae,Gyrodinium,Gyrodinium_sp.
c4082c1c0431c3436fabfaa733c6c67d,Eukaryota,Haptista_Haptophyta_Haptophyta_X,Prymnesiophyceae,Prymnesiales,Prymnesiaceae,Prymnesium,
dcdd40cf6ecc131983a660181a0732f1,Eukaryota,TSAR_Stramenopiles_Gyrista,Bacillariophyceae,Naviculales,Naviculaceae,Navicula,
de666f1efd9824af09d3394d90bd1686,Eukaryota,TSAR_Alveolata_Dinoflagellata,Dinophyceae,Dinophysales,Dinophysaceae,Ornithocercus,
f812d250e06a132c71eccb357d6fedb8,Eukaryota,TSAR_Alveolata_Dinoflagellata,Dinophyceae,Prorocentrales,Prorocentraceae,Prorocentrum,
136c17b6430af4cc6d2fb0f96c18f68e,Eukaryota,TSAR_Alveolata_Dinoflagellata,Syndiniales,Dino-Group-I,Dino-Group-I-Clade-5,Dino-Group-I-Clade-5_X,Dino-Group-I-Clade-5_X_sp.
2490f00a5febf749a66aca1c261e5ef5,Eukaryota,TSAR_Alveolata_Dinoflagellata,Dinophyceae,Dinophyceae_X,Dinophyceae_XX,Dinophyceae_XXX,Dinophyceae_XXX_sp.
3244bbbbdda18640b3ca5aead193b597,Eukaryota,TSAR_Rhizaria_Foraminifera,Monothalamids,Monothalamids_X,Monothalamids_XX,,
3397b6e7fd15d569e19d2f616a6ce8f5,Eukaryota,TSAR_Alveolata_Dinoflagellata,Syndiniales,Dino-Group-II,Dino-Group-II-Clade-1,Dino-Group-II-Clade-1_X,Dino-Group-II-Clade-1_X_sp.
49228169586028138d6af0a97bf7498a,Eukaryota,TSAR_Alveolata_Dinoflagellata,Syndiniales,Dino-Group-II,Dino-Group-II-Clade-21,Dino-Group-II-Clade-21_X,Dino-Group-II-Clade-21_X_sp.
590f8bf08a9a8c431b41caf774548994,Eukaryota,Obazoa_Opisthokonta_Fungi,Ascomycota,Pezizomycotina,Leotiomycetes,Helotiales,Helotiales_sp.
5ebf3234e99a87f01bc50d98f590e734,Eukaryota,TSAR_Stramenopiles_Gyrista,Bacillariophyceae,Naviculales,,,
61e4304847dee39c6dba5804dae61d2c,Eukaryota,TSAR_Alveolata_Dinoflagellata,Dinophyceae,Prorocentrales,Prorocentraceae,Prorocentrum,
6ce498648b41073675941bcf0889afcb,Eukaryota,TSAR_Alveolata_Dinoflagellata,Syndiniales,Dino-Group-II,Dino-Group-II-Clade-22,Dino-Group-II-Clade-22_X,Dino-Group-II-Clade-22_X_sp.
6daafc14ea1d89beb9246455dc3a1ca0,Eukaryota,TSAR_Alveolata_Dinoflagellata,Syndiniales,Dino-Group-II,Dino-Group-II-Clade-5,Dino-Group-II-Clade-5_X,Dino-Group-II-Clade-5_X_sp.
737d7d0b996e71d53c243a47a45dbb02,Eukaryota,TSAR_Alveolata_Dinoflagellata,Syndiniales,Dino-Group-II,Dino-Group-II-Clade-1,Dino-Group-II-Clade-1_X,Dino-Group-II-Clade-1_X_sp.
7575ccabc65c27a8e680d5c69188b8b8,Eukaryota,TSAR_Alveolata_Dinoflagellata,Dinophyceae,Dinophyceae_X,Dinophyceae_XX,Dinophyceae_XXX,Dinophyceae_XXX_sp.
848a023242a03d5c4f24209720368504,Eukaryota,TSAR_Alveolata_Dinoflagellata,Syndiniales,,,,
8832d87ce596e4d92dd399d92d0a2336,Eukaryota,TSAR_Stramenopiles_Gyrista,Mediophyceae,Chaetocerotales,Chaetocerotaceae,Chaetoceros,Chaetoceros_sp._Clade-Na13C1
8dd28ab19e55f53b0d8d2f676c55fd67,Eukaryota,TSAR_Alveolata_Ciliophora,Spirotrichea,Oligotrichida,Tontoniidae,,
a0005ca1c43ae71ad1c6fa1b3991e704,Eukaryota,TSAR_Alveolata_Dinoflagellata,Syndiniales,Dino-Group-II,,,
a2d908ecc5d1fb7c4491debb23fa1566,Eukaryota,Obazoa_Opisthokonta_Fungi,Basidiomycota,Agaricomycotina,Agaricomycetes,,
b4b929da14286cbbd2b6d13fbac18a18,Eukaryota,TSAR_Rhizaria_Cercozoa,Filosa-Thecofilosea,Filosa-Thecofilosea_X,Mataza-lineage,Mataza-lineage_X,Mataza-lineage_X_sp.
b673bb1511e441dd6ba2aa9c644ff93f,Eukaryota,TSAR_Stramenopiles_Gyrista,Bacillariophyceae,,,,
bcc86890465c8c5a5d2d6938683c72ab,Eukaryota,TSAR_Alveolata_Dinoflagellata,Dinophyceae,Peridiniales,Thoracosphaeraceae,Scrippsiella,
cbd4db393d9703b0133a685f3714630c,Eukaryota,TSAR_Alveolata_Dinoflagellata,Syndiniales,Dino-Group-II,Dino-Group-II-Clade-1,Dino-Group-II-Clade-1_X,Dino-Group-II-Clade-1_X_sp.
d06e7002c60734194ae41eb15c6c7fa4,Eukaryota,TSAR_Alveolata_Dinoflagellata,Syndiniales,Dino-Group-II,Dino-Group-II-Clade-10-and-11,Dino-Group-II-Clade-10-and-11_X,Dino-Group-II-Clade-10-and-11_X_sp.
d3761cd19fcce9de4a5ca82281976967,Eukaryota,TSAR_Alveolata_Dinoflagellata,Dinophyceae,Dinophyceae_X,Dinophyceae_XX,Dinophyceae_XXX,Dinophyceae_XXX_sp.
d5242aa7d67d8bbcaa8cdf2ec7961ab8,Eukaryota,TSAR_Alveolata_Dinoflagellata,Syndiniales,Dino-Group-II,Dino-Group-II-Clade-21,Dino-Group-II-Clade-21_X,Dino-Group-II-Clade-21_X_sp.
d903375c0fa8d9f6a17cc0876e0de19c,Eukaryota,Obazoa_Opisthokonta_Ichthyosporea,Ichthyophonida,Pseudoperkinsidae,Pseudoperkinsidae_X,Anurofeca,
da9706b177eed2a675b1aea4eaaa5b52,Eukaryota,TSAR_Alveolata_Ciliophora,Spirotrichea,Choreotrichida,Choreotrichida_X,Choreotrichida_XX,Choreotrichida_XX_sp.
de9b0c7ccfe1be575b03f9ffd4b1bc56,Eukaryota,Excavata_Discoba_Euglenozoa,Diplonemea,Diplonemida,Eupelagonemidae,Eupelagonemidae_X,Eupelagonemidae_X_sp.
e0565f4c5d8a517fd06a0cb00b7b4ef9,Eukaryota,TSAR_Stramenopiles_Bigyra,Opalozoa,Opalozoa_X,MAST-12,MAST-12A,MAST-12A_sp.
ec0e7741033b264c50c16fb376cc2a2b,Eukaryota,TSAR_Stramenopiles_Bigyra,Opalozoa,Nanomonadea,MAST-3,MAST-3I,MAST-3I_sp.
f3a2ddc224747f85f6cac891f75bf4be,Eukaryota,TSAR_Alveolata_Dinoflagellata,Dinophyceae,,,,
f7a84eef598a053564028f48259a4037,Eukaryota,TSAR_Rhizaria_Radiolaria,Acantharea,Acantharea_4,Acantharea_4d,Acantharea_4d_X,Acantharea_4d_X_sp.
fe54b0112c0033b52689101d1b7c069d,Eukaryota,TSAR_Alveolata_Dinoflagellata,Syndiniales,Dino-Group-II,Dino-Group-II-Clade-22,Dino-Group-II-Clade-22_X,Dino-Group-II-Clade-22_X_sp.
05bc90546ad4456d9a83f06c0c7b544c,Eukaryota,TSAR_Stramenopiles_Gyrista,Peronosporomycetes,Peronosporomycetes_X,Haliphthorales,Haliphthoros,Haliphthoros_sp.
0a5c15ef9fb4aa935014b44f6e75c267,Eukaryota,Excavata_Discoba_Euglenozoa,Diplonemea,Diplonemida,Eupelagonemidae,Eupelagonemidae_X,Eupelagonemidae_X_sp.
0ccf4484fac081fdfb5c8ccdbf455ca3,Eukaryota,TSAR_Alveolata_Dinoflagellata,Dinophyceae,Dinophyceae_X,Dinophyceae_XX,Dinophyceae_XXX,Dinophyceae_XXX_sp.
1029a207f2b755108e3a17eabecfe355,Eukaryota,TSAR_Alveolata_Dinoflagellata,Dinophyceae,Peridiniales,Blastodiniaceae,Blastodinium,Blastodinium_contortum
156c7334e7abac33057ca1dbb868e030,Eukaryota,Amoebozoa_Evosea_Evosea_X,Variosea,Variosea_X,Filamoebidae,Filamoeba,Filamoeba_sp.
1741b73d83ed518a59887789a6b49557,Eukaryota,TSAR_Alveolata_Dinoflagellata,Syndiniales,Dino-Group-I,Dino-Group-I-Clade-4,Dino-Group-I-Clade-4_X,Dino-Group-I-Clade-4_X_sp.
236be61b0221c6fc2716bcad26434416,Eukaryota,Archaeplastida_Rhodophyta_Eurhodophytina,Florideophyceae,Ceramiales,Rhodomelaceae,Rhodomelaceae_X,Rhodomelaceae_X_sp.
2655169b8b659344e9aa93f11c6320f8,Eukaryota,Obazoa_Opisthokonta_Fungi,Basidiomycota,Pucciniomycotina,Cystobasidiomycetes,Sporobolomyces,
2e8467b146d0483da9bf94bded45cf5b,Eukaryota,TSAR_Alveolata_Ciliophora,Spirotrichea,Choreotrichida-Tintinnina,Eutintinnidae,Eutintinnus,Eutintinnus_fraknoii
2fcfaeffa08517a01761142325cd9761,Eukaryota,Excavata_Discoba_Discoba_X,Heterolobosea,Tetramitia_V,Vahlkampfiidae_V,Tetramitus,
437bb6881fc9ea6e37147f8c4c960156,Eukaryota,TSAR_Alveolata_Dinoflagellata,Syndiniales,Dino-Group-V,Dino-Group-V_X,Dino-Group-V_XX,Dino-Group-V_XX_sp.
47dc77d2a0bf463eebfae4a22da0d9fd,Eukaryota,Obazoa_Opisthokonta_Fungi,Basidiomycota,Agaricomycotina,Tremellomycetes,,
504bed511852f0533c1ef50ac214a636,Eukaryota,TSAR_Stramenopiles_Bigyra,Opalozoa,Opalozoa_X,MAST-12,MAST-12A,MAST-12A_sp.
5d54e108f5092baef5e1546edaff79f3,Eukaryota,TSAR_Alveolata_Dinoflagellata,Syndiniales,Dino-Group-II,Dino-Group-II-Clade-4,,
65680b9b2f1b92537ec7c2dcbdda0cdc,Eukaryota,TSAR_Alveolata_Dinoflagellata,Syndiniales,Dino-Group-II,Dino-Group-II-Clade-12,Dino-Group-II-Clade-12_X,Dino-Group-II-Clade-12_X_sp.
6d2f2dde3a027dfb90dca4f13ff63e7e,Eukaryota,TSAR_Alveolata_Dinoflagellata,Dinophyceae,Dinophyceae_X,Dinophyceae_XX,Dinophyceae_XXX,Dinophyceae_XXX_sp.
7614a033c6e828550e770afe9e462266,Eukaryota,TSAR_Alveolata_Dinoflagellata,Syndiniales,Dino-Group-II,,,
774fb1bb58d8ce81179148c70be620e5,Eukaryota,TSAR_Alveolata_Dinoflagellata,Syndiniales,Dino-Group-II,Dino-Group-II_X,Dino-Group-II_XX,Dino-Group-II_XX_sp.
8ce78a7721d46debddeb1d356042f3a6,Eukaryota,TSAR_Alveolata_Dinoflagellata,Dinophyceae,Dinophyceae_X,Dinophyceae_XX,Dinophyceae_XXX,Dinophyceae_XXX_sp.
993c282ea6201c24d4c8dd9460d2f6c8,Eukaryota,TSAR_Alveolata_Dinoflagellata,Dinophyceae,Dinophyceae_X,Dinophyceae_XX,Dinophyceae_XXX,Dinophyceae_XXX_sp.
a3a2bb6789a9957bc787ac8a7f37bfdb,Eukaryota,Excavata_Discoba_Euglenozoa,Diplonemea,Diplonemida,Eupelagonemidae,Eupelagonemidae_X,Eupelagonemidae_X_sp.
b05e863e85002cd85f825272197e1428,Eukaryota,TSAR_Alveolata_Dinoflagellata,Syndiniales,Dino-Group-II,Dino-Group-II-Clade-4,Amoebophrya,Amoebophrya_sp.
b37c65abd062f438827c17ef7c83f1d1,Eukaryota,TSAR_Alveolata_Dinoflagellata,Dinophyceae,Peridiniales,Blastodiniaceae,Blastodinium,Blastodinium_mangini
ba5c5616380eab231166629e8b323c38,Eukaryota,TSAR_Rhizaria_Cercozoa,Endomyxa-Ascetosporea,Paramyxida,Paramyxida_X,,
c2f2e373856321846d9e204428f539a6,Eukaryota,TSAR_Alveolata_Dinoflagellata,Dinophyceae,Gymnodiniales,Gymnodiniaceae,Margalefidinium,Margalefidinium_polykrikoides
cdf8c6d4908ade142b7d83b4924242d5,Eukaryota,Haptista_Haptophyta_Haptophyta_X,Prymnesiophyceae,Prymnesiales,Prymnesiaceae,,
d06c126340f1595c778ab3e411124945,Eukaryota,Obazoa_Opisthokonta_Fungi,Ascomycota,Pezizomycotina,Leotiomycetes,Erysiphe,Erysiphe_pisi
d32d1b115e7ce9d7e3ec74691d35e3f1,Eukaryota,Obazoa_Opisthokonta_Fungi,Basidiomycota,Agaricomycotina,Agaricomycetes,Sistotrema,
d4a71971a67c2f8eef4fb83d422a25eb,Eukaryota,TSAR_Alveolata_Dinoflagellata,Dinophyceae,,,,
da1c8a88cf0df4789538b5c4fe23324d,Eukaryota,TSAR_Alveolata_Dinoflagellata,Syndiniales,Dino-Group-II,Dino-Group-II_X,Dino-Group-II_XX,Dino-Group-II_XX_sp.
ebded450302d4e1790c47f3bdff8126f,Eukaryota,TSAR_Alveolata_Dinoflagellata,Syndiniales,Dino-Group-II,Dino-Group-II-Clade-14,Dino-Group-II-Clade-14_X,Dino-Group-II-Clade-14_X_sp.
f58e59d334b39cedb6369755b957c545,Eukaryota,Excavata_Discoba_Euglenozoa,Diplonemea,Diplonemida,Eupelagonemidae,Eupelagonemidae_X,Eupelagonemidae_X_sp.
ff96a610b28d33dfafab211e9e2585c2,Eukaryota,TSAR_Alveolata_Dinoflagellata,Syndiniales,Dino-Group-II,Dino-Group-II-Clade-10-and-11,Dino-Group-II-Clade-10-and-11_X,Dino-Group-II-Clade-10-and-11_X_sp.
03d6509c5261ef97f7ed8b58a29e1a0a,Eukaryota,TSAR_Stramenopiles_Gyrista,Coscinodiscophyceae,Rhizosoleniales,Rhizosoleniaceae,Rhizosolenia,
07e05163d0496e3a496d6757ff62147a,Eukaryota,TSAR_Alveolata_Dinoflagellata,Syndiniales,Dino-Group-II,Dino-Group-II-Clade-1,Dino-Group-II-Clade-1_X,Dino-Group-II-Clade-1_X_sp.
0bccd7daea5b0de146f2fb0e9c311679,Eukaryota,TSAR_Stramenopiles_Gyrista,Dictyochophyceae,Dictyochophyceae_X,Pedinellales,Apedinella,Apedinella_radians
1376a82fa88a58f9188ddcea47022378,Eukaryota,TSAR_Alveolata_Ciliophora,Oligohymenophorea,OLIGO5,OLIGO5_X,OLIGO5_XX,OLIGO5_XX_sp.
1490672ad69f01c8aa9fb66f46cf273a,Eukaryota,TSAR_Alveolata_Dinoflagellata,Syndiniales,Dino-Group-II,Dino-Group-II-Clade-2,Dino-Group-II-Clade-2_X,Dino-Group-II-Clade-2_X_sp.
37d07374c96c52a2d531c41fbbd9913d,Eukaryota,TSAR_Alveolata_Dinoflagellata,Dinophyceae,Dinophyceae_X,Dinophyceae_XX,Dinophyceae_XXX,Dinophyceae_XXX_sp.
3f3a467441ac0090b2403cf34a0b7201,Eukaryota,TSAR_Alveolata_Dinoflagellata,Dinophyceae,Gonyaulacales,Pyrocystaceae,Alexandrium,Alexandrium_ostenfeldii
47272db9ab8491843bf48d373eef05b2,Eukaryota,TSAR_Rhizaria_Radiolaria,Polycystinea,Nassellaria,Cannobotryidae,Cannobotryidae_X,Cannobotryidae_X_sp.
49c3b435e650d9f7cd06794d45126343,Eukaryota,TSAR_Alveolata_Ciliophora,CONThreeP,CONThreeP_X,Discotrichidae,NASSO_1,NASSO_1_sp.
5e1f082b7e7ad2d025fcbb94d21ae34b,Eukaryota,TSAR_Alveolata_Dinoflagellata,,,,,
60575bea652d10c9ef9b9b10ad4f86aa,Eukaryota,TSAR_Alveolata_Dinoflagellata,Dinophyceae,,,,
6b057f99d4397ed49000019905273a6a,Eukaryota,TSAR_Stramenopiles_Bigyra,Sagenista,Labyrinthulomycetes,Oblongichytridiaceae,Oblongichytrium,Oblongichytrium_sp.
6f0f95b95df8e189100b0be81be9f3d7,Eukaryota,Excavata_Discoba_Discoba_X,Heterolobosea,Pharyngomonada,Pharyngomonadidae,Pharyngomonas,Pharyngomonas_sp.
7508c37d87e1705f83a0921bdc6cfd1b,Eukaryota,TSAR_Stramenopiles_Bigyra,Sagenista,Labyrinthulomycetes,Labyrinthulomycetes_LAB4,Labyrinthulomycetes_LAB4_X,Labyrinthulomycetes_LAB4_X_sp.
79273228f8361fea490d79b191e6c360,Eukaryota,TSAR_Stramenopiles_Gyrista,Mediophyceae,Mediophyceae_X,Mediophyceae_XX,Mediophyceae_XXX,Mediophyceae_XXX_sp.
7ac9400250cff01e7219fb149220b1d8,Eukaryota,TSAR_Alveolata_Ciliophora,Spirotrichea,Choreotrichida-Tintinnina,Undellidae,Undellidae_X,Undellidae_X_sp.
7b46d4bf1136a441d122458321eb248e,Eukaryota,TSAR_Rhizaria_Cercozoa,Filosa-Imbricatea,Thaumatomonadida,,,
7c4c73f04a58ded8951c7b29b88f5bde,Eukaryota,Archaeplastida_Streptophyta_Streptophyta_X,Embryophyceae,Embryophyceae_X,Embryophyceae_XX,Asclepias,
8302ab18f2c3d8e46e7cfa3ea281d864,Eukaryota,TSAR_Alveolata_Dinoflagellata,Dinophyceae,Peridiniales,Amphidomataceae,Azadinium,Azadinium_concinnum
846a5ad4fd7cc7ec28007439301b4250,Eukaryota,Excavata_Discoba_Discoba_X,Heterolobosea,Percolatea,Lulaidae,Lula,Lula_levis
8544f5e72f97648a60b504184894f5cc,Eukaryota,TSAR_Rhizaria_Radiolaria,Polycystinea,Spumellaria,Spongopylidae,,
93d7c1ee532a9e556ee171bf696cba0b,Eukaryota,Obazoa_Opisthokonta_Fungi,Ascomycota,Saccharomycotina,Saccharomycetales,,
9fbedcd05127f26631bfb8564a032601,Eukaryota,Excavata_Discoba_Euglenozoa,Diplonemea,Diplonemida,Eupelagonemidae,Eupelagonemidae_X,Eupelagonemidae_X_sp.
a08cb2eab7d65cb3b30369dde3d088f3,Eukaryota,TSAR_Alveolata_Dinoflagellata,Dinophyceae,Peridiniales,Thoracosphaeraceae,,
a1442d555040ef587e11650c1b7cffb9,Eukaryota,TSAR_Alveolata_Dinoflagellata,Dinophyceae,Peridiniales,Blastodiniaceae,Blastodinium,Blastodinium_oviforme
a3248e49f0ccf050098c3fadce21817b,Eukaryota,Amoebozoa_Discosea_Discosea_X,Flabellinia,Vannellida,Vannellidae,Vannella,Vannella_sp.
a4b1d08100817a00a5ca98273864b26f,Eukaryota,TSAR_Alveolata_Dinoflagellata,Dinophyceae,Dinophyceae_X,Dinophyceae_XX,Dinophyceae_XXX,Dinophyceae_XXX_sp.
a5fbe2df87a86870c380e0abc6903b01,Eukaryota,TSAR_Alveolata_Dinoflagellata,Dinophyceae,Dinophyceae_X,Dinophyceae_XX,Dinophyceae_XXX,Dinophyceae_XXX_sp.
a802a1688e3d7c2a91ff4310bbde3fbb,Eukaryota,TSAR_Alveolata_Dinoflagellata,Dinophyceae,Peridiniales,Blastodiniaceae,Blastodinium,Blastodinium_contortum
ae56565f4fa3fceffb3307adaf376f9e,Eukaryota,TSAR_Alveolata_Ciliophora,Spirotrichea,Choreotrichida,Strombidinopsidae,Strombidinopsis,
b0df45db824d2fa690e5e5a2f03098d4,Eukaryota,TSAR_Alveolata_Dinoflagellata,Dinophyceae,Dinophyceae_X,Dinophyceae_XX,Dinophyceae_XXX,Dinophyceae_XXX_sp.
c4e1e19468e7f95b0c1a862b6a5361a7,Eukaryota,TSAR_Alveolata_Dinoflagellata,Dinophyceae,Peridiniales,Blastodiniaceae,Blastodinium,Blastodinium_spinulosum
c798ee7f282ce37fb5b24e9bb2be70c6,Eukaryota,TSAR_Alveolata_Dinoflagellata,Syndiniales,Dino-Group-II,Dino-Group-II-Clade-1,Dino-Group-II-Clade-1_X,Dino-Group-II-Clade-1_X_sp.
c7d2bf71415d2a47fefbcf9fdecfbc40,Eukaryota,TSAR_Stramenopiles_Gyrista,Pelagophyceae,Pelagomonadales,Pelagomonadaceae,Aureococcus,Aureococcus_anophagefferens
c86a4648898846e5335b63fee481c1f2,Eukaryota,TSAR_Rhizaria_Foraminifera,Monothalamids,Monothalamids_X,Monothalamids_XX,,
c8cb39685b1f31afe576d56fa92752fe,Eukaryota,Obazoa_Opisthokonta_Fungi,Basidiomycota,Agaricomycotina,Agaricomycetes,Hyphodontia,Hyphodontia_crustosa
d29eb05383836963322c875ba27ed720,Eukaryota,TSAR_Alveolata_Dinoflagellata,Syndiniales,Dino-Group-II,Dino-Group-II-Clade-5,Dino-Group-II-Clade-5_X,Dino-Group-II-Clade-5_X_sp.
d7891950de669b64e9d5afcbeae6c65a,Eukaryota,TSAR_Stramenopiles_Gyrista,Peronosporomycetes,Peronosporomycetes_X,Peronosporales,Phytophthora,
d8c00770652a7f96a2126d01773ac997,Eukaryota,TSAR_Alveolata_Dinoflagellata,Dinophyceae,Dinophyceae_X,Dinophyceae_XX,Dinophyceae_XXX,Dinophyceae_XXX_sp.
dbeaf37d2e3881ecee5ec5b84b4647cc,Eukaryota,TSAR_Alveolata_Dinoflagellata,Dinophyceae,Peridiniales,,,
e1241ee367f13c7ea41f095b89eefd79,Eukaryota,TSAR_Alveolata_Dinoflagellata,Syndiniales,Dino-Group-II,,,
e2d38f219f59ce85b794da983a0aa2bc,Eukaryota,Excavata_Discoba_Euglenozoa,Diplonemea,Diplonemida,Eupelagonemidae,Eupelagonemidae_X,Eupelagonemidae_X_sp.
eaf33683de12a022d238dc5193722f4e,Eukaryota,TSAR_Stramenopiles_Gyrista,Bacillariophyceae,Bacillariophyceae_X,Bacillariophyceae_XX,Bacillariophyceae_XXX,Bacillariophyceae_XXX_sp.
f560265bf92b0ccb50eddd30bd87c0bf,Eukaryota,TSAR_Alveolata_Dinoflagellata,Dinophyceae,Peridiniales,Thoracosphaeraceae,Scrippsiella,
f7b82f57bae1c9f7c472b1935787c85e,Eukaryota,TSAR_Alveolata_Dinoflagellata,Syndiniales,,,,
fd54ac947e5e6966e5e58fea9c614998,Eukaryota,TSAR_Stramenopiles_Gyrista,Mediophyceae,Thalassiosirales,Thalassiosiraceae,Thalassiosira,
0b7be689114bbafb75c21969d330075f,Eukaryota,TSAR_Alveolata_Dinoflagellata,Dinophyceae,Dinophyceae_X,Dinophyceae_XX,Dinophyceae_XXX,Dinophyceae_XXX_sp.
0be1e937db3532c8f504e7384605819e,Eukaryota,Excavata_Discoba_Euglenozoa,Diplonemea,Diplonemida,Eupelagonemidae,Eupelagonemidae_X,Eupelagonemidae_X_sp.
2e16696a0a7cad260fd68904a77a4fd2,Eukaryota,TSAR_Alveolata_Dinoflagellata,Dinophyceae,Dinophyceae_X,Dinophyceae_XX,Dinophyceae_XXX,Dinophyceae_XXX_sp.
308f12f64547b53150f7f6783f58ba52,Eukaryota,Archaeplastida_Chlorophyta_Chlorophyta_X,Mamiellophyceae,Dolichomastigales,Dolichomastigaceae,Dolichomastix,Dolichomastix_tenuilepis
3b70de1ce9ac1bdfe81859b09453d171,Eukaryota,TSAR_Alveolata_Dinoflagellata,Syndiniales,Dino-Group-II,Dino-Group-II-Clade-1,Dino-Group-II-Clade-1_X,Dino-Group-II-Clade-1_X_sp.
44cbca2ec31b4437f461d47d2637aa9b,Eukaryota,Obazoa_Opisthokonta_Fungi,Basidiomycota,Agaricomycotina,Agaricomycetes,,
538f44f8f6ef8d99a437faf446269d76,Eukaryota,Obazoa_Opisthokonta_Fungi,Ascomycota,Saccharomycotina,Saccharomycetales,Candida,
5c53519e1c4bea9b156fb6477ba52a76,Eukaryota,TSAR_Stramenopiles_Bigyra,Bicoecea,Bicoecea_X,Bicoecea_XX,Bicoecea_XXX,Bicoecea_XXX_sp.
6be1a62676ac2b62c468cec35d640f7c,Eukaryota,TSAR_Alveolata_Ciliophora,Spirotrichea,,,,
72ef453152abba5967e9c614c8f60f12,Eukaryota,Excavata_Discoba_Euglenozoa,Diplonemea,Diplonemida,Eupelagonemidae,Eupelagonemidae_X,Eupelagonemidae_X_sp.
88e67c3c11f198df441a08503e8adb97,Eukaryota,Obazoa_Opisthokonta_Fungi,Basidiomycota,Agaricomycotina,Agaricomycetes,,
a29cc125ed28a0635bd890f6652d77d0,Eukaryota,TSAR_Rhizaria_Radiolaria,Polycystinea,Spumellaria,Hexalonchidae,Hexacontium,
b032d2b13f5a36d2f14c7f9f1d403859,Eukaryota,Obazoa_Opisthokonta_Fungi,Basidiomycota,Agaricomycotina,Agaricomycetes,,
b0a165d24bc27369da348dfe242d46d0,Eukaryota,Archaeplastida_Chlorophyta_Chlorophyta_X,Trebouxiophyceae,Microthamniales,Microthamniales_X,Trebouxia,
b18db39e17d7ff3454391d40e97dcd03,Eukaryota,TSAR_Rhizaria_Radiolaria,Polycystinea,Nassellaria,Sethoperidae,Archiscenium,Archiscenium_tricolpium
c1e130be1bb667676b0609e201b1e421,Eukaryota,TSAR_Alveolata_Dinoflagellata,Syndiniales,Dino-Group-II,Dino-Group-II-Clade-33,Dino-Group-II-Clade-33_X,Dino-Group-II-Clade-33_X_sp.
c71c8c54a595ac5f1a69d3f604396bb7,Eukaryota,Obazoa_Opisthokonta_Fungi,Ascomycota,Pezizomycotina,Pezizomycetes,Pezizomycetes_X,Pezizomycetes_X_sp.
ced733122e7aebaeba0aab2b31f74d56,Eukaryota,Archaeplastida_Streptophyta_Streptophyta_X,Embryophyceae,Embryophyceae_X,Embryophyceae_XX,Embryophyceae_XXX,Embryophyceae_XXX_sp.
d3669d41daa840c2d203a006d6baf58e,Eukaryota,Excavata_Discoba_Euglenozoa,Kinetoplastea,Kinetoplastea_X,Kinetoplastea_XX,Kinetoplastea_XX_MET10,Kinetoplastea_XX_MET10_sp.
d99b50695c56cfda2c9cde17b6ab287c,Eukaryota,TSAR_Alveolata_Dinoflagellata,Dinophyceae,,,,
dbfcec9bdeeaf917829952c853c41702,Eukaryota,Obazoa_Opisthokonta_Fungi,Basidiomycota,Agaricomycotina,Agaricomycetes,,
dcf49bc4fb888cd34f0081c0f57df400,Eukaryota,TSAR_Rhizaria_Cercozoa,Filosa-Thecofilosea,Cryomonadida,Rhogostoma-lineage,Rhogostoma,
f26f103ef41dd96b6785da4be890eaad,Eukaryota,TSAR_Alveolata_Dinoflagellata,Syndiniales,Dino-Group-II,Dino-Group-II-Clade-15,Dino-Group-II-Clade-15_X,Dino-Group-II-Clade-15_X_sp.
f5784015260342bfd61702249fd56e91,Eukaryota,TSAR_Alveolata_Dinoflagellata,Dinophyceae,Dinophyceae_X,Dinophyceae_XX,Dinophyceae_XXX,Dinophyceae_XXX_sp.
ff39e8cf07587a470bafdc2b8219a83d,Eukaryota,TSAR_Alveolata_Dinoflagellata,Dinophyceae,Dinophyceae_X,Dinophyceae_XX,Dinophyceae_XXX,Dinophyceae_XXX_sp.
059f50ba4bd735558b84149c58b36b92,Eukaryota,Obazoa_Opisthokonta_Fungi,Ascomycota,Pezizomycotina,Leotiomycetes,,
0fe8b631850d2bc5b96dc975ba4cf5c5,Eukaryota,TSAR_Alveolata_Dinoflagellata,Syndiniales,Dino-Group-II,Dino-Group-II-Clade-55,Dino-Group-II-Clade-55_X,Dino-Group-II-Clade-55_X_sp.
13e10413273b1ffbc3d4fe42607bfa7f,Eukaryota,TSAR_Alveolata_Dinoflagellata,Syndiniales,Dino-Group-II,Dino-Group-II-Clade-5,Dino-Group-II-Clade-5_X,Dino-Group-II-Clade-5_X_sp.
185d21aa29e8db5044c6726ce5354adf,Eukaryota,TSAR_Alveolata_Ciliophora,Spirotrichea,Oligotrichida,Strombidiidae,Strombidiidae_X,Strombidiidae_X_sp.
1ce4887e0621b0adab0e07338bdd5f98,Eukaryota,TSAR_Alveolata_Ciliophora,CONThreeP,CONThreeP_X,Discotrichidae,NASSO_1,NASSO_1_sp.
21221190f099364fcadd53f75fb13e53,Eukaryota,TSAR_Rhizaria_Cercozoa,Filosa-Granofilosea,Limnofilida,Limnofilidae,Limnofilidae_X,Limnofilidae_X_sp.
2bd986ed099d022d5d4386ba51e3c9ea,Eukaryota,TSAR_Stramenopiles_Bigyra,Opalozoa,Nanomonadea,MAST-3,MAST-3B,MAST-3B_sp.
2fd7baf6436c9d34fa199a7cd4761dbd,Eukaryota,TSAR_Alveolata_Ciliophora,Phyllopharyngea,Suctoria,Ephelotidae,Ephelota,
31e574ff3c74062acb8f80b9ecf954cf,Eukaryota,TSAR_Alveolata_Dinoflagellata,Syndiniales,Dino-Group-II,Dino-Group-II-Clade-7,Dino-Group-II-Clade-7_X,Dino-Group-II-Clade-7_X_sp.
360a4bcc73e771d92c32c4ddad4c1fbf,Eukaryota,TSAR_Rhizaria_Foraminifera,Monothalamids,Monothalamids_X,Monothalamids_XX,,
391215b5a13d7aede47d193104826e3a,Eukaryota,Archaeplastida_Chlorophyta_Chlorophyta_X,Pyramimonadophyceae,Pyramimonadales,Pterospermaceae,Pterosperma,Pterosperma_cristatum
437591bbc9fc6539be358be7fb89fcc8,Eukaryota,TSAR_Alveolata_Dinoflagellata,Dinophyceae,Dinophyceae_X,Dinophyceae_XX,Dinophyceae_XXX,Dinophyceae_XXX_sp.
49632969b024126e2d2310519409cef2,Eukaryota,Obazoa_Opisthokonta_Fungi,Basidiomycota,Ustilaginomycotina,Exobasidiomycetes,Tilletiopsis,Tilletiopsis_pallescens
4e4d23c0de66889ffcdf7e869db57205,Eukaryota,TSAR_Alveolata_Dinoflagellata,Dinophyceae,,,,
5363c9df2b7b95665583c0e48fa012ea,Eukaryota,TSAR_Alveolata_Ciliophora,Spirotrichea,Choreotrichida-Tintinnina,Tintinnidae,Tintinnidae_X,Tintinnidae_X_sp.
59a4d8faaf60781aec5377c04e85ea82,Eukaryota,TSAR_Stramenopiles_Gyrista,Bacillariophyceae,Bacillariales,Bacillariaceae,,
749e9afc4d7b2c7b5063ec732211f4a8,Eukaryota,Excavata_Discoba_Euglenozoa,Diplonemea,Diplonemida,Eupelagonemidae,Eupelagonemidae_X,Eupelagonemidae_X_sp.
7c4dd894d2b5d0d1244799fd8d6357a1,Eukaryota,TSAR_Alveolata_Ciliophora,Heterotrichea,Heterotrichea_X,Peritromidae,Peritromus,Peritromus_sp.
8772fd9a46ca0e72d285b6051ac5c3f5,Eukaryota,TSAR_Alveolata_Dinoflagellata,Dinophyceae,Dinophyceae_X,Dinophyceae_XX,Dinophyceae_XXX,Dinophyceae_XXX_sp.
a30ec7747405a9bf9d9ee8ab57c26f44,Eukaryota,TSAR_Alveolata_Ciliophora,CONThreeP,CONThreeP_X,CONThreeP_XX,Askenasia,Askenasia_sp.
a35bacd28a96e57a966ecf4b97826ef7,Eukaryota,TSAR_Stramenopiles_Bigyra,Bicoecea,Bicoecales,Bicoecaceae,Bicoecaceae_X,Bicoecaceae_X_sp.
a95ce0549daf47b3e2556c4c240576d9,Eukaryota,TSAR_Stramenopiles_Gyrista,Bacillariophyceae,Bacillariales,Bacillariaceae,Pseudo-nitzschia,
af8c4a71661c4c08d19a558c61edd5f3,Eukaryota,TSAR_Alveolata_Ciliophora,Oligohymenophorea,OLIGO5,OLIGO5_X,OLIGO5_XX,OLIGO5_XX_sp.
b2c09e828df0d7fc33174a8c66805817,Eukaryota,TSAR_Rhizaria_Radiolaria,Polycystinea,Spumellaria,Spongopylidae,,
bf2cd5bb465bf92fdde40de0c3210680,Eukaryota,TSAR_Alveolata_Dinoflagellata,Syndiniales,Dino-Group-II,Dino-Group-II-Clade-1,Dino-Group-II-Clade-1_X,Dino-Group-II-Clade-1_X_sp.
c5f1b6a03f5148a7ae44c4a0112a7e17,Eukaryota,TSAR_Stramenopiles_Bigyra,Sagenista,Sagenista_X,MAST-4,MAST-4C,MAST-4C_sp.
dbace1909d0ccd9e0e1701704ca8fd8d,Eukaryota,Obazoa_Opisthokonta_Choanoflagellata,Choanoflagellatea,Craspedida,Monosigidae_Group_B,Monosigidae_Group_B_X,Monosigidae_Group_B_X_sp.
de2bfd3fd7f4ca4bccfcc444e9d5c3f8,Eukaryota,TSAR_Alveolata_Dinoflagellata,Dinophyceae,,,,
ef387c6af5a16bd0eb3f40e4eb3ba15a,Eukaryota,TSAR_Alveolata_Dinoflagellata,Dinophyceae,Dinophyceae_X,Dinophyceae_XX,Dinophyceae_XXX,Dinophyceae_XXX_sp.
0a300502385b9765a7e3b93f60e38d29,Eukaryota,TSAR_Alveolata_Ciliophora,Spirotrichea,Choreotrichida,Strombidinopsidae,Strombidinopsis,Strombidinopsis_sp.
14ae51c31104c6830ee1c1d1c531c58f,Eukaryota,Obazoa_Opisthokonta_Fungi,Basidiomycota,Agaricomycotina,Agaricomycetes,Antrodiella,
1c5b65719b7c4848a26eb209ef2f2be6,Eukaryota,TSAR_Stramenopiles_Gyrista,Coscinodiscophyceae,Rhizosoleniales,Rhizosoleniaceae,,
1db872bf818c56f4fd27868863b177b8,Eukaryota,TSAR_Stramenopiles_Gyrista,Mediophyceae,Biddulphiales,Biddulphiaceae,Lampriscus,Lampriscus_kittonii
1f32740472aa17e0937f67d52cf113e9,Eukaryota,TSAR_Alveolata_Dinoflagellata,Dinophyceae,Gymnodiniales,Gymnodiniaceae,Gymnoxanthella,Gymnoxanthella_radiolariae
2c43b0816e05c4198b9465e8bdd79755,Eukaryota,TSAR_Rhizaria_Cercozoa,Phaeodarea,Phaeogromida,Challengeriidae,Protocystis,
2f5bad11f796b692bb0d087c4c86af53,Eukaryota,TSAR_Stramenopiles_Gyrista,Chrysophyceae,Ochromonadales,Ochromonadaceae,Poterioochromonas,
3b41fc0f4ccc1fe3daf4ef4c249638ec,Eukaryota,TSAR_Alveolata_Ciliophora,Oligohymenophorea,OLIGO5,OLIGO5_X,OLIGO5_XX,OLIGO5_XX_sp.
4438a40c197f90dcf8b34f4bb3c33cb9,Eukaryota,TSAR_Alveolata_Dinoflagellata,Dinophyceae,Prorocentrales,Prorocentraceae,Prorocentrum,Prorocentrum_sp.
45675a218d5fdccb7ee5b91065f8409f,Eukaryota,Obazoa_Opisthokonta_Fungi,Ascomycota,Saccharomycotina,Saccharomycetales,Candida,Candida_sp.
4ebf8f5e61ea8f2e85c7305097da2699,Eukaryota,TSAR_Stramenopiles_Gyrista,Mediophyceae,Chaetocerotales,Leptocylindraceae,Tenuicylindrus,Tenuicylindrus_belgicus
519f1114e6c9b5d6d6bc2ba08fc16a13,Eukaryota,TSAR_Alveolata_Dinoflagellata,Syndiniales,Dino-Group-II,Dino-Group-II-Clade-9,Dino-Group-II-Clade-9_X,Dino-Group-II-Clade-9_X_sp.
51c965b86b99a98f71c74963775a47bb,Eukaryota,TSAR_Alveolata_Ciliophora,Spirotrichea,Oligotrichida,,,
5c109e8c848f1259ffd602d6ca6e6a8c,Eukaryota,TSAR_Rhizaria_Foraminifera,Monothalamids,Monothalamids_Clade-BM,Bathysiphonidae,Micrometula,Micrometula_sp.
6c3b4f9dd9719ad4790f3a78c430fb12,Eukaryota,TSAR_Alveolata_Dinoflagellata,Syndiniales,Dino-Group-II,Dino-Group-II-Clade-10-and-11,Dino-Group-II-Clade-10-and-11_X,Dino-Group-II-Clade-10-and-11_X_sp.
6c7a16870e22b8be242f7fca4ee6d82d,Eukaryota,TSAR_Alveolata_Dinoflagellata,Dinophyceae,Dinophyceae_X,Dinophyceae_XX,Dinophyceae_XXX,Dinophyceae_XXX_sp.
6df4a4a7ddd6a844903862d535f9a5a2,Eukaryota,TSAR_Alveolata_Dinoflagellata,,,,,
70a49d51258933499e57d8c0c81264cd,Eukaryota,TSAR_Stramenopiles_Bigyra,Sagenista,Labyrinthulomycetes,Labyrinthulomycetes_LAB4,Labyrinthulomycetes_LAB4_X,Labyrinthulomycetes_LAB4_X_sp.
7351dea69656a1f5b346f6f535cf9ffa,Eukaryota,Excavata_Discoba_Euglenozoa,Diplonemea,Diplonemida,Eupelagonemidae,Eupelagonemidae_X,Eupelagonemidae_X_sp.
7634dcc0ea4f068d2030ee160c59f468,Eukaryota,Obazoa_Opisthokonta_Fungi,Basidiomycota,Ustilaginomycotina,Exobasidiomycetes,Malassezia,Malassezia_sympodialis
796047ff49c0ee159bd6c89abf8ab96e,Eukaryota,TSAR_Rhizaria_Radiolaria,Polycystinea,Nassellaria,Cannobotryidae,Cannobotryidae_X,Cannobotryidae_X_sp.
7b32ac90324c682561099bf0e4e991fc,Eukaryota,TSAR_Alveolata_Dinoflagellata,Dinophyceae,Gymnodiniales,Kareniaceae,Karenia,
7bf9963fda50f6202458debe3d18d688,Eukaryota,TSAR_Alveolata_Dinoflagellata,Dinophyceae,,,,
7e1a0e5975d26dfd090ba48bb15c0e27,Eukaryota,Excavata_Discoba_Euglenozoa,Diplonemea,Diplonemida,Eupelagonemidae,Eupelagonemidae_X,Eupelagonemidae_X_sp.
91ade7b77d0ef9dedb96ea77f84fa914,Eukaryota,TSAR_Stramenopiles_Gyrista,Peronosporomycetes,Peronosporomycetes_X,Haliphthorales,Haliphthoros,
93413e8b140156e9c6d5b8e9218852b0,Eukaryota,TSAR_Alveolata_Ciliophora,Spirotrichea,Oligotrichida,Strombidiidae,Strombidiidae_X,Strombidiidae_X_sp.
972aace071dc8dd176732057b4c3a53f,Eukaryota,TSAR_Stramenopiles_Gyrista,MOCH-2,MOCH-2_X,MOCH-2_XX,MOCH-2_XXX,MOCH-2_XXX_sp.
ae7b255a9eab73c3912a3fee7c415087,Eukaryota,Amoebozoa_Discosea_Discosea_X,Flabellinia,Dactylopodida,Paramoebidae,Neoparamoeba,
b35b24c7d65a0ed945174d6c0961d52c,Eukaryota,TSAR_Alveolata_Perkinsea,Perkinsida,Perkinsida_X,Perkinsida_XX,Perkinsida_XXX,Perkinsida_XXX_sp.
ba7275c4dfd4e0b2544c88254b417e07,Eukaryota,TSAR_Alveolata_Dinoflagellata,Syndiniales,Dino-Group-II,Dino-Group-II-Clade-1,Dino-Group-II-Clade-1_X,Dino-Group-II-Clade-1_X_sp.
c90920d0d6fc841a266a2ec695fa2d76,Eukaryota,Obazoa_Opisthokonta_Fungi,Basidiomycota,Pucciniomycotina,Pucciniomycetes,Coleosporium,Coleosporium_asterum
ca2f111c25b7f913d0c93f90eeaa6164,Eukaryota,TSAR_Alveolata_Dinoflagellata,Syndiniales,Dino-Group-II,Dino-Group-II-Clade-4,Dino-Group-II-Clade-4_X,Dino-Group-II-Clade-4_X_sp.
d40485f7eb384647629a81294f3a82db,Eukaryota,TSAR_Stramenopiles_Gyrista,Eustigmatophyceae,Eustigmatophyceae_X,Eustigmatophyceae_XX,Nannochloropsis,
d799ebca949f42d1ba36628cba681923,Eukaryota,TSAR_Alveolata_Ciliophora,Spirotrichea,Choreotrichida,Choreotrichida_X,Choreotrichida_XX,Choreotrichida_XX_sp.
fc56d682a2071571addba114ec9767cc,Eukaryota,TSAR_Alveolata_Ciliophora,Spirotrichea,Choreotrichida,Strombidinopsidae,Strombidinopsis,Strombidinopsis_sp.
fc648262cef9015fda6320eda273400d,Eukaryota,Amoebozoa_Tubulinea_Tubulinea_X,Elardia,Euamoebida,Hartmannellidae,Saccamoeba,
fe3e8e72c4fdb19438fbfcd5fd1d5bed,Eukaryota,Archaeplastida_Chlorophyta_Chlorophyta_X,Ulvophyceae,Ulvales-relatives,Ulvales-relatives_X,Ulva,
1b37cf5d2357b6d5e8a9809f9ace1ad2,Eukaryota,TSAR_Rhizaria_Cercozoa,Filosa-Thecofilosea,Cryomonadida,Protaspa-lineage,Protaspa-lineage_X,Protaspa-lineage_X_sp.
1c0899eb0f5866b491ec25f38064f981,Eukaryota,TSAR_Alveolata_Dinoflagellata,Dinophyceae,Dinophyceae_X,Dinophyceae_XX,Dinophyceae_XXX,Dinophyceae_XXX_sp.
20959138fa429c5ac3cbdc714ed6941a,Eukaryota,TSAR_Alveolata_Dinoflagellata,Dinophyceae,Peridiniales,Kryptoperidiniaceae,Durinskia,Durinskia_dybowskii
47f3f771d60d920014676759aa1b6e43,Eukaryota,TSAR_Alveolata_Dinoflagellata,Dinophyceae,Gonyaulacales,Pyrophacaceae,Fragilidium,Fragilidium_sp.
5a1adfa143f203318aedfe50b5d1701a,Eukaryota,TSAR_Alveolata_Ciliophora,Ciliophora_X,Ciliophora_XX,Protocruziidae,Protocruzia,Protocruzia_sp.
644b2147018e54ce1e248959c8edaf6c,Eukaryota,Obazoa_Opisthokonta_Fungi,Ascomycota,Pezizomycotina,Pezizomycetes,Pezizomycetes_X,Pezizomycetes_X_sp.
672d11679584a311330256148c38516e,Eukaryota,TSAR_Alveolata_Ciliophora,Spirotrichea,Choreotrichida,,,
7e53ae35bad3372a3b71a5548f3150b4,Eukaryota,TSAR_Alveolata_Dinoflagellata,Syndiniales,Dino-Group-I,Dino-Group-I-Clade-4,Dino-Group-I-Clade-4_X,Dino-Group-I-Clade-4_X_sp.
7fe925030a2139afe5aeffbd23acf9b6,Eukaryota,TSAR_Alveolata_Dinoflagellata,Dinophyceae,,,,
876169598921dc45a23b9eac0de20e60,Eukaryota,TSAR_Stramenopiles_Gyrista,Peronosporomycetes,Peronosporomycetes_X,Peronosporales,Phytophthora,Phytophthora_infestans
88660ec204d723c53cad6772ffe0a76a,Eukaryota,Archaeplastida_Streptophyta_Streptophyta_X,Embryophyceae,Embryophyceae_X,Embryophyceae_XX,,
8c3e56fc3c8951cd693ea0b98ad4543e,Eukaryota,TSAR_Alveolata_Dinoflagellata,Dinophyceae,Gymnodiniales,Gymnodiniaceae,Lepidodinium,Lepidodinium_sp.
8d34114e0e672819d5cdd96377990e63,Eukaryota,TSAR_Alveolata_Dinoflagellata,Dinophyceae,Prorocentrales,Prorocentraceae,Prorocentrum,Prorocentrum_sp.
8e35249ff03c84351d5c48dbad2051a9,Eukaryota,Excavata_Discoba_Euglenozoa,Diplonemea,Diplonemida,Eupelagonemidae,Eupelagonemidae_X,Eupelagonemidae_X_sp.
996a265ae41276001a3ffdb91aa8fc1b,Eukaryota,Excavata_Discoba_Euglenozoa,Diplonemea,Diplonemida,Eupelagonemidae,Eupelagonemidae_X,Eupelagonemidae_X_sp.
9b85069158e5392f69e4a7565b9b411a,Eukaryota,Obazoa_Opisthokonta_Ichthyosporea,Dermocystida,Rhynosporidae,Rhynosporidae_X,Rhynosporidae_XX,Rhynosporidae_XX_sp.
9c56413b8ac03aa9db7e4805357a1f3b,Eukaryota,Archaeplastida_Streptophyta_Streptophyta_X,Embryophyceae,Embryophyceae_X,Embryophyceae_XX,,
a2401b2fd18cd98bab3251ff03d545fe,Eukaryota,Obazoa_Opisthokonta_Fungi,Ascomycota,Pezizomycotina,Pezizomycetes,Cephaliophora,Cephaliophora_tropica
b091f33d25349c16c9952370a3f9639f,Eukaryota,TSAR_Alveolata_Dinoflagellata,Dinophyceae,Dinophyceae_X,Dinophyceae_XX,Dinophyceae_XXX,Dinophyceae_XXX_sp.
d1bdbc072d1767b0ffec3a805f0a2c1c,Eukaryota,Archaeplastida_Chlorophyta_Chlorophyta_X,Chloropicophyceae,Chloropicales,Chloropicaceae,Chloropicon,Chloropicon_sp.
d830970908a4a01d7dbcf1bcc7767080,Eukaryota,Obazoa_Opisthokonta_Choanoflagellata,Choanoflagellatea,Acanthoecida,Stephanoecidae_Group_D,Stephanoecidae_Group_D_X,Stephanoecidae_Group_D_X_sp.
e050d1331a3529870ea0739aef0d1a4c,Eukaryota,Amoebozoa_Discosea_Discosea_X,Flabellinia,Flabellinia_X,LKM74-lineage,LKM74-lineage_X,LKM74-lineage_X_sp.
f1535597c926b06a6c6a9ea79bcbf31e,Eukaryota,TSAR_Alveolata_Dinoflagellata,Dinophyceae,Prorocentrales,Prorocentraceae,Prorocentrum,Prorocentrum_micans
f26323dbec0cbc1bcb287248d8678e88,Eukaryota,TSAR_Rhizaria_Radiolaria,Acantharea,Acantharea_2,Acantharea_2b,Acantharea_2b_X,Acantharea_2b_X_sp.
fd261f4deb173a3f3a067283f91195c5,Eukaryota,TSAR_Alveolata_Dinoflagellata,Dinophyceae,Dinophyceae_X,Dinophyceae_XX,Dinophyceae_XXX,Dinophyceae_XXX_sp.
0a0da9651acd504117fc5699dfa2467e,Eukaryota,Obazoa_Opisthokonta_Fungi,Ascomycota,Saccharomycotina,Saccharomycetales,Candida,Candida_albicans
13a5fabbd6b8934b539886ac6828cb96,Eukaryota,Archaeplastida_Rhodophyta_Eurhodophytina,Florideophyceae,Corallinales,Corallinales_X,Neogoniolithon,
18a1289d9cab1b201a80ca48792020ea,Eukaryota,TSAR_Alveolata_Dinoflagellata,Syndiniales,Dino-Group-I,Dino-Group-I-Clade-2,Dino-Group-I-Clade-2_X,Dino-Group-I-Clade-2_X_sp.
20f0711f6a061ea30331169afbe4d996,Eukaryota,TSAR_Alveolata_Dinoflagellata,Dinophyta_X,Dinophyta_XX,Dinophyta_XXX,Dinophyta_XXXX,Dinophyta_XXXX_sp.
2307653d36509673c92c9cd6cfe80192,Eukaryota,Excavata_Discoba_Euglenozoa,Diplonemea,Diplonemida,Eupelagonemidae,Eupelagonemidae_X,Eupelagonemidae_X_sp.
2a5168d3510b0bc06f5eab10217f301b,Eukaryota,Obazoa_Opisthokonta_Fungi,Ascomycota,Saccharomycotina,,,
332835e172d50f0710c51f0b2701df8c,Eukaryota,TSAR_Alveolata_Dinoflagellata,Dinophyceae,,,,
3c5f7492fbcb180e126c0c381472bd18,Eukaryota,Excavata_Discoba_Euglenozoa,Diplonemea,Diplonemida,Eupelagonemidae,Eupelagonemidae_X,Eupelagonemidae_X_sp.
40f2cf16d1abff4cbbea4d877411abe5,Eukaryota,Obazoa_Opisthokonta_Fungi,Basidiomycota,Ustilaginomycotina,Exobasidiomycetes,Tilletiopsis,Tilletiopsis_albescens
45f548376df341f226b6e6e1862abcfe,Eukaryota,TSAR_Stramenopiles_Gyrista,Dictyochophyceae,Dictyochophyceae_X,Pedinellales,Apedinella,Apedinella_radians
4c17275b3427c06f8ca177df112c7234,Eukaryota,TSAR_Alveolata_Ciliophora,Oligohymenophorea,OLIGO5,OLIGO5_X,OLIGO5_XX,OLIGO5_XX_sp.
4f8f381f33a8ea95e48898a983f20d19,Eukaryota,TSAR_Rhizaria_Cercozoa,Filosa-Thecofilosea,Cryomonadida,Protaspa-lineage,,
621922053d3c796b2e5676b3c7276874,Eukaryota,TSAR_Alveolata_Dinoflagellata,Dinophyceae,Peridiniales,Blastodiniaceae,Blastodinium,Blastodinium_spinulosum
66a6ffa6aec9bce3ac2bfc6c54168163,Eukaryota,TSAR_Alveolata_Dinoflagellata,Dinophyceae,Peridiniales,Amphidomataceae,Azadinium,Azadinium_spinosum
6ceba68d6f882eb8316c14dc735045b9,Eukaryota,TSAR_Alveolata_Dinoflagellata,Dinophyceae,Peridiniales,Protoperidiniaceae,Protoperidinium,Protoperidinium_sp.
7380fdb7a49d845285267f4bba58d131,Eukaryota,TSAR_Rhizaria_Radiolaria,RAD-B,RAD-B_X,RAD-B_X_Group-Ib,RAD-B_X_Group-Ib_X,RAD-B_X_Group-Ib_X_sp.
74649c185f3ec368caa7a0720e32f741,Eukaryota,Archaeplastida_Chlorophyta_Chlorophyta_X,Mamiellophyceae,Dolichomastigales,Dolichomastigaceae,Dolichomastigaceae-B,Dolichomastigaceae-B_sp.
7643a64d91497a04b6a54948a7b54a10,Eukaryota,Obazoa_Opisthokonta_Fungi,Basidiomycota,Ustilaginomycotina,Exobasidiomycetes,Malassezia,
76c4d1337ae4600902fa2783982957e3,Eukaryota,Archaeplastida_Prasinodermophyta_Prasinodermophyta_X,Prasinodermophyceae,Prasinodermales,Prasinodermaceae,Prasinoderma,Prasinoderma_coloniale
7f30fac5d2c88916df1165c6ae1bd776,Eukaryota,TSAR_Alveolata_Dinoflagellata,Dinophyceae,,,,
89dacb9bb2d59c04f8f450c0940eeb59,Eukaryota,Excavata_Discoba_Euglenozoa,Diplonemea,Diplonemida,Eupelagonemidae,Eupelagonemidae_X,Eupelagonemidae_X_sp.
8b7e8a12aa85ec9568f82c783e3ddadc,Eukaryota,TSAR_Alveolata_Dinoflagellata,Dinophyceae,,,,
a299e53e179ce0c762bdf42b52c41f16,Eukaryota,TSAR_Alveolata_Ciliophora,Spirotrichea,Choreotrichida,Choreotrichida_X,Choreotrichida_XX,Choreotrichida_XX_sp.
a754239fedd65c982d4f2bbeee98b5ef,Eukaryota,TSAR_Alveolata_Dinoflagellata,,,,,
bdd39ce9e0266ee403b696e0faf54365,Eukaryota,TSAR_Alveolata_Ciliophora,Ciliophora_X,Ciliophora_XX,Ciliophora_XXX,Cyclotrichium,Cyclotrichium_cyclokaryon
d477cd3da83c7bff0f422a4e10f17237,Eukaryota,TSAR_Alveolata_Dinoflagellata,Syndiniales,,,,
e8911c3a7dce0832cfbb3e484be3851e,Eukaryota,Excavata_Discoba_Euglenozoa,Euglenophyceae,Rapazida,Rapazidae,Rapaza,Rapaza_viridis
eb9f96fe792fe236ac57e507c8831109,Eukaryota,TSAR_Alveolata_Apicomplexa,Gregarinomorphea,Gregarinomorphea_X,Gregarinomorphea_XX,Enterocystis,Enterocystis_dorypterygis
ed4fd36c922ff227eade01070effe4c2,Eukaryota,TSAR_Alveolata_Dinoflagellata,Syndiniales,Dino-Group-II,Dino-Group-II-Clade-4,Amoebophrya,Amoebophrya_ceratii
f40071c79fef1b2aeadb22ad8edc2ebf,Eukaryota,Archaeplastida_Chlorophyta_Chlorophyta_X,Ulvophyceae,Oltmansiellopsidales,Oltmansiellopsidales_X,Oltmannsiellopsis,Oltmannsiellopsis_viridis
f6ee712a2787ba942283f7f2a757cba8,Eukaryota,TSAR_Rhizaria_Foraminifera,Monothalamids,Monothalamids_X,Monothalamids_XX,Monothalamids_XXX,Monothalamids_XXX_sp.
f76d45b60b7d188300cc1885314687f2,Eukaryota,TSAR_Alveolata_Dinoflagellata,Dinophyceae,,,,
f9ccb57847d5906d00c9e00dba2af0f8,Eukaryota,TSAR_Alveolata_Dinoflagellata,Dinophyceae,Dinophyceae_X,Dinophyceae_XX,Dinophyceae_XXX,Dinophyceae_XXX_sp.
0502f83478f856f82d16632a468b1b2b,Eukaryota,Archaeplastida_Rhodophyta_Eurhodophytina,Florideophyceae,Gigartinales,Gigartinales_X,Peyssonnelia,
0a989cbedd010ffb8f374a4f2a2c11b9,Eukaryota,TSAR_Alveolata_Ciliophora,Oligohymenophorea,Scuticociliatia_1,Philasterida,Philasterida_X,Philasterida_X_sp.
167353b0e26d2bea4b9c5b262cad5a22,Eukaryota,TSAR_Alveolata_Dinoflagellata,Syndiniales,Dino-Group-II,Dino-Group-II_X,Dino-Group-II_XX,Dino-Group-II_XX_sp.
20d277d4729a4dd62d5ccabf19ef5cc1,Eukaryota,Excavata_Discoba_Euglenozoa,Diplonemea,Diplonemida,Eupelagonemidae,Eupelagonemidae_X,Eupelagonemidae_X_sp.
25d1cfce773bdc51107fd0645a97dac3,Eukaryota,Haptista_Haptophyta_Haptophyta_X,Prymnesiophyceae,Prymnesiales,Chrysochromulinaceae,Chrysochromulina,Chrysochromulina_sp.
28ba7b40f8810a37424c3d06bdf04762,Eukaryota,TSAR_Alveolata_Dinoflagellata,Syndiniales,Dino-Group-II,Dino-Group-II-Clade-1,Dino-Group-II-Clade-1_X,Dino-Group-II-Clade-1_X_sp.
297723009a1d3308a47ce3628f685901,Eukaryota,Excavata_Discoba_Euglenozoa,Diplonemea,Diplonemida,Eupelagonemidae,Eupelagonemidae_X,Eupelagonemidae_X_sp.
2a7c79ade2eebd828edbb8315219e44c,Eukaryota,TSAR_Rhizaria_Radiolaria,Acantharea,Acantharea_1,Acantharea_1_X,Acantharea_1_XX,Acantharea_1_XX_sp.
2d49900673ba03f725251db8796bcc94,Eukaryota,Archaeplastida_Chlorophyta_Chlorophyta_X,Pyramimonadophyceae,Pyramimonadales,Pterospermaceae,Pterosperma,Pterosperma_cristatum
36ba25c00eb1c29cc813fc64b5fd0d6f,Eukaryota,TSAR_Alveolata_Ciliophora,CONThreeP,CONThreeP_X,Discotrichidae,NASSO_1,NASSO_1_sp.
3cbfc3fba895e6e650eb3a9b910fdaa4,Eukaryota,Archaeplastida_Chlorophyta_Chlorophyta_X,Mamiellophyceae,Mamiellales,Mamiellaceae,Mamiella,Mamiella_gilva
3ccf0ef50fdb5a247e430d14750b17e9,Eukaryota,Obazoa_Opisthokonta_Fungi,Basidiomycota,Pucciniomycotina,Tritirachiomycetes,Tritirachium,
3dbaeafa911d69fb05a9ff4b3963b7d1,Eukaryota,TSAR_Alveolata_Dinoflagellata,Syndiniales,Dino-Group-II,Dino-Group-II-Clade-1,Dino-Group-II-Clade-1_X,Dino-Group-II-Clade-1_X_sp.
41ef5ec18951d75ade3bd65e07d9ba75,Eukaryota,Obazoa_Opisthokonta_Fungi,Basidiomycota,Agaricomycotina,Agaricomycetes,Serpula-fungus,Serpula_himantioides
4e0dd9f7ace2ec0478114bb33be02697,Eukaryota,Archaeplastida_Streptophyta_Streptophyta_X,Embryophyceae,Embryophyceae_X,Embryophyceae_XX,Panax,
532750bcf2c077c1484fe37653d8f3fe,Eukaryota,TSAR_Alveolata_Ciliophora,Oligohymenophorea,OLIGO5,OLIGO5_X,OLIGO5_XX,OLIGO5_XX_sp.
574ca4b0154435d6211c8be91acf34c9,Eukaryota,Excavata_Discoba_Euglenozoa,Diplonemea,Diplonemida,Eupelagonemidae,Eupelagonemidae_X,Eupelagonemidae_X_sp.
57b89497d083fe6af450ee7ce902c5b8,Eukaryota,TSAR_Alveolata_Dinoflagellata,Syndiniales,Dino-Group-II,Dino-Group-II-Clade-10-and-11,Dino-Group-II-Clade-10-and-11_X,Dino-Group-II-Clade-10-and-11_X_sp.
5a28a1743ad424a3bb5cd7507a2fcf28,Eukaryota,Obazoa_Opisthokonta_Fungi,Basidiomycota,Agaricomycotina,Agaricomycetes,,
637e13e1188a949cd42a73e46e742548,Eukaryota,Excavata_Discoba_Euglenozoa,Diplonemea,Diplonemida,Eupelagonemidae,Eupelagonemidae_X,Eupelagonemidae_X_sp.
65675dc1336cc09e3fd019fc70bdde98,Eukaryota,TSAR_Alveolata_Dinoflagellata,Dinophyceae,Dinophyceae_X,Dinophyceae_XX,Dinophyceae_XXX,Dinophyceae_XXX_sp.
66e808c32d4d690c3dffe3d73e10639f,Eukaryota,TSAR_Alveolata_Dinoflagellata,,,,,
71ec65843655fde228dd4e364421b6a5,Eukaryota,TSAR_Alveolata_Ciliophora,Spirotrichea,Hypotrichia,Holostichidae,Metaurostylopsis,
78bfbb76296af327dfc1741866dec55b,Eukaryota,TSAR_Alveolata_Ciliophora,Spirotrichea,Choreotrichida-Tintinnina,Tintinnidiidae,Tintinnidium,Tintinnidium_sp.
7a09a42a122234fc3224f8b79f28668a,Eukaryota,Archaeplastida_Streptophyta_Streptophyta_X,Embryophyceae,Embryophyceae_X,Embryophyceae_XX,Cucumis,Cucumis_sativus
7d6b76d3ee802d04d8d85b33bbf49d98,Eukaryota,TSAR_Alveolata_Dinoflagellata,Dinophyceae,Dinophyceae_X,Dinophyceae_XX,Dinophyceae_XXX,Dinophyceae_XXX_sp.
7f15231612ca12fc5749226c0f27795d,Eukaryota,TSAR_Alveolata_Dinoflagellata,Syndiniales,Dino-Group-II,Dino-Group-II-Clade-55,Dino-Group-II-Clade-55_X,Dino-Group-II-Clade-55_X_sp.
883bf5fbdba709e2ddf8222f8388b3b9,Eukaryota,TSAR_Alveolata_Ciliophora,Oligohymenophorea,OLIGO5,OLIGO5_X,OLIGO5_XX,OLIGO5_XX_sp.
9679ba7ad236a5ebbb605082f20ff486,Eukaryota,TSAR_Alveolata_Dinoflagellata,Syndiniales,Dino-Group-II,Dino-Group-II-Clade-2,Dino-Group-II-Clade-2_X,Dino-Group-II-Clade-2_X_sp.
990ebd173bb8bdf3a46b935ed3035949,Eukaryota,Excavata_Discoba_Euglenozoa,Diplonemea,Diplonemida,Eupelagonemidae,Eupelagonemidae_X,Eupelagonemidae_X_sp.
99f83df3f65826ffafabf207b56a9856,Eukaryota,TSAR_Alveolata_Dinoflagellata,Syndiniales,Dino-Group-II,Dino-Group-II-Clade-10-and-11,Dino-Group-II-Clade-10-and-11_X,Dino-Group-II-Clade-10-and-11_X_sp.
9a9600cfb644e3794110f5b239975980,Eukaryota,Excavata_Discoba_Euglenozoa,Diplonemea,Diplonemida,Eupelagonemidae,Eupelagonemidae_X,Eupelagonemidae_X_sp.
a2f8bfe9e898d04c19874c70fe025ecf,Eukaryota,TSAR_Alveolata_Dinoflagellata,Syndiniales,Dino-Group-II,Dino-Group-II-Clade-9,Dino-Group-II-Clade-9_X,Dino-Group-II-Clade-9_X_sp.
a7777aa6b0cb5d608bb36ec610380656,Eukaryota,TSAR_Alveolata_Dinoflagellata,Dinophyceae,Prorocentrales,Prorocentraceae,Prorocentrum,
a815d01f6dc3d77cfc122f6e60061bea,Eukaryota,TSAR_Alveolata_Dinoflagellata,Syndiniales,Dino-Group-II,Dino-Group-II-Clade-7,Dino-Group-II-Clade-7_X,Dino-Group-II-Clade-7_X_sp.
aa1542e36d0752b931e98b40f4e60f04,Eukaryota,TSAR_Rhizaria_Cercozoa,Filosa-Thecofilosea,Cryomonadida,Protaspa-lineage,Protaspa,Protaspa_sp.
aaa376da3ccdf83408fdf00e783f0796,Eukaryota,TSAR_Stramenopiles_Bigyra,Opalozoa,Nanomonadea,MAST-3,MAST-3K,MAST-3K_sp.
ac50797a264c0eeb75d2111bc6a996cb,Eukaryota,TSAR_Stramenopiles_Bigyra,Bicoecea,Anoecales,Caecitellaceae,Caecitellus,
b3286123cdfe90c1c154fbbc11dd4fcd,Eukaryota,Haptista_Haptophyta_Haptophyta_X,Prymnesiophyceae,Prymnesiales,Prymnesiaceae,Prymnesium,Prymnesium_parvum
b653c39ced091b0b94d52dd5ddc73473,Eukaryota,Archaeplastida_Chlorophyta_Chlorophyta_X,Mamiellophyceae,Dolichomastigales,Dolichomastigaceae,Dolichomastigaceae-B,Dolichomastigaceae-B_sp.
b787cdfa9f86baf8e2f1526b41bc8560,Eukaryota,Obazoa_Opisthokonta_Fungi,Basidiomycota,Pucciniomycotina,Agaricostilbomycetes,Bensingtonia,
babe88a64069508da2aa8e5bfdb9422b,Eukaryota,TSAR_Alveolata_Dinoflagellata,Dinophyceae,,,,
c1f43912f021ec7f1fc9319ad072a658,Eukaryota,TSAR_Alveolata_Dinoflagellata,Dinophyceae,Dinophyceae_X,Dinophyceae_XX,Dinophyceae_XXX,Dinophyceae_XXX_sp.
cf1fd71d61a98d2441701b100ac65077,Eukaryota,Excavata_Discoba_Euglenozoa,Diplonemea,Diplonemida,Eupelagonemidae,Eupelagonemidae_X,Eupelagonemidae_X_sp.
d617da6c0a819574336a2ffc4788ce5a,Eukaryota,TSAR_Alveolata_Dinoflagellata,Dinophyceae,Dinophyceae_X,Dinophyceae_XX,Dinophyceae_XXX,Dinophyceae_XXX_sp.
db9181ef9121323f7767d5df111bc7e9,Eukaryota,TSAR_Rhizaria_Cercozoa,Filosa-Imbricatea,Filosa-Imbricatea_X,Novel-clade-2,Novel-clade-2_X,Novel-clade-2_X_sp.
dd00b815b6070ab2ebf3f4f05663d222,Eukaryota,TSAR_Stramenopiles_Gyrista,Bacillariophyceae,,,,
e03871095357bba18625c558ab76f488,Eukaryota,Obazoa_Opisthokonta_Fungi,Basidiomycota,Agaricomycotina,Tremellomycetes,Asterotremella,
e32d29f29ff8718c74037285633c86ba,Eukaryota,TSAR_Alveolata_Ciliophora,Spirotrichea,Oligotrichida,Strombidiidae,Strombidiidae_X,Strombidiidae_X_sp.
ef7f893660f11f6ebfd6e3e34b3a3990,Eukaryota,TSAR_Alveolata_Dinoflagellata,Syndiniales,Dino-Group-II,Dino-Group-II-Clade-2,Dino-Group-II-Clade-2_X,Dino-Group-II-Clade-2_X_sp.
f02d9adf70cf39e320651cd4c4e50009,Eukaryota,Obazoa_Apusomonada_Apusomonada_X,Apusomonadidae,Apusomonadidae_Group-1,Apusomonadidae_Group-1_X,Amastigomonas,Amastigomonas_sp.
f1064ed2ce8dd76f0df5f2bcaf181cfe,Eukaryota,TSAR_Alveolata_Dinoflagellata,Syndiniales,Dino-Group-I,Dino-Group-I-Clade-8,Dino-Group-I-Clade-8_X,Dino-Group-I-Clade-8_X_sp.
f1b57d6cb84272c0a75132356393fcfd,Eukaryota,TSAR_Alveolata_Ciliophora,Spirotrichea,Choreotrichida,Strobilidiidae,Pelagostrobilidium,Pelagostrobilidium_sp.
f2564070cbfecaa8f0afe811fcef5325,Eukaryota,TSAR_Alveolata_Dinoflagellata,Dinophyceae,Dinophyceae_X,Dinophyceae_XX,Dinophyceae_XXX,Dinophyceae_XXX_sp.
061d2b8601449d8e932096219408f09b,Eukaryota,Obazoa_Opisthokonta_Fungi,Basidiomycota,Pucciniomycotina,Cystobasidiomycetes,Rhodotorula,Rhodotorula_bacarum
1052e14893fb24201ab1b679e3230756,Eukaryota,TSAR_Stramenopiles_Gyrista,,,,,
105f18b85126c9f885884e0305f39d79,Eukaryota,TSAR_Alveolata_Dinoflagellata,Syndiniales,Dino-Group-II,Dino-Group-II-Clade-4,,
13c4e21eabcfa9f2ec51653ccce6e743,Eukaryota,TSAR_Alveolata_Dinoflagellata,Syndiniales,Dino-Group-I,Dino-Group-I-Clade-6,Dino-Group-I-Clade-6_X,Dino-Group-I-Clade-6_X_sp.
25bd5ce95cf10d93233399c110958dae,Eukaryota,TSAR_Alveolata_Dinoflagellata,Syndiniales,Dino-Group-I,Dino-Group-I-Clade-4,Dino-Group-I-Clade-4_X,Dino-Group-I-Clade-4_X_sp.
27a9db0c3ba04499829fd7e5559baa8e,Eukaryota,TSAR_Alveolata_Ciliophora,Colpodea,Colpodea_X,Colpodida,,
3334042edc4c7e363daa7661699de175,Eukaryota,TSAR_Alveolata_Dinoflagellata,Syndiniales,Dino-Group-II,Dino-Group-II-Clade-9,Dino-Group-II-Clade-9_X,Dino-Group-II-Clade-9_X_sp.
34d0cc38cd47eb4070c3ecb5378f4819,Eukaryota,TSAR_Alveolata_Ciliophora,Spirotrichea,Choreotrichida,Leegaardiellidae,Leegaardiella,Leegaardiella_sp.
359ae1936262c168771c9c28b84d24fc,Eukaryota,TSAR_Alveolata_Dinoflagellata,Dinophyceae,Dinophyceae_X,Dinophyceae_XX,Dinophyceae_XXX,Dinophyceae_XXX_sp.
367f8a4df5930ccd3da23a075a3919fb,Eukaryota,TSAR_Alveolata_Dinoflagellata,Syndiniales,Dino-Group-II,Dino-Group-II-Clade-3,Dino-Group-II-Clade-3_X,Dino-Group-II-Clade-3_X_sp.
3ac6eef3e1e8e3b94771609df91da700,Eukaryota,Obazoa_Opisthokonta_Fungi,Basidiomycota,Agaricomycotina,Tremellomycetes,Tremella,
43731db88d470279e7911cea504820f5,Eukaryota,TSAR_Rhizaria_Foraminifera,Globothalamea,Rotaliida,Globigerinidae,Orbulina,Orbulina_universa
44cc9168fbf71263a3d5b59fb24f4aa6,Eukaryota,TSAR_Alveolata_Dinoflagellata,Syndiniales,Dino-Group-I,Dino-Group-I-Clade-4,Euduboscquella,Euduboscquella_crenulata
46a257cbd19eed46aae229280c25068f,Eukaryota,TSAR_Stramenopiles_Gyrista,Peronosporomycetes,Peronosporomycetes_X,Peronosporomycetes_XX,Peronosporomycetes_XXX,Peronosporomycetes_XXX_sp.
4a79b5d51628c0690194316e057f7ac6,Eukaryota,Obazoa_Opisthokonta_Fungi,Chytridiomycota,Spizellomycetales,Spizellomycetaceae,Gaertneriomyces,Gaertneriomyces_semiglobifer
4e11e99c8ea540f64f597c06b3585c0a,Eukaryota,TSAR_Stramenopiles_Gyrista,MOCH-2,MOCH-2_X,MOCH-2_XX,MOCH-2_XXX,MOCH-2_XXX_sp.
55e6d6c2e00b0a1e893396012f0e7660,Eukaryota,TSAR_Alveolata_Dinoflagellata,Dinophyceae,Dinophyceae_X,Dinophyceae_XX,Dinophyceae_XXX,Dinophyceae_XXX_sp.
5807ae45c9fb204947757b16beca9320,Eukaryota,TSAR_Alveolata_Dinoflagellata,Syndiniales,Dino-Group-II,Dino-Group-II-Clade-21,Dino-Group-II-Clade-21_X,Dino-Group-II-Clade-21_X_sp.
59fb92b1d024641e6887a24ca8c60a6a,Eukaryota,TSAR_Alveolata_Ciliophora,Spirotrichea,Choreotrichida,Choreotrichida_X,Choreotrichida_XX,Choreotrichida_XX_sp.
5b13f529649bedea200ca14800427f56,Eukaryota,TSAR_Alveolata_Ciliophora,Spirotrichea,Euplotia,Euplotidae,Euplotes,
62b78f4840ab05b2e8b66ede4b5ddccc,Eukaryota,Excavata_Discoba_Euglenozoa,Diplonemea,Diplonemida,Diplonemida_DSPDII,Diplonemida_DSPDII_X,Diplonemida_DSPDII_X_sp.
728d6162ac8f1a0a54b4114ccf0b9e02,Eukaryota,TSAR_Alveolata_Dinoflagellata,Syndiniales,Dino-Group-II,Dino-Group-II-Clade-26,Dino-Group-II-Clade-26_X,Dino-Group-II-Clade-26_X_sp.
77f4dcf690a64184d0bb267667afdf8d,Eukaryota,TSAR_Stramenopiles_Gyrista,Mediophyceae,Thalassiosirales,Thalassiosiraceae,Thalassiosira,Thalassiosira_hispida
780ad4a9d760da8c734dd31a57f2208e,Eukaryota,TSAR_Stramenopiles_Gyrista,Phaeophyceae,Phaeophyceae_X,Phaeophyceae_XX,Lobophora,Lobophora_variegata
87aa42495ac0dec1d2012854461b9a48,Eukaryota,TSAR_Rhizaria_Radiolaria,Polycystinea,Spumellaria,Pyloniidae,,
99dc186a0ec321b4cf282eba00b2ae4d,Eukaryota,Excavata_Discoba_Euglenozoa,Diplonemea,Diplonemida,Eupelagonemidae,Eupelagonemidae_X,Eupelagonemidae_X_sp.
a2b433251ff55bd0336901b7547da9ef,Eukaryota,TSAR_Stramenopiles_Gyrista,Phaeophyceae,Phaeophyceae_X,Phaeophyceae_XX,Dictyota,
a69902a00b37850733bf143b7dc15940,Eukaryota,__,,,,,
adb39d71476d7b2a356c2618108206f5,Eukaryota,TSAR_Alveolata_Dinoflagellata,Dinophyceae,Gymnodiniales,Kareniaceae,Karlodinium,Karlodinium_veneficum
bd147874b110116aa0c1d0429a239fa2,Eukaryota,TSAR_Rhizaria_Cercozoa,Filosa-Sarcomonadea,Cercomonadida,Cercomonadidae,,
c01f8ae87531416816eacedde1c6e892,Eukaryota,TSAR_Rhizaria_Cercozoa,Filosa-Sarcomonadea,Pansomonadida,Agitatidae,Agitata,Agitata_tremulans
c399c306ee6ea177103693b86e9339f8,Eukaryota,Obazoa_Opisthokonta_Fungi,Basidiomycota,Agaricomycotina,Agaricomycetes,Agaricus,Agaricus_bisporus
c80c8b297ae7e01022fda25d8aa87e33,Eukaryota,TSAR_Stramenopiles_Bigyra,Opalozoa,Nanomonadea,MAST-3,MAST-3I,MAST-3I_sp.
cb65c32a9527d68e58b08e046e9b1bf1,Eukaryota,Archaeplastida_Streptophyta_Streptophyta_X,Embryophyceae,Embryophyceae_X,Embryophyceae_XX,,
d518443c56761ee82e2c42347b66fe9e,Eukaryota,Excavata_Discoba_Euglenozoa,Kinetoplastea,Kinetoplastea_X,Kinetoplastea_XX,Kinetoplastea_XXX,Kinetoplastea_XXX_sp.
d582cf22f229b0c9816830220911903f,Eukaryota,Obazoa_Opisthokonta_Fungi,Basidiomycota,Agaricomycotina,Agaricomycetes,,
d7ae7daab665a43931ac7893276762bd,Eukaryota,Excavata_Discoba_Euglenozoa,Diplonemea,Diplonemida,Eupelagonemidae,Eupelagonemidae_X,Eupelagonemidae_X_sp.
d8e55cf71fe7aaa68f6563544f5c8de5,Eukaryota,TSAR_Alveolata_Ciliophora,Heterotrichea,Heterotrichea_X,Peritromidae,Peritromus,Peritromus_sp.
de1104baab11084431039fd736ae420e,Eukaryota,Archaeplastida_Chlorophyta_Chlorophyta_X,Chlorophyceae,Chlamydomonadales,Chlamydomonadales_X,Chlamydomonadales_XX,Chlamydomonadales_XX_sp.
df64458bab6a77fc96fa7560ebfc4582,Eukaryota,TSAR_Alveolata_Dinoflagellata,Dinophyceae,Gymnodiniales,Gymnodiniaceae,Ankistrodinium,Ankistrodinium_semilunatum
e247eb233c48f6db703a1102a3755089,Eukaryota,Haptista_Haptophyta_Haptophyta_X,Haptophyta_Clade_HAP2,Haptophyta_Clade_HAP2_X,Haptophyta_Clade_HAP2_XX,Haptophyta_Clade_HAP2_XXX,Haptophyta_Clade_HAP2_XXX_sp.
e4992de04527a97c64eaad0e91326731,Eukaryota,TSAR_Rhizaria_Cercozoa,Chlorarachniophyceae,Chlorarachnida,Minorisa-lineage,Minorisa,Minorisa_sp.
e4a5f73999b68333aec69b58aaa1cb94,Eukaryota,TSAR_Alveolata_Dinoflagellata,Dinophyceae,Dinophyceae_X,Dinophyceae_XX,Dinophyceae_XXX,Dinophyceae_XXX_sp.
e96b2b8e8e85a876054a770bad3196dd,Eukaryota,TSAR_Alveolata_Dinoflagellata,Syndiniales,Dino-Group-II,Dino-Group-II-Clade-1,Dino-Group-II-Clade-1_X,Dino-Group-II-Clade-1_X_sp.
ebbcd8dd504403652e68749773a05370,Eukaryota,TSAR_Alveolata_Dinoflagellata,Syndiniales,Dino-Group-II,Dino-Group-II-Clade-10-and-11,Dino-Group-II-Clade-10-and-11_X,Dino-Group-II-Clade-10-and-11_X_sp.
ed4f15e28c0bed5382c09f23ec63a78e,Eukaryota,TSAR_Stramenopiles_Bigyra,Sagenista,Labyrinthulomycetes,Labyrinthulomycetes_LAB2,Labyrinthulomycetes_LAB2_X,Labyrinthulomycetes_LAB2_X_sp.
f58b0d6fe0cec994dc80c86d64b9a4cb,Eukaryota,TSAR_Rhizaria_Cercozoa,,,,,
f67740e5d454634eb16cc8bb42dfaa1f,Eukaryota,TSAR_Alveolata_Ciliophora,Litostomatea,Haptoria_6,Lacrymariidae,,
f8b87cc52e6b612272440421c8f3d8af,Eukaryota,TSAR_Stramenopiles_Gyrista,Mediophyceae,Eupodiscales,Odontellaceae,Odontella,Odontella_aurita
fa16a3f3dcedf5428604fe4d01a48bda,Eukaryota,TSAR_Stramenopiles_Gyrista,Chrysophyceae,Chrysophyceae_Clade-EC2I,Chrysophyceae_Clade-EC2I_X,Chrysophyceae_Clade-EC2I_XX,Chrysophyceae_Clade-EC2I_XX_sp.
fa51d3756fdcd2450cd0c6a00468da8a,Eukaryota,TSAR_Alveolata_Dinoflagellata,Dinophyceae,,,,
fdd2d647dc6556f20ece57ab6bcb3d23,Eukaryota,TSAR_Alveolata_Dinoflagellata,Dinophyceae,Gymnodiniales,Gymnodiniaceae,Balechina,
00f9c58a6429115b1a611d9c28157179,Eukaryota,TSAR_Alveolata_Ciliophora,Spirotrichea,Choreotrichida,Strobilidiidae,Strobilidiidae_X,Strobilidiidae_X_sp.
0d502ca0c4acaf6e853889ad26e95a97,Eukaryota,TSAR_Alveolata_Ciliophora,Colpodea,Colpodea_X,Colpodida,Colpodida_X,Colpodida_X_sp.
0dad10fb31d096cbcaa0502c8330d411,Eukaryota,TSAR_Alveolata_Dinoflagellata,Dinophyceae,Dinophyceae_X,Dinophyceae_XX,Dinophyceae_XXX,Dinophyceae_XXX_sp.
12fad4ac58c6470e72a8a92619f3fec3,Eukaryota,Archaeplastida_Chlorophyta_Chlorophyta_X,Chlorophyceae,Sphaeropleales,Sphaeropleales_X,,
17ea0246b6b98eab906d184f87a1b870,Eukaryota,Haptista_Haptophyta_Haptophyta_X,Prymnesiophyceae,Prymnesiales,Chrysochromulinaceae,Chrysochromulina,Chrysochromulina_sp.
21078eab90853e08993cb81c813eea7b,Eukaryota,Obazoa_Opisthokonta_Fungi,Basidiomycota,Agaricomycotina,Tremellomycetes,,
2153ce68ab6b67d592c32e5f2bd51c74,Eukaryota,TSAR_Alveolata_Dinoflagellata,Dinophyceae,Dinophyceae_X,Dinophyceae_XX,Dinophyceae_XXX,Dinophyceae_XXX_sp.
222ffcb75e0ea5e68d8d018bb1701497,Eukaryota,TSAR_Alveolata_,,,,,
238d180a1fe2cf615731d6eb5a983f70,Eukaryota,TSAR_Alveolata_Dinoflagellata,Dinophyceae,Peridiniales,Thoracosphaeraceae,Stoeckeria,
254270fc7ae783465f14e9df83857273,Eukaryota,TSAR_Alveolata_Apicomplexa,Gregarinomorphea,Gregarinomorphea_X,Gregarinomorphea_XX,Selenidium1,Selenidium1_sp.
2e15058c8114762a9e6755c63f164f37,Eukaryota,TSAR_Alveolata_Dinoflagellata,Syndiniales,Dino-Group-II,Dino-Group-II-Clade-1,Dino-Group-II-Clade-1_X,Dino-Group-II-Clade-1_X_sp.
30ac86966ef8bfd4108f7430c9a12819,Eukaryota,TSAR_Alveolata_Ciliophora,Oligohymenophorea,OLIGO5,OLIGO5_X,OLIGO5_XX,OLIGO5_XX_sp.
326907c5dc6594b847097887d7910bc6,Eukaryota,TSAR_Rhizaria_Foraminifera,Globothalamea,Textulariida,Eggerellidae,Eggerella,Eggerella_sp.
330bd8704abe46f014232e4bfe562999,Eukaryota,TSAR_Rhizaria_Radiolaria,RAD-A,RAD-A_X,RAD-A_Xb,RAD-A_Xb_X,RAD-A_Xb_X_sp.
345ce3763d1123e8b2ec27ce25aa7518,Eukaryota,TSAR_Alveolata_Dinoflagellata,Syndiniales,Dino-Group-II,Dino-Group-II_X,Dino-Group-II_XX,Dino-Group-II_XX_sp.
367ccb8db92a0b59b3b3a84ac637b82b,Eukaryota,Archaeplastida_Chlorophyta_Chlorophyta_X,Mamiellophyceae,Dolichomastigales,Dolichomastigaceae,Dolichomastigaceae-B,Dolichomastigaceae-B_sp.
3850586e42322a4b7934b00392f99866,Eukaryota,Haptista_Haptophyta_Haptophyta_X,Prymnesiophyceae,Prymnesiales,Chrysochromulinaceae,Chrysochromulina,Chrysochromulina_sp.
39ef022dc376ef6ec2d48d10da94682d,Eukaryota,TSAR_Stramenopiles_Bigyra,Sagenista,Labyrinthulomycetes,Labyrinthulaceae,Labyrinthulaceae_ANT10_3,Labyrinthulaceae_ANT10_3_sp.
3b9346f46a6e08ef9764f468d289b46c,Eukaryota,TSAR_Alveolata_Dinoflagellata,Syndiniales,Dino-Group-II,Dino-Group-II_X,Dino-Group-II-Clade-52_XX,Dino-Group-II-Clade-52_XX_sp.
3e2d643986c31831814cc3c6a3a6dde9,Eukaryota,TSAR_Stramenopiles_Bigyra,Bicoecea,Anoecales,Caecitellaceae,Caecitellus,Caecitellus_pseudoparvulus
3ee77c8184198461f99c237a7c487984,Eukaryota,TSAR_Rhizaria_Cercozoa,Filosa-Thecofilosea,Cryomonadida,Protaspa-lineage,Protaspa,Protaspa_sp.
41602ee5399366cb3b5671dd6447420c,Eukaryota,TSAR_Alveolata_Dinoflagellata,Syndiniales,Dino-Group-II,Dino-Group-II-Clade-1,Dino-Group-II-Clade-1_X,Dino-Group-II-Clade-1_X_sp.
6a38a32795bca870ebf222f8f04dc80f,Eukaryota,__,,,,,
8e72264e498782550da52e0551ca5940,Eukaryota,TSAR_Stramenopiles_Gyrista,Bacillariophyceae,Naviculales,Stauroneidaceae,,
916c669acb12dba71417b8c63d3f9b1c,Eukaryota,TSAR_Alveolata_Dinoflagellata,Syndiniales,Dino-Group-I,Dino-Group-I-Clade-3,Dino-Group-I-Clade-3_X,Dino-Group-I-Clade-3_X_sp.
973d7be26ecc6255ee0c7f7328bf1cc6,Eukaryota,TSAR_Alveolata_Ciliophora,CONThreeP,CONThreeP_X,CONThreeP_XX,Askenasia,Askenasia_sp.
9e4fb203527f7b21dbfbd5095ea08d9d,Eukaryota,Obazoa_Opisthokonta_Fungi,Ascomycota,Pezizomycotina,Leotiomycetes,Erysiphe,Erysiphe_pisi
a260c8f989f1659842d5f2f15929143f,Eukaryota,TSAR_Alveolata_Ciliophora,Oligohymenophorea,OLIGO5,OLIGO5_X,OLIGO5_XX,OLIGO5_XX_sp.
a327226840d906684c497ab9237a9e9f,Eukaryota,TSAR_Alveolata_Dinoflagellata,Syndiniales,Dino-Group-II,Dino-Group-II-Clade-1,Dino-Group-II-Clade-1_X,Dino-Group-II-Clade-1_X_sp.
a4959811eda7c89f2a3f391dec92cf41,Eukaryota,TSAR_Rhizaria_Foraminifera,Monothalamids,Monothalamids_X,Monothalamids_XX,,
a567e4e3a01331cdc41bfc47a14a5e9f,Eukaryota,TSAR_Alveolata_Dinoflagellata,Dinophyceae,Dinophyceae_X,Dinophyceae_XX,,
abf89c475a884d66e0116ca6aba69d6d,Eukaryota,TSAR_Alveolata_Dinoflagellata,Syndiniales,Dino-Group-I,Dino-Group-I-Clade-5,Dino-Group-I-Clade-5_X,Dino-Group-I-Clade-5_X_sp.
af73a80529cceecc9abb15e0e4cfea12,Eukaryota,TSAR_Alveolata_Dinoflagellata,Dinophyceae,Dinophyceae_X,Dinophyceae_XX,Dinophyceae_XXX,Dinophyceae_XXX_sp.
bde4e7fe641446cebe3ab0a29a77bbfe,Eukaryota,Obazoa_Opisthokonta_Fungi,Basidiomycota,Agaricomycotina,Agaricomycetes,,
c56c70db08d71133c03ca943558d6923,Eukaryota,TSAR_Alveolata_Dinoflagellata,Dinophyceae,Dinophyceae_X,Dinophyceae_XX,Dinophyceae_XXX,Dinophyceae_XXX_sp.
c7b55efb1006f7953f5ec98de1917d9f,Eukaryota,TSAR_Rhizaria_Cercozoa,Filosa-Thecofilosea,Ebriacea,TAGIRI1-lineage,TAGIRI1-lineage_X,TAGIRI1-lineage_X_sp.
d13a69483b656d9e7891578abbfbe5da,Eukaryota,TSAR_Alveolata_Ciliophora,Litostomatea,Haptoria_6,Lacrymariidae,Lacrymaria,
d276e3404c9ff2833a5c69bbc7936cf8,Eukaryota,TSAR_Alveolata_Dinoflagellata,,,,,
d594eba1f03209d3ee77f5329c195158,Eukaryota,TSAR_Rhizaria_Foraminifera,Globothalamea,Rotaliida,Haynesinidae,Haynesina,Haynesina_germanica
dc14027a80dec28b0ce4d7c106434654,Eukaryota,TSAR_Alveolata_Dinoflagellata,Dinophyceae,Dinophyceae_X,Dinophyceae_XX,Dinophyceae_XXX,Dinophyceae_XXX_sp.
dce26a068c53fd9d6eda194d03cdc2ca,Eukaryota,TSAR_Rhizaria_Radiolaria,Polycystinea,Spumellaria,Hexalonchidae,Hexacontium,Hexacontium_sp.
e7745b4b6af21d5869f796c05ee46bb6,Eukaryota,Amoebozoa_Discosea_Discosea_X,Flabellinia,Dactylopodida,Paramoebidae,,
eccad1f1e9b980fc5d8874656242c5e5,Eukaryota,TSAR_Alveolata_Ciliophora,Ciliophora_X,Ciliophora_XX,Protocruziidae,Protocruzia,Protocruzia_sp.
f6cb62b4cb1099e68fe96d42fc5c8043,Eukaryota,TSAR_Stramenopiles_Gyrista,Bacillariophyceae,Surirellales,Surirellaceae,Surirella,Surirella_sp.
f6e2e57e59f9a06485c111f5b84f99da,Eukaryota,TSAR_Stramenopiles_Gyrista,Mediophyceae,Chaetocerotales,Chaetocerotaceae,Bacteriastrum,Bacteriastrum_parallelum
fba65f7e018c3babf2f72ca45c3807e7,Eukaryota,TSAR_Alveolata_Dinoflagellata,Dinophyceae,,,,
fbb4290a37a741584c5844272c025a81,Eukaryota,Obazoa_Opisthokonta_Fungi,Basidiomycota,Agaricomycotina,Agaricomycetes,Hyphodontia,Hyphodontia_sp.
08600cb42376739351839bf76689175c,Eukaryota,TSAR_Alveolata_Dinoflagellata,Syndiniales,Dino-Group-II,Dino-Group-II-Clade-3,Dino-Group-II-Clade-3_X,Dino-Group-II-Clade-3_X_sp.
0bc946938009949e3e1eaed5989caf72,Eukaryota,Obazoa_Opisthokonta_Choanoflagellata,Choanoflagellatea,,,,
1d63829874bf950b04c7a4d952053204,Eukaryota,TSAR_Alveolata_Dinoflagellata,Syndiniales,Dino-Group-II,,,
23234ac7f53bfdf6be15257b5895c6b9,Eukaryota,TSAR_Alveolata_Dinoflagellata,Dinophyceae,,,,
23f0a786660c6af70f3218ffc80c32cf,Eukaryota,TSAR_Alveolata_Apicomplexa,Gregarinomorphea,Eugregarinorida,Gregarinidae,Gregarina1,Gregarina_cloptoni
2c005cab211af7ba20a3cc4bc2cb4cd8,Eukaryota,Excavata_Discoba_Euglenozoa,Diplonemea,Diplonemida,Eupelagonemidae,Eupelagonemidae_X,Eupelagonemidae_X_sp.
2de9523bcdd24098ac8267f91e7aef14,Eukaryota,Haptista_Haptophyta_Haptophyta_X,Prymnesiophyceae,Prymnesiales,Prymnesiophyceae_Clade_B5,Prymnesiophyceae_Clade_B5_X,Prymnesiophyceae_Clade_B5_X_sp.
34ea712180db75737aab2bec41cdb02f,Eukaryota,TSAR_Stramenopiles_Stramenopiles_X,Stramenopiles_XX,Stramenopiles_XXX,Stramenopiles_XXXX,Stramenopiles_XXXXX,Stramenopiles_XXXXX_sp.
358ef73567c0c1e8cb9ac85e0d85a8f4,Eukaryota,Haptista_Haptophyta_Haptophyta_X,Prymnesiophyceae,Prymnesiophyceae_X,Braarudosphaeraceae,Braarudosphaera,Braarudosphaera_bigelowii
3d0f10a58d809669538befd4ef395399,Eukaryota,Obazoa_Opisthokonta_Fungi,Basidiomycota,Agaricomycotina,Agaricomycetes,,
3ec5ee1464a8df3b2a3a7b7425303354,Eukaryota,Excavata_Discoba_Euglenozoa,Diplonemea,Diplonemida,Eupelagonemidae,Eupelagonemidae_X,Eupelagonemidae_X_sp.
5a6f7cbf2e3c16edf71b7727a6a11121,Eukaryota,TSAR_Alveolata_Dinoflagellata,Dinophyceae,Peridiniales,Amphidomataceae,Amphidoma,Amphidoma_languida
5b15b5d4e8b55e239ddd2b142b4801cc,Eukaryota,TSAR_Stramenopiles_Bigyra,Sagenista,Labyrinthulomycetes,Labyrinthulomycetes_LAB14,Labyrinthulomycetes_LAB14_X,Labyrinthulomycetes_LAB14_X_sp.
62dc85874a488fca5f7996011de91038,Eukaryota,TSAR_Stramenopiles_Bigyra,Sagenista,Labyrinthulomycetes,Oblongichytridiaceae,Oblongichytrium,Oblongichytrium_sp.
63286c77b93d2d61be9e43a20d4d101e,Eukaryota,TSAR_Alveolata_Dinoflagellata,Syndiniales,Dino-Group-IV,Dino-Group-IV-Hematodinium-Group,Hematodinium,Hematodinium_sp.
678d5c27e24abb9885109eb8a8f6fb80,Eukaryota,TSAR_Alveolata_Apicomplexa,Gregarinomorphea,Gregarinomorphea_X,Gregarinomorphea_XX,Selenidium1,Selenidium1_sp.
68b08985b66e6e73742435ee7fdf2521,Eukaryota,TSAR_Alveolata_Ciliophora,Nassophorea,Nassophorea_X,Microthoracida,Leptopharynx,Leptopharynx_costatus
68f8e5a67d1189cc1a3b5e3d07415412,Eukaryota,Excavata_Discoba_Euglenozoa,Diplonemea,Diplonemida,Eupelagonemidae,Eupelagonemidae_X,Eupelagonemidae_X_sp.
717b2def4d3cd733cf62838465a2bc87,Eukaryota,TSAR_Alveolata_Ciliophora,Oligohymenophorea,Scuticociliatia_1,Philasterida,Paralembus,Paralembus_digitiformis
7c5d6de630e3a7286bd409a4c5454036,Eukaryota,TSAR_Rhizaria_Foraminifera,Tubothalamea,Miliolida,Moliolidae,Quinqueloculina,
7ed9c089a7d6cb2ba06fd856ca213857,Eukaryota,TSAR_Alveolata_Ciliophora,CONThreeP,CONThreeP_X,Discotrichidae,NASSO_1,NASSO_1_sp.
82d93ea5ef1c540a42e1c5bbd0887d11,Eukaryota,TSAR_Alveolata_Dinoflagellata,Syndiniales,Dino-Group-II,Dino-Group-II-Clade-15,Dino-Group-II-Clade-15_X,Dino-Group-II-Clade-15_X_sp.
83908d153c3487358bb516d3d26c879d,Eukaryota,TSAR_Stramenopiles_Gyrista,Mediophyceae,Chaetocerotales,Chaetocerotaceae,Chaetoceros,Chaetoceros_curvisetus
8753da0942b6f6fc11395e9f874e8732,Eukaryota,Provora_Nebulidia_Nebulidia_X,Nebulidea,Nebulidida,Nebulidae,Nebulomonas,Nebulomonas_marisrubri
89bf090a228b7eeec11cd7762e34f680,Eukaryota,TSAR_Alveolata_Dinoflagellata,Syndiniales,Dino-Group-II,Dino-Group-II-Clade-10-and-11,Dino-Group-II-Clade-10-and-11_X,Dino-Group-II-Clade-10-and-11_X_sp.
8ba1661fa3205a6af9eb764b47f32004,Eukaryota,Obazoa_Opisthokonta_Choanoflagellata,Choanoflagellatea,Acanthoecida,Acanthoecidae_Group_G,Acanthoecidae_Group_G_X,Acanthoecidae_Group_G_X_sp.
9034617f0ef198f98af02da9cbdf516c,Eukaryota,TSAR_Stramenopiles_Gyrista,Peronosporomycetes,Peronosporomycetes_X,Haliphthorales,Halocrusticida,
9150c590ec455aa94ed8c120ab575144,Eukaryota,TSAR_Alveolata_Ciliophora,Ciliophora_X,Ciliophora_XX,Protocruziidae,Protocruzia,Protocruzia_sp.
93baa3cc46a464b2b39cb2d4a21b48ff,Eukaryota,TSAR_Alveolata_Dinoflagellata,Dinophyceae,Peridiniales,Amphidomataceae,Azadinium,
973b12dca043d266d59702c0532c69a1,Eukaryota,TSAR_Rhizaria_Cercozoa,Filosa-Thecofilosea,Cryomonadida,Protaspa-lineage,Protaspa,
a1b8c963475ff8cedba93a80765729ac,Eukaryota,Archaeplastida_Rhodophyta_Eurhodophytina,Florideophyceae,Ceramiales,Rhodomelaceae,Polysiphonia,Polysiphonia_sp.
a610213977d5b82e00c09954a26ca15b,Eukaryota,TSAR_Alveolata_Dinoflagellata,Dinophyceae,Dinophyceae_X,Dinophyceae_XX,Dinophyceae_XXX,Dinophyceae_XXX_sp.
acba445e7bd1a5dd7c0046ab74acc486,Eukaryota,TSAR_Alveolata_Dinoflagellata,Dinophyceae,Gonyaulacales,Pyrocystaceae,Alexandrium,Alexandrium_affine
b39da62c747423eb01d0076922437d56,Eukaryota,TSAR_Stramenopiles_Bigyra,Opalozoa,Nanomonadea,MAST-3,MAST-3K,MAST-3K_sp.
b80262d4f6a59496735d879fdf89bdca,Eukaryota,TSAR_Rhizaria_Cercozoa,Filosa-Thecofilosea,Cryomonadida,Cryomonadida_X,Cryomonadida_XX,Cryomonadida_XX_sp.
beed260ab4b2e2aaa7db1f882274960e,Eukaryota,Excavata_Discoba_Discoba_X,Heterolobosea,Pharyngomonada,Pharyngomonadidae,Pharyngomonas,Pharyngomonas_kirbyi
c50fb4343feeaaf70c88f00c6d568f43,Eukaryota,TSAR_Stramenopiles_Gyrista,Peronosporomycetes,Peronosporomycetes_X,Haliphthorales,Haliphthoros,Haliphthoros_sp.
c6150e67d9fae493689a270c1a70ba7f,Eukaryota,Excavata_Discoba_Euglenozoa,Diplonemea,Diplonemida,Eupelagonemidae,Eupelagonemidae_X,Eupelagonemidae_X_sp.
c64f5b4ad705cb67a4e66f83585087e8,Eukaryota,TSAR_Alveolata_Dinoflagellata,Syndiniales,Dino-Group-II,Dino-Group-II-Clade-4,Amoebophrya,Amoebophrya_ceratii
ce55c352d6bb10c11ef8441e4f4d05cd,Eukaryota,TSAR_Alveolata_Dinoflagellata,Dinophyceae,Peridiniales,Protoperidiniaceae,Protoperidinium,Protoperidinium_pellucidum
ce718077647fc66430a9dc9994bcd632,Eukaryota,TSAR_Alveolata_Dinoflagellata,Syndiniales,Dino-Group-II,Dino-Group-II-Clade-1,Dino-Group-II-Clade-1_X,Dino-Group-II-Clade-1_X_sp.
cf3d592908903bfa6e7058aaca559c31,Eukaryota,Haptista_Haptophyta_Haptophyta_X,Haptophyta_Clade_HAP4,Haptophyta_Clade_HAP4_X,Haptophyta_Clade_HAP4_XX,Haptophyta_Clade_HAP4_XXX,Haptophyta_Clade_HAP4_XXX_sp.
d1ec9864fd511c00373e52709bc65fad,Eukaryota,TSAR_Alveolata_Dinoflagellata,Dinophyceae,Peridiniales,Thoracosphaeraceae,Scrippsiella,
dab759e446028f2a1e7128f10a2b77b3,Eukaryota,TSAR_Stramenopiles_Bigyra,Sagenista,Labyrinthulomycetes,Labyrinthulomycetes_LAB14,Labyrinthulomycetes_LAB14_X,Labyrinthulomycetes_LAB14_X_sp.
ddf7eb8d2702d1a5b27b8c8c12d667b6,Eukaryota,Haptista_Haptophyta_Haptophyta_X,Prymnesiophyceae,,,,
e10f33c2be6a849f02720cea01b9ae6e,Eukaryota,Excavata_Discoba_Euglenozoa,Diplonemea,Diplonemida,Eupelagonemidae,Eupelagonemidae_X,Eupelagonemidae_X_sp.
e4f589a811bc465fd8356c014d6179e8,Eukaryota,TSAR_Alveolata_Dinoflagellata,Syndiniales,Dino-Group-II,Dino-Group-II-Clade-44,Dino-Group-II-Clade-44_X,Dino-Group-II-Clade-44_X_sp.
e8cbe026d6f26559fd1aa1b30012f86c,Eukaryota,Obazoa_Opisthokonta_Fungi,Basidiomycota,Agaricomycotina,Agaricomycetes,,
ea06ea3c05a32ae692f1db668bb3b94f,Eukaryota,TSAR_Rhizaria_Cercozoa,Filosa-Granofilosea,Cryptofilida,Nanofilidae,Nanofila,Nanofila_sp.
eb5bca05194dc874ccedbe0fd5afa87e,Eukaryota,TSAR_Alveolata_Dinoflagellata,Syndiniales,Dino-Group-II,Dino-Group-II-Clade-3,Dino-Group-II-Clade-3_X,Dino-Group-II-Clade-3_X_sp.
f2ac41c0f98a690e0054b8683e17505e,Eukaryota,TSAR_Rhizaria_Radiolaria,Acantharea,Acantharea_1,Acantharea_1_X,Acantharea_1_XX,Acantharea_1_XX_sp.
f6c92a5deb1387544f6c7651d8af40be,Eukaryota,TSAR_Rhizaria_Radiolaria,Acantharea,Acantharea_2,Acantharea_2b,Acantharea_2b_X,Acantharea_2b_X_sp.
f72b9eb1edf9c00a988408a1bdeea153,Eukaryota,Eukaryota_X_Ancyromonadida_Ancyromonadida_X,Ancyromonadida_XX,Ancyromonadida_XXX,Ancyromonadida_Group-1,,
f7fc5e2ecd02083a8bb76c3c40801614,Eukaryota,TSAR_Alveolata_Ciliophora,Spirotrichea,Choreotrichida,Choreotrichida_X,Choreotrichida_XX,Choreotrichida_XX_sp.
f8fa12138803f64e7c21e5d7c0362100,Eukaryota,Excavata_Discoba_Euglenozoa,Diplonemea,Diplonemida,Eupelagonemidae,Eupelagonemidae_X,Eupelagonemidae_X_sp.
fc6e19a2d4b6246601486da3da65dc68,Eukaryota,TSAR_Stramenopiles_Bigyra,Opalozoa,Nanomonadea,MAST-3,MAST-3D,MAST-3D_sp.
02141ba0f76492e462d8cf4d3ff69494,Eukaryota,TSAR_Alveolata_Dinoflagellata,Dinophyceae,Dinophyceae_X,Dinophyceae_XX,Dinophyceae_XXX,Dinophyceae_XXX_sp.
04da7d8e2fe9b9f935112426d5823a45,Eukaryota,Obazoa_Opisthokonta_Fungi,Basidiomycota,Agaricomycotina,Agaricomycetes,,
0851e766a4588f80af494ebbc72cf2af,Eukaryota,Amoebozoa_Evosea_Eumycetozoa,Myxogastria_Fuscisporidia,Myxogastria_Fuscisporidia_X,Myxogastria_Fuscisporidia_XX,Myxogastria_Fuscisporidia_XXX,Myxogastria_Fuscisporidia_XXX_sp.
0b415b0f2127ca66dc27b89a4cb0713e,Eukaryota,TSAR_Alveolata_Dinoflagellata,Dinophyceae,Dinophyceae_X,Dinophyceae_XX,Dinophyceae_XXX,Dinophyceae_XXX_sp.
12a8adf89ce9581347b3793475f09120,Eukaryota,Excavata_Discoba_Euglenozoa,Diplonemea,Diplonemida,Eupelagonemidae,Eupelagonemidae_X,Eupelagonemidae_X_sp.
16eab989c516f2115b87994675e3aa5d,Eukaryota,Archaeplastida_Chlorophyta_Chlorophyta_X,Ulvophyceae,Cladophorales,Cladophorales_X,Cladophora,Cladophora_albida
1c95b0e1faec599fd34465da4a98d279,Eukaryota,Excavata_Discoba_Euglenozoa,Diplonemea,Diplonemida,Eupelagonemidae,Eupelagonemidae_X,Eupelagonemidae_X_sp.
1caf98739c39e56adfb42e4652e7c927,Eukaryota,Haptista_Haptophyta_Haptophyta_X,Prymnesiophyceae,Prymnesiales,Chrysochromulinaceae,Chrysochromulina,Chrysochromulina_sp.
2090f6359612f3693cc670f60dcde162,Eukaryota,Haptista_Haptophyta_Haptophyta_X,Prymnesiophyceae,Prymnesiales,Prymnesiophyceae_Clade_B5,Prymnesiophyceae_Clade_B5_X,Prymnesiophyceae_Clade_B5_X_sp.
20eaf32c4aca5bcf197cd5751766dd42,Eukaryota,Amoebozoa_Discosea_Discosea_X,Flabellinia,Dactylopodida,Paramoebidae,Neoparamoeba,Neoparamoeba_branchiphila
2713b9e2513774cf62ba414007a9a678,Eukaryota,TSAR_Alveolata_Dinoflagellata,Syndiniales,Dino-Group-II,Dino-Group-II-Clade-5,Dino-Group-II-Clade-5_X,Dino-Group-II-Clade-5_X_sp.
2c43a87c0cda47ce57025567d36da1ba,Eukaryota,Excavata_Discoba_Euglenozoa,Diplonemea,Diplonemida,Eupelagonemidae,Eupelagonemidae_X,Eupelagonemidae_X_sp.
2dcd7ada46ed6fe881e78d5e6f882938,Eukaryota,TSAR_Alveolata_Dinoflagellata,Dinophyceae,Dinophyceae_X,Dinophyceae_XX,Dinophyceae_XXX,Dinophyceae_XXX_sp.
32138a9420a1d79474706aab15aba44d,Eukaryota,TSAR_Alveolata_Dinoflagellata,Syndiniales,Dino-Group-I,Dino-Group-I-Clade-1,Dino-Group-I-Clade-1_X,Dino-Group-I-Clade-1_X_sp.
381934bd1759e8dcf2153fb8ca5d0439,Eukaryota,Excavata_Discoba_Euglenozoa,Kinetoplastea,Neobodonida,Neobodonidae,Neobodo,Neobodo_sp.
4006f0a1f7c850be08a7ff6d5c02e701,Eukaryota,TSAR_Stramenopiles_Bigyra,Sagenista,Labyrinthulomycetes,Oblongichytridiaceae,Oblongichytrium,Oblongichytrium_sp.
41a2b30b8ed50297d5a6cf527b4df319,Eukaryota,TSAR_Alveolata_Dinoflagellata,Syndiniales,Dino-Group-II,Dino-Group-II-Clade-12,Dino-Group-II-Clade-12_X,Dino-Group-II-Clade-12_X_sp.
504765cd8fd9ed2138cf3797931b47d8,Eukaryota,TSAR_Stramenopiles_Bigyra,Sagenista,Labyrinthulomycetes,Labyrinthulomycetes_LAB1/6/8,Labyrinthulomycetes_LAB1,Labyrinthulomycetes_LAB1_sp.
5582a31f0314962cdb5b772683a07410,Eukaryota,TSAR_Alveolata_Ciliophora,Oligohymenophorea,Apostomatia,Pseudocolliniidae,Pseudocolliniidae_X,Pseudocolliniidae_X_sp.
65241afc13c6e0ff906a012635245527,Eukaryota,TSAR_Alveolata_Dinoflagellata,Dinophyceae,Peridiniales,Peridiniopsidaceae,Parvodinium,Parvodinium_umbonatum
6710956a4b32f0315dc5d824061b6a41,Eukaryota,TSAR_Alveolata_Ciliophora,Phyllopharyngea,Cyrtophoria_4,Chilodonellidae,,
7024bd348798eeec4355cb64ce233e3c,Eukaryota,TSAR_Alveolata_Dinoflagellata,Syndiniales,Dino-Group-II,Dino-Group-II-Clade-1,Dino-Group-II-Clade-1_X,Dino-Group-II-Clade-1_X_sp.
744f12f315b4a075b4e67861eee7347c,Eukaryota,TSAR_Alveolata_Ciliophora,Spirotrichea,Choreotrichida-Tintinnina,Tintinnidae,Tintinnidae_X,Tintinnidae_X_sp.
74e5cc9639c48f369dfad095d41fd57d,Eukaryota,TSAR_Alveolata_Dinoflagellata,Dinophyceae,Dinophyceae_X,Dinophyceae_XX,Dinophyceae_XXX,Dinophyceae_XXX_sp.
78f1de9678317831fa9a80012023064c,Eukaryota,TSAR_Alveolata_Dinoflagellata,Dinophyceae,Peridiniales,Blastodiniaceae,Blastodinium,Blastodinium_mangini
7b9104fe6d1ce2fcea4eb761f640d092,Eukaryota,Excavata_Discoba_Euglenozoa,Diplonemea,Diplonemida,Eupelagonemidae,Eupelagonemidae_X,Eupelagonemidae_X_sp.
7dfbbed8697f121612b3dc1f9c1a5583,Eukaryota,Haptista_Haptophyta_Haptophyta_X,Prymnesiophyceae,Prymnesiophyceae_X,Braarudosphaeraceae,Braarudosphaera,Braarudosphaera_bigelowii
7f165e70caa649655ce0303058d0c3dc,Eukaryota,TSAR_Alveolata_Dinoflagellata,Dinophyceae,Dinophyceae_X,Dinophyceae_XX,Dinophyceae_XXX,Dinophyceae_XXX_sp.
81b698a816abb705df0f0005e1066fa5,Eukaryota,TSAR_Stramenopiles_Gyrista,Bacillariophyceae,,,,
8201d71d144f4ccaf83fef92079eecc2,Eukaryota,TSAR_Alveolata_Dinoflagellata,Syndiniales,Dino-Group-II,Dino-Group-II_X,Dino-Group-II_XX,Dino-Group-II_XX_sp.
89b2d0106849b7d462d0b70b12784860,Eukaryota,Excavata_Discoba_Euglenozoa,Diplonemea,Diplonemida,Eupelagonemidae,Eupelagonemidae_X,Eupelagonemidae_X_sp.
9140a4ba47b753ced407cd7769a690c4,Eukaryota,TSAR_Alveolata_Dinoflagellata,Dinophyceae,Dinophyceae_X,Dinophyceae_XX,Dinophyceae_XXX,Dinophyceae_XXX_sp.
9dab6a0c4e98a992fe7e4a35c4bcc125,Eukaryota,TSAR_Alveolata_Dinoflagellata,Dinophyceae,Dinophyceae_X,Dinophyceae_XX,Dinophyceae_XXX,Dinophyceae_XXX_sp.
a43eaaf7bde6399b6a4fec61b892919e,Eukaryota,TSAR_Stramenopiles_Gyrista,,,,,
a9e5e12bc072d61ebbbaa35525d8ebe0,Eukaryota,Archaeplastida_Rhodophyta_Eurhodophytina,Florideophyceae,Ceramiales,Rhodomelaceae,,
ae85b412f107af4bee4906bad6aef987,Eukaryota,TSAR_Alveolata_Dinoflagellata,Dinophyceae,Dinophyceae_X,Dinophyceae_XX,Dinophyceae_XXX,Dinophyceae_XXX_sp.
afabf4a34826e4dbeb0bdd4f7622043f,Eukaryota,TSAR_Alveolata_Dinoflagellata,Syndiniales,Dino-Group-I,Dino-Group-I-Clade-4,Euduboscquella,
b31f0d95ae838d76ac87ff271f201ea0,Eukaryota,TSAR_Alveolata_Dinoflagellata,Dinophyceae,Gonyaulacales,Pyrocystaceae,Alexandrium,Alexandrium_sp.
b3fcef9fb4b0b9eb5b973c9370845fe6,Eukaryota,Excavata_Discoba_Euglenozoa,Diplonemea,Diplonemida,Eupelagonemidae,Eupelagonemidae_X,Eupelagonemidae_X_sp.
b837550ac2d1a5e1d628405d190ceb93,Eukaryota,TSAR_Rhizaria_Cercozoa,Filosa-Imbricatea,Marimonadida,Marimonadida_X,Marimonadida_XX,Marimonadida_XX_sp.
bb8e8225b294b1ecc58c7cc1ae3452f8,Eukaryota,Obazoa_Opisthokonta_Fungi,Basidiomycota,Agaricomycotina,Agaricomycetes,Heterobasidion,Heterobasidion_parviporum
beb0b73767cd37a54bab13d553f9ad64,Eukaryota,TSAR_Stramenopiles_Gyrista,Chrysophyceae,Chrysophyceae_Clade-EC2H,Chrysophyceae_Clade-EC2H_X,Chrysophyceae_Clade-EC2H_XX,Chrysophyceae_Clade-EC2H_XX_sp.
d2fc7532a7a55086474b0227673d7d3c,Eukaryota,Obazoa_Opisthokonta_Fungi,Chytridiomycota,,,,
d3447ad556aac5d644eab9f385abadb5,Eukaryota,Haptista_Haptophyta_Haptophyta_X,Prymnesiophyceae,Prymnesiales,Chrysochromulinaceae,Chrysochromulina,Chrysochromulina_scutellum
e34c2deb5cbd45e504f7c9d87f0afbfe,Eukaryota,TSAR_Rhizaria_Foraminifera,Globothalamea,Rotaliida,Nonionidae,Cribrostomoides,Cribrostomoides_sp.
e73f379afad6670086ee26b307794f81,Eukaryota,Obazoa_Opisthokonta_Fungi,Basidiomycota,Agaricomycotina,Agaricomycetes,Volvariella,Volvariella_gloiocephala
ec1f36ce2aac788ef459c5f724cdeaeb,Eukaryota,TSAR_Stramenopiles_Stramenopiles_X,Stramenopiles_XX,Stramenopiles_XXX,Stramenopiles_XXXX,Stramenopiles_XXXXX,Stramenopiles_XXXXX_sp.
ee0e3d15d3b8e288fa2c82fb6d384ce4,Eukaryota,Obazoa_Opisthokonta_Fungi,Mucoromycota,Mucoromycotina,Mucorales,Lichtheimia,Lichtheimia_corymbifera
00031f04bba08b1beeda1f0dbd317043,Eukaryota,TSAR_Alveolata_Dinoflagellata,Dinophyceae,,,,
00a014ac3f6addd74b30dc21f659c284,Eukaryota,TSAR_Alveolata_Dinoflagellata,Dinophyceae,Dinophysales,Dinophysaceae,Dinophysis,
00cad681fa05669f2a27d67db5cc43c8,Eukaryota,TSAR_Alveolata_Dinoflagellata,Dinophyceae,Gonyaulacales,Gonyaulacaceae,Gonyaulax,Gonyaulax_whaseongensis
154a64c49d20d3f8220e161322940fef,Eukaryota,TSAR_Alveolata_Dinoflagellata,Syndiniales,Dino-Group-II,,,
1817f9a0e33fb40489906b3d9d2e09ea,Eukaryota,Excavata_Discoba_Euglenozoa,Diplonemea,Diplonemida,Eupelagonemidae,Eupelagonemidae_X,Eupelagonemidae_X_sp.
1881d9466b7b151e718c149d172044e2,Eukaryota,TSAR_Stramenopiles_Gyrista,Mediophyceae,Thalassiosirales,Stephanodiscaceae,Cyclotella,
19a919b99fc29987b5f724af5a1b8f08,Eukaryota,Archaeplastida_Streptophyta_Streptophyta_X,Embryophyceae,Embryophyceae_X,Embryophyceae_XX,Panax,
1b820420cf37dda4852c7128d3888a4c,Eukaryota,Eukaryota_X_Ancyromonadida_Ancyromonadida_X,Ancyromonadida_XX,Ancyromonadida_XXX,Ancyromonadida_Group-1,Ancyromonas,Ancyromonas_micra
2029e1699a68e77fd7c220c44c052928,Eukaryota,TSAR_Alveolata_Dinoflagellata,Dinophyceae,Dinophyceae_X,Dinophyceae_XX,Dinophyceae_XXX,Dinophyceae_XXX_sp.
21eff3d592ed926ca046208cb88fb9f6,Eukaryota,Excavata_Discoba_Euglenozoa,Diplonemea,Diplonemida,Eupelagonemidae,Eupelagonemidae_X,Eupelagonemidae_X_sp.
263b6eaa7e60fa87e737491eeebf3ee1,Eukaryota,Excavata_Discoba_Euglenozoa,Diplonemea,Diplonemida,Eupelagonemidae,Eupelagonemidae_X,Eupelagonemidae_X_sp.
2bfd99140e2c496f5e27071d221f975d,Eukaryota,Excavata_Discoba_Euglenozoa,Diplonemea,Diplonemida,Eupelagonemidae,Eupelagonemidae_X,Eupelagonemidae_X_sp.
2c0537ae2c50f523e5c1e70423a819ab,Eukaryota,Excavata_Discoba_Euglenozoa,Diplonemea,Diplonemida,Eupelagonemidae,Eupelagonemidae_X,Eupelagonemidae_X_sp.
31a4db6fd569d351d8ced2199d1a2143,Eukaryota,TSAR_Rhizaria_Foraminifera,Globothalamea,Rotaliida,Nonionidae,Cribrostomoides,Cribrostomoides_sp.
325aa40b27db5eb8f2ee2a2d0d89bc88,Eukaryota,Excavata_Discoba_Euglenozoa,Diplonemea,Diplonemida,Eupelagonemidae,Eupelagonemidae_X,Eupelagonemidae_X_sp.
3643f3e8d21d47b5db379d03e02335ec,Eukaryota,TSAR_Stramenopiles_Gyrista,Peronosporomycetes,Peronosporomycetes_X,Haliphthorales,Haliphthorales_X,Haliphthorales_X_sp.
36556c9e16afd9bfd180786ea69539b4,Eukaryota,TSAR_Alveolata_Dinoflagellata,Dinophyceae,Dinophyceae_X,Dinophyceae_XX,Dinophyceae_XXX,Dinophyceae_XXX_sp.
3d506162ce0e397156456ae335823a3f,Eukaryota,TSAR_Stramenopiles_Gyrista,Phaeophyceae,Phaeophyceae_X,Phaeophyceae_XX,,
4951b5e9fe90dce081c2221622e8ea8c,Eukaryota,Cryptista_Cryptophyta_Cryptophyta_X,Cryptophyceae,Goniomonadales,Goniomonadales_X,Goniomonas,Goniomonas_sp.
4ed664a15553bcfef47d32df057de9bb,Eukaryota,TSAR_Rhizaria_Cercozoa,Filosa-Thecofilosea,Filosa-Thecofilosea_X,Mataza-lineage,Mataza-lineage_X,Mataza-lineage_X_sp.
51b4a5fa716153b0cdb086aab3ef5b43,Eukaryota,TSAR_Alveolata_Dinoflagellata,Dinophyceae,Peridiniales,Blastodiniaceae,Blastodinium,Blastodinium_mangini
5cd17733d3b5f5d810a6f028e082962a,Eukaryota,TSAR_Stramenopiles_Gyrista,Dictyochophyceae,Dictyochophyceae_X,Dictyochophyceae_XX,Ciliophrys,Ciliophrys_infusionum
60e7a8278c80b4095bb8ccb2a5d02cf3,Eukaryota,TSAR_Alveolata_Dinoflagellata,Dinophyceae,Peridiniales,Amphidomataceae,Azadinium,
6837b4c182de0795fc586eecbb5d698b,Eukaryota,Excavata_Discoba_Euglenozoa,Diplonemea,Diplonemida,Eupelagonemidae,Eupelagonemidae_X,Eupelagonemidae_X_sp.
6dbbe6489a90d5fc84af71fa79021b93,Eukaryota,TSAR_Alveolata_Dinoflagellata,Dinophyceae,Peridiniales,Thoracosphaeraceae,Scrippsiella,Scrippsiella_sp.
71bfe30e16328aa1b5203f0c12312b7f,Eukaryota,TSAR_Rhizaria_Cercozoa,Chlorarachniophyceae,Chlorarachniophyceae_X,LC104-lineage,LC104-lineage_X,LC104-lineage_X_sp.
74132200641a5b42f2376c9d4b2d188f,Eukaryota,TSAR_Alveolata_Dinoflagellata,Syndiniales,Dino-Group-I,Dino-Group-I-Clade-1,Dino-Group-I-Clade-1_X,Dino-Group-I-Clade-1_X_sp.
778790299c69e18255b96dcc35983868,Eukaryota,Obazoa_Opisthokonta_Fungi,Basidiomycota,Agaricomycotina,Agaricomycetes,Pulcherricium,Pulcherricium_caeruleum
77d50d503b66a2d6302b126a1e7a1c36,Eukaryota,TSAR_Rhizaria_Radiolaria,Polycystinea,Nassellaria,Triospyrididae,Ceratospyris,Ceratospyris_hyperborea
78626f06573aaefc95a11519d00c77cf,Eukaryota,Excavata_Discoba_Euglenozoa,Diplonemea,Diplonemida,Eupelagonemidae,Eupelagonemidae_X,Eupelagonemidae_X_sp.
7a03c213287ba9d42d424e273d3b4c56,Eukaryota,TSAR_Alveolata_Ciliophora,Oligohymenophorea,OLIGO5,OLIGO5_X,OLIGO5_XX,OLIGO5_XX_sp.
7a23e3174dcfa6fa6aa4fa26f2a02318,Eukaryota,Excavata_Discoba_Euglenozoa,Diplonemea,Diplonemida,Eupelagonemidae,Eupelagonemidae_X,Eupelagonemidae_X_sp.
8056d14e584c0d3042433dc07c104bfc,Eukaryota,Obazoa_Opisthokonta_Fungi,Ascomycota,Saccharomycotina,Saccharomycetales,Clavispora,Clavispora_lusitaniae
83fc264b16790bffeb44cb81c093d8e1,Eukaryota,Excavata_Discoba_Euglenozoa,Euglenophyceae,Rapazida,Rapazidae,Rapaza,Rapaza_viridis
8437329e2afb8a2c99755723a5dfb16c,Eukaryota,TSAR_Alveolata_Dinoflagellata,,,,,
a09ca9fecc2bf3ac02b5f6b15d733054,Eukaryota,TSAR_Alveolata_Dinoflagellata,Dinophyceae,Prorocentrales,Prorocentraceae,Prorocentrum,Prorocentrum_sp.
a1ce570f097c4b50881a5bbf6878d8e6,Eukaryota,Obazoa_Opisthokonta_Fungi,Zoopagomycota,Entomophthoromycotina,Entomophthorales,Entomophthora,
a2b1482bca5395cd936efe7387523843,Eukaryota,TSAR_Alveolata_Dinoflagellata,Dinophyceae,Dinophyceae_X,Dinophyceae_XX,Dinophyceae_XXX,Dinophyceae_XXX_sp.
a747b3a9864b46f851df2e0e520fd695,Eukaryota,TSAR_Stramenopiles_Gyrista,Chrysophyceae,Ochromonadales,Ochromonadales_clade-XII,Ochromonadales_clade-XII_X,Ochromonadales_clade-XII_X_sp.
a7b0b30f180926d6e7d621581b3ad951,Eukaryota,TSAR_Alveolata_Dinoflagellata,Dinophyceae,Prorocentrales,Prorocentraceae,Prorocentrum,
a9ea4ed2dd7a3a48182d08aa0cb79fa8,Eukaryota,TSAR_Alveolata_Dinoflagellata,Dinophyceae,Peridiniales,Blastodiniaceae,Blastodinium,Blastodinium_spinulosum
a9f2584a81470515962975f782fbd3f2,Eukaryota,TSAR_Alveolata_Dinoflagellata,Dinophyceae,Dinophyceae_X,Dinophyceae_XX,Dinophyceae_XXX,Dinophyceae_XXX_sp.
c3617e39266f572d134b33018558bbbf,Eukaryota,TSAR_Alveolata_Dinoflagellata,Syndiniales,Dino-Group-III,Dino-Group-III_X,Dino-Group-III_XX,Dino-Group-III_XX_sp.
c5f07c234b042b3397926811c85818ed,Eukaryota,TSAR_Alveolata_Dinoflagellata,Dinophyceae,Dinophyceae_X,Dinophyceae_XX,Dinophyceae_XXX,Dinophyceae_XXX_sp.
c6ee0aa908469a71df0589352635e9c5,Eukaryota,Amoebozoa_Discosea_Discosea_X,Flabellinia,Vannellida,Vannellidae,Vannella,Vannella_sp.
c80bdc841156f9e9ebcb32de9e986e68,Eukaryota,TSAR_Rhizaria_Radiolaria,Acantharea,Acantharea_C,Acantharea_C1,Gigartacon-C1,Gigartacon-C1_muelleri
d26171ff0c79b90398e85cd0e5613fac,Eukaryota,TSAR_Rhizaria_Radiolaria,Acantharea,Acantharea_C,Acantharea_C1,Gigartacon-C1,Gigartacon-C1_muelleri
f014dd921578df701ce0d6b9db7fde60,Eukaryota,TSAR_Alveolata_Dinoflagellata,Dinophyceae,Dinophysales,Dinophysaceae,Ornithocercus,
f7fff41df2e86066aca724bfe0b44276,Eukaryota,TSAR_Stramenopiles_Bigyra,Sagenista,Sagenista_X,MAST-4,MAST-4A,MAST-4A_sp.
ffb266c20729749683edd6f16c58c1fc,Eukaryota,Archaeplastida_Chlorophyta_Chlorophyta_X,Mamiellophyceae,Dolichomastigales,Crustomastigaceae,Crustomastix,Crustomastix_didyma
014fee932c2e587284eb925a5ebead64,Eukaryota,TSAR_Alveolata_Dinoflagellata,Dinophyceae,Dinophyceae_X,Dinophyceae_XX,Dinophyceae_XXX,Dinophyceae_XXX_sp.
04717478bee21b7ca822b33e8796c33e,Eukaryota,Excavata_Discoba_Euglenozoa,Diplonemea,Diplonemida,Eupelagonemidae,Eupelagonemidae_X,Eupelagonemidae_X_sp.
0637b0cf6862fc2d097bea784eb188c0,Eukaryota,TSAR_Alveolata_Dinoflagellata,Syndiniales,Dino-Group-II,Dino-Group-II-Clade-1,Dino-Group-II-Clade-1_X,Dino-Group-II-Clade-1_X_sp.
0638e7abbf433422b7eeb8a47c5788ce,Eukaryota,TSAR_Rhizaria_Cercozoa,Cercozoa_X,Cercozoa_XX,Cercozoa_XXX,Cercozoa_XXXX,Cercozoa_XXXX_sp.
0b8abc7269343a5a658a7586c2d298a1,Eukaryota,TSAR_Rhizaria_Cercozoa,Filosa-Metromonadea,Metromonadida,Metromonadidae,,
162a642d164e542aab4c3e6dc3578b14,Eukaryota,TSAR_Alveolata_Ciliophora,Oligohymenophorea,OLIGO5,OLIGO5_X,OLIGO5_XX,OLIGO5_XX_sp.
2388d3343cc2e169c14715df2906af90,Eukaryota,Archaeplastida_Streptophyta_Streptophyta_X,Embryophyceae,Embryophyceae_X,Embryophyceae_XX,,
2491e9e4cd352261186e2c1785574886,Eukaryota,TSAR_Rhizaria_Cercozoa,Filosa-Sarcomonadea,Cercomonadida,Cercomonadidae,Neocercomonas,Neocercomonas_sp.
255faee587276c5d66325c2573175216,Eukaryota,Excavata_Discoba_Euglenozoa,Diplonemea,Diplonemida,Eupelagonemidae,Eupelagonemidae_X,Eupelagonemidae_X_sp.
260a27194dc40f28c5e938845f580e17,Eukaryota,TSAR_Rhizaria_Cercozoa,Filosa-Thecofilosea,Ventricleftida,Ventricleftida_X,Ventricleftida_XX,Ventricleftida_XX_sp.
2b7f243a9e009c42effb037d4f9f6591,Eukaryota,TSAR_Alveolata_Dinoflagellata,Syndiniales,Dino-Group-II,,,
2e53bcb58605ed2a6b3967b5e67e7df5,Eukaryota,Eukaryota_X_Eukaryota_XX_Eukaryota_XXX,Eukaryota_XXXX,Eukaryota_XXXXX,Eukaryota_XXXXXX,Paravannella,Paravannella_minima
2e9ccefa57920c4e6c6991af26d58add,Eukaryota,TSAR_Stramenopiles_Gyrista,Phaeophyceae,Phaeophyceae_X,Phaeophyceae_XX,Ectocarpus,Ectocarpus_siliculosus
3304c19d5f75befdfc14e13f1e4ea313,Eukaryota,TSAR_Alveolata_Ciliophora,Oligohymenophorea,OLIGO5,OLIGO5_X,OLIGO5_XX,OLIGO5_XX_sp.
342410f19060dafb4994a2edf63c609f,Eukaryota,TSAR_Alveolata_Ciliophora,Spirotrichea,Hypotrichia,Oxytrichidae,Amphisiella,Amphisiella_milnei
3459cfd12773d0de37e2d67e999e9dd0,Eukaryota,TSAR_Alveolata_Dinoflagellata,Syndiniales,Dino-Group-II,Dino-Group-II-Clade-10-and-11,Dino-Group-II-Clade-10-and-11_X,Dino-Group-II-Clade-10-and-11_X_sp.
3bd43050275557f2f73fe86882d2387a,Eukaryota,Excavata_Discoba_Euglenozoa,Diplonemea,Diplonemida,Eupelagonemidae,Eupelagonemidae_X,Eupelagonemidae_X_sp.
3c0ac9e9d6e95a2b3fe132d1da4c5b8b,Eukaryota,TSAR_Alveolata_Ciliophora,CONThreeP,CONThreeP_X,Discotrichidae,NASSO_1,NASSO_1_sp.
4066d6f51219147a38b0693fffdfc8b1,Eukaryota,TSAR_Rhizaria_Cercozoa,Endomyxa-Phytomyxea,Phagomyxida,Phagomyxidae,Phagomyxa,Phagomyxa_sp.
425c7b004ef4e9f78e97b3a08056f51d,Eukaryota,Obazoa_Opisthokonta_Fungi,Ascomycota,Pezizomycotina,Dothideomycetes,,
475fe1eaaff658fc9d50eec4b3d56e05,Eukaryota,TSAR_Alveolata_Dinoflagellata,Dinophyceae,Prorocentrales,Prorocentraceae,Prorocentrum,Prorocentrum_nanum
4882d718b2030012166029e6d2095baa,Eukaryota,Obazoa_Opisthokonta_Fungi,,,,,
48f13a8da12b8a5aeda98d3b49665025,Eukaryota,TSAR_Alveolata_Dinoflagellata,Dinophyceae,Gonyaulacales,Gonyaulacaceae,Gonyaulax,Gonyaulax_ellegaardiae
49765370694a9f92d67df5747ae6d835,Eukaryota,TSAR_Alveolata_Dinoflagellata,Dinophyceae,,,,
53a2f8a88a1685307e716795038cb8bb,Eukaryota,TSAR_Stramenopiles_Gyrista,Bacillariophyceae,Naviculales,Stauroneidaceae,Craticula,
54992dc3ef949387b2c60831a7d37894,Eukaryota,TSAR_Alveolata_Dinoflagellata,Dinophyceae,Peridiniales,Protoperidiniaceae,Protoperidinium,Protoperidinium_sp.
5f304545402e340dcc3358f18e62ff88,Eukaryota,Obazoa_Opisthokonta_Fungi,Basidiomycota,Ustilaginomycotina,Exobasidiomycetes,Sympodiomycopsis,Sympodiomycopsis_paphiopedili
644ff5a165b8c984a0505ff2051dcf62,Eukaryota,TSAR_Alveolata_Dinoflagellata,Syndiniales,Dino-Group-II,Dino-Group-II-Clade-1,Dino-Group-II-Clade-1_X,Dino-Group-II-Clade-1_X_sp.
6c984ae22ba4e33c92bf02f8cdc2dc56,Eukaryota,TSAR_Alveolata_Dinoflagellata,Syndiniales,Dino-Group-II,Dino-Group-II-Clade-12,Dino-Group-II-Clade-12_X,Dino-Group-II-Clade-12_X_sp.
768095b53f4a63696fe6f7d253db188c,Eukaryota,TSAR_Alveolata_Dinoflagellata,Syndiniales,Dino-Group-II,Dino-Group-II-Clade-10-and-11,Dino-Group-II-Clade-10-and-11_X,Dino-Group-II-Clade-10-and-11_X_sp.
7791681d68c3b283ffe6cdb8b9f1311f,Eukaryota,Archaeplastida_Chlorophyta_Chlorophyta_X,Ulvophyceae,Ulvales-relatives,Ulvales-relatives_X,,
7a327c8e41c1ae849cec022b0f7b2dbb,Eukaryota,Archaeplastida_Chlorophyta_Chlorophyta_X,Trebouxiophyceae,Chlorellales,Chlorellales_X,Picochlorum,Picochlorum_sp.
7d5a50eb91778b066970218482e76190,Eukaryota,Excavata_Discoba_Euglenozoa,Diplonemea,Diplonemida,Eupelagonemidae,Eupelagonemidae_X,Eupelagonemidae_X_sp.
7e749a6b828aa8f8cd230be7f971f8ba,Eukaryota,TSAR_Alveolata_Dinoflagellata,Syndiniales,Dino-Group-III,Dino-Group-III_X,Dino-Group-III_XX,Dino-Group-III_XX_sp.
825232e6aad0f4d446993ddd26af330e,Eukaryota,TSAR_Stramenopiles_Gyrista,Bacillariophyceae,Naviculales,Naviculaceae,Navicula,
85d77d758f339551a482ae9fe8970fad,Eukaryota,TSAR_Alveolata_Ciliophora,Spirotrichea,Choreotrichida-Tintinnina,Tintinnidae,Tintinnidae_X,Tintinnidae_X_sp.
8adeb0d7f53ee47ea74c54932c337ef7,Eukaryota,Excavata_Discoba_Euglenozoa,Diplonemea,Diplonemida,Eupelagonemidae,Eupelagonemidae_X,Eupelagonemidae_X_sp.
8bea3906dbcb7056d5c7b4432735d94d,Eukaryota,Obazoa_Opisthokonta_Fungi,Chytridiomycota,Rhizophydiales,Rhizophydiales_X,Rhizophydiales_XX,Rhizophydiales_XX_sp.
90ded0c5d9a05e037a7c9c7e9e77d81b,Eukaryota,Archaeplastida_Streptophyta_Streptophyta_X,Embryophyceae,Embryophyceae_X,Embryophyceae_XX,,
9112588d92bd6c0e0089e182c67ac1b9,Eukaryota,Excavata_Discoba_Euglenozoa,Diplonemea,Diplonemida,Eupelagonemidae,Eupelagonemidae_X,Eupelagonemidae_X_sp.
9a9f7f6caaff161a691bb928b15f600c,Eukaryota,TSAR_Alveolata_Dinoflagellata,Dinophyceae,,,,
a126be64a75f9c9e35e0179db95175fb,Eukaryota,TSAR_Alveolata_Dinoflagellata,Syndiniales,Dino-Group-II,Dino-Group-II_X,Dino-Group-II_XX,Dino-Group-II_XX_sp.
a2ff741a1572e615f4b89f0ec9c1321f,Eukaryota,TSAR_Stramenopiles_Gyrista,Pirsoniales,Pirsoniales_X,Pirsoniales_XX,Pirsonia,
a3c085363364ddec04ff9bab899bfb11,Eukaryota,Excavata_Discoba_Euglenozoa,Kinetoplastea,Kinetoplastea_X,Kinetoplastea_XX,Kinetoplastea_XX_MET1,Kinetoplastea_XX_MET1_sp.
ab6974b9086d407ab41dd6e1de9215d7,Eukaryota,TSAR_Stramenopiles_Gyrista,MOCH-3,MOCH-3_X,MOCH-3_XX,MOCH-3_XXX,MOCH-3_XXX_sp.
b116932c506b0737346dd504332b9d16,Eukaryota,TSAR_Alveolata_Dinoflagellata,Dinophyceae,,,,
b230ec63e8c809fdf42b8ef50541b8ea,Eukaryota,TSAR_Alveolata_Dinoflagellata,Dinophyceae,Dinophyceae_X,Dinophyceae_XX,Dinophyceae_XXX,Dinophyceae_XXX_sp.
b49a614191783e0c2f71f613c0076ad3,Eukaryota,TSAR_Rhizaria_Cercozoa,Filosa-Imbricatea,Marimonadida,Marimonadida_X,Marimonadida_XX,Marimonadida_XX_sp.
b573f12c3b807cf75b706b0c1920b3e3,Eukaryota,TSAR_Alveolata_Dinoflagellata,Dinophyceae,Dinophysales,Dinophysaceae,Ornithocercus,
be8dd84e223f570acd8e690687d2cc4b,Eukaryota,TSAR_Stramenopiles_Gyrista,Mediophyceae,Thalassiosirales,Thalassiosiraceae,Conticribra,Conticribra_weissflogii
c0551f014f37cb66e6d3886a933b32b8,Eukaryota,TSAR_Alveolata_Ciliophora,Heterotrichea,Heterotrichea_X,Peritromidae,Peritromus,Peritromus_sp.
ce88a4b3b13674dac494a7f71725e59f,Eukaryota,TSAR_Alveolata_Dinoflagellata,Dinophyceae,Dinophyceae_X,Dinophyceae_XX,Dinophyceae_XXX,Dinophyceae_XXX_sp.
cead606891a7be8295f1bfb37d334208,Eukaryota,TSAR_Alveolata_Dinoflagellata,Dinophyceae,Gonyaulacales,Pyrocystaceae,Ostreopsis,Ostreopsis_ovata
d0fa04ba5d15f7b86f281cf6f33d4d3d,Eukaryota,TSAR_Stramenopiles_Gyrista,Mediophyceae,Eupodiscales,,,
d24393b17ba525afd5d83e72e930c2c4,Eukaryota,TSAR_Stramenopiles_Gyrista,Pirsoniales,Pirsoniales_X,Pirsoniales_XX,Pirsonia,
def6c97e2f9559a6f8b315a6c624ba15,Eukaryota,TSAR_Alveolata_Dinoflagellata,Dinophyceae,Peridiniales,Heterocapsaceae,Heterocapsa,
df62f9acda1ca991315eeec1c6b2d783,Eukaryota,TSAR_Alveolata_Dinoflagellata,Syndiniales,Dino-Group-II,Dino-Group-II-Clade-1,Dino-Group-II-Clade-1_X,Dino-Group-II-Clade-1_X_sp.
e333226c923c0c419dda0e0f66937d84,Eukaryota,Archaeplastida_Rhodophyta_Eurhodophytina,Florideophyceae,Ceramiales,Rhodomelaceae,,
e583abdc1a58c42261cd49f53e1ce727,Eukaryota,TSAR_Stramenopiles_Gyrista,Peronosporomycetes,Peronosporomycetes_X,Haliphthorales,Haliphthoros,Haliphthoros_sp.
e6ede1b1082134e94924a2893ef316db,Eukaryota,Excavata_Discoba_Euglenozoa,Diplonemea,Diplonemida,Eupelagonemidae,Eupelagonemidae_X,Eupelagonemidae_X_sp.
e97a20e530aa47f0ea9b3a6b201c2fd5,Eukaryota,TSAR_Alveolata_Dinoflagellata,Syndiniales,Dino-Group-II,Dino-Group-II-Clade-6,Dino-Group-II-Clade-6_X,Dino-Group-II-Clade-6_X_sp.
ee9a5c9e428da0e9c6b89f60e0607c78,Eukaryota,TSAR_Stramenopiles_Gyrista,Peronosporomycetes,Peronosporomycetes_X,Haliphthorales,Haliphthorales_X,Haliphthorales_X_sp.
f146c5cc9913e23e99417fcebe672a56,Eukaryota,TSAR_Alveolata_Dinoflagellata,Dinophyceae,,,,
f154b568d632b224d44c8f8077adfa43,Eukaryota,Excavata_Discoba_Euglenozoa,Diplonemea,Diplonemida,Eupelagonemidae,Eupelagonemidae_X,Eupelagonemidae_X_sp.
f3796dd4c1d5ce7d9abc1e38d27bbdff,Eukaryota,TSAR_Rhizaria_Radiolaria,RAD-B,RAD-B_X,RAD-B_X_Group-II,RAD-B_X_Group-II_X,RAD-B_X_Group-II_X_sp.
01b3039862ff5d053bd5c5b35d8a8deb,Eukaryota,Excavata_Discoba_Euglenozoa,Diplonemea,Diplonemida,Eupelagonemidae,Eupelagonemidae_X,Eupelagonemidae_X_sp.
01bb9cc0caa79e2bee78ffa2a4e61d9f,Eukaryota,Excavata_Discoba_Euglenozoa,Diplonemea,Diplonemida,Eupelagonemidae,Eupelagonemidae_X,Eupelagonemidae_X_sp.
029aa603c86a73e9d33546a9c3217b3a,Eukaryota,Excavata_Discoba_Euglenozoa,Diplonemea,Diplonemida,Eupelagonemidae,Eupelagonemidae_X,Eupelagonemidae_X_sp.
0aeda76f2bf8a9642403384176294648,Eukaryota,TSAR_Stramenopiles_Bigyra,Sagenista,Labyrinthulomycetes,Oblongichytridiaceae,Oblongichytrium,Oblongichytrium_sp.
0b57aa53393df2fd3a10218452b8d93e,Eukaryota,Eukaryota_X_Ancyromonadida_Ancyromonadida_X,Ancyromonadida_XX,Ancyromonadida_XXX,Ancyromonadida_Group-1,Ancyromonas,Ancyromonas_sigmoides
1016a8d50846070801b6fba975bd2fda,Eukaryota,TSAR_Stramenopiles_Gyrista,Mediophyceae,,,,
1737cb57de7749b668471c3cac5b822f,Eukaryota,TSAR_Stramenopiles_Bigyra,Sagenista,Labyrinthulomycetes,Oblongichytridiaceae,Oblongichytrium,Oblongichytrium_sp.
1fb8be77686a9dddd82af5492aebfcb9,Eukaryota,Excavata_Discoba_Euglenozoa,Diplonemea,Diplonemida,Eupelagonemidae,Eupelagonemidae_X,Eupelagonemidae_X_sp.
23feecf882ce0b13e2f4ea746015fe7f,Eukaryota,TSAR_Alveolata_Dinoflagellata,Dinophyceae,Dinophyceae_X,Dinophyceae_XX,Dinophyceae_XXX,Dinophyceae_XXX_sp.
2de20e5e81b05a71bd820608c0487a11,Eukaryota,Excavata_Discoba_Euglenozoa,Diplonemea,Diplonemida,Eupelagonemidae,Eupelagonemidae_X,Eupelagonemidae_X_sp.
33ed6c6df02886fd8bf881624039a16b,Eukaryota,TSAR_Alveolata_Ciliophora,Litostomatea,Haptoria_6,Lacrymariidae,Lacrymaria,Lacrymaria_sp.
367788c374b75782a836910c46c49bc8,Eukaryota,TSAR_Alveolata_Ciliophora,Spirotrichea,Hypotrichia,Oxytrichidae,,
37b3e4e912abcb3747f4858d5e2dfba4,Eukaryota,Archaeplastida_Chlorophyta_Chlorophyta_X,Mamiellophyceae,Dolichomastigales,Dolichomastigaceae,Dolichomastigaceae-B,Dolichomastigaceae-B_sp.
3f33e3e29085b5000233d26173d07211,Eukaryota,Excavata_Discoba_Euglenozoa,Diplonemea,Diplonemida,Eupelagonemidae,Eupelagonemidae_X,Eupelagonemidae_X_sp.
46c2c9bf6f2d48b5e9e1c4c52ebea7fe,Eukaryota,Obazoa_Opisthokonta_Fungi,Basidiomycota,Pucciniomycotina,Pucciniomycetes,Puccinia,
4953d88d7c24851703b481ba15588037,Eukaryota,TSAR_Rhizaria_Foraminifera,Globothalamea,Rotaliida,Globigerinidae,Globigerinoides,Globigerinoides_elongatus
528e1e2730070ce07914072073b8ff9a,Eukaryota,Obazoa_Opisthokonta_Fungi,Ascomycota,Pezizomycotina,Sordariomycetes,,
5cc2d487f842370930ea01ae5339fb37,Eukaryota,TSAR_Alveolata_Dinoflagellata,Syndiniales,Dino-Group-I,Dino-Group-I-Clade-5,Dino-Group-I-Clade-5_X,Dino-Group-I-Clade-5_X_sp.
5ee401d3b17fa51a82cb8921bc20b340,Eukaryota,TSAR_Rhizaria_Cercozoa,Filosa-Thecofilosea,Cryomonadida,Protaspa-lineage,Protaspa-lineage_X,Protaspa-lineage_X_sp.
61fbbd22893afc80036f614088e82221,Eukaryota,Amoebozoa_Evosea_Eumycetozoa,Myxogastria_Fuscisporidia,Physarida,Physaridae,Badhamia,Badhamia_utricularis
644e31e85a2d64dee5ea9e49fd189700,Eukaryota,TSAR_Alveolata_Dinoflagellata,Dinophyceae,Peridiniales,Protoperidiniaceae,Protoperidinium,Protoperidinium_pellucidum
72ee81f50747b59abe6d8626129b0d29,Eukaryota,TSAR_Alveolata_Dinoflagellata,Dinophyceae,Prorocentrales,Prorocentraceae,Prorocentrum,Prorocentrum_sp.
7501a2f89a8e7db13aeb6853c005804c,Eukaryota,TSAR_Stramenopiles_Bigyra,Sagenista,Labyrinthulomycetes,Oblongichytridiaceae,Oblongichytrium,Oblongichytrium_sp.
79d15391a1061465b51a00ca1b34b1f2,Eukaryota,TSAR_Alveolata_Dinoflagellata,Syndiniales,Dino-Group-II,Dino-Group-II-Clade-1,Dino-Group-II-Clade-1_X,Dino-Group-II-Clade-1_X_sp.
7aa5473cc25a05a26eb3ab1abac81f2e,Eukaryota,Obazoa_Opisthokonta_Fungi,Ascomycota,Saccharomycotina,Saccharomycetales,Metschnikowia,Metschnikowia_sp.
7e9ba1e07e48da8ffdeb69f65767b795,Eukaryota,TSAR_Alveolata_Dinoflagellata,Syndiniales,Dino-Group-II,Dino-Group-II-Clade-5,Dino-Group-II-Clade-5_X,Dino-Group-II-Clade-5_X_sp.
88a6f6458eff299d296a4aac1f075716,Eukaryota,Obazoa_Opisthokonta_Fungi,Ascomycota,Pezizomycotina,Eurotiomycetes,,
9061c00dc7fb46d5e66a5ce5f390c4e8,Eukaryota,TSAR_Alveolata_Dinoflagellata,Syndiniales,Dino-Group-I,Dino-Group-I-Clade-5,Dino-Group-I-Clade-5_X,Dino-Group-I-Clade-5_X_sp.
93e33a2b6f5ff122595c3f5cac10a6dc,Eukaryota,Obazoa_Opisthokonta_Fungi,Ascomycota,Saccharomycotina,Saccharomycetales,Yarrowia,Yarrowia_lipolytica
970fb1a3fe296c08b3a53182ecca6b28,Eukaryota,Excavata_Discoba_Euglenozoa,Diplonemea,Diplonemida,Eupelagonemidae,Eupelagonemidae_X,Eupelagonemidae_X_sp.
99112baec6234a24f9b548aa11d05acb,Eukaryota,TSAR_Stramenopiles_Gyrista,Mediophyceae,Thalassiosirales,Thalassiosiraceae,Thalassiosira,
9b1d139e2f156d9c1f77a2e108a4cdfb,Eukaryota,TSAR_Rhizaria_Radiolaria,Polycystinea,Nassellaria,Acanthodesmidae,Amphispyris,Amphispyris_costata
9c2e64b838dbdedeaa8305d770d34d12,Eukaryota,TSAR_Alveolata_Dinoflagellata,Dinophyceae,Gymnodiniales,Chytriodiniaceae,Chytriodinium,Chytriodinium_sp.
9e33c5d147de23a64558265654bf633c,Eukaryota,TSAR_Stramenopiles_Bigyra,Sagenista,Labyrinthulomycetes,Thraustochytriaceae,Sicyoidochytrium,Sicyoidochytrium_sp.
a0a1cff781facc467470d758c5005a48,Eukaryota,TSAR_Stramenopiles_Gyrista,Chrysophyceae,Ochromonadales,Ochromonadales_X,Ochromonadales_XX,Ochromonadales_XX_sp.
a10c32baf5daac95ee42f9e71641c7c0,Eukaryota,TSAR_Alveolata_Dinoflagellata,Dinophyceae,Dinophyceae_X,Dinophyceae_XX,Dinophyceae_XXX,Dinophyceae_XXX_sp.
a21bd8b65d16e8d6374f87e1c7677e57,Eukaryota,Archaeplastida_Streptophyta_Streptophyta_X,Embryophyceae,Embryophyceae_X,Embryophyceae_XX,,
a3d787e2f3ec6b7856ab0ab16173f3cd,Eukaryota,TSAR_Alveolata_Dinoflagellata,Syndiniales,Dino-Group-II,Dino-Group-II-Clade-2,Dino-Group-II-Clade-2_X,Dino-Group-II-Clade-2_X_sp.
a4253e6dc97142ec08763dcfd9c1086a,Eukaryota,TSAR_Alveolata_Dinoflagellata,,,,,
ac2f5ded898838e62aba40278ac87f5e,Eukaryota,Excavata_Discoba_Euglenozoa,Diplonemea,Diplonemida,Eupelagonemidae,Eupelagonemidae_X,Eupelagonemidae_X_sp.
ac3d6ea30e902247b17f9f15f1c12af5,Eukaryota,Obazoa_Opisthokonta_Fungi,Mucoromycota,Mucoromycotina,Mucoromycotina_X,Rhizomucor,Rhizomucor_miehei
ae3269b6927e60f401fe0129867def75,Eukaryota,TSAR_Alveolata_Dinoflagellata,Dinophyceae,Dinophyceae_X,Dinophyceae_XX,Dinophyceae_XXX,Dinophyceae_XXX_sp.
ae4ab95912623649faf099e0bd57ea57,Eukaryota,Excavata_Discoba_Euglenozoa,Diplonemea,Diplonemida,Eupelagonemidae,Eupelagonemidae_X,Eupelagonemidae_X_sp.
af009f949e2d1b81be205dedb68e3f01,Eukaryota,TSAR_Stramenopiles_Gyrista,Chrysophyceae,Chrysophyceae_Clade-EC2H,Chrysophyceae_Clade-EC2H_X,Chrysophyceae_Clade-EC2H_XX,Chrysophyceae_Clade-EC2H_XX_sp.
b0ba25d415ce00e7b902ca3f45bb9e53,Eukaryota,Excavata_Discoba_Euglenozoa,Diplonemea,Diplonemida,Diplonemidae,Rhynchopus,Rhynchopus_humris
b82de10bbfe2723c817aa93c88e83b23,Eukaryota,Obazoa_Opisthokonta_Fungi,Mucoromycota,Mucoromycotina,Mucoromycotina_X,Rhizopus,Rhizopus_oryzae
bfc01706244ee8b9e09769e9762cb74f,Eukaryota,Excavata_Discoba_Euglenozoa,Diplonemea,Diplonemida,Eupelagonemidae,Eupelagonemidae_X,Eupelagonemidae_X_sp.
c094c97df4237a827ac48be04e3f4c59,Eukaryota,Obazoa_Opisthokonta_Fungi,Basidiomycota,Pucciniomycotina,Agaricostilbomycetes,Bensingtonia,
c251a971b8333ec5cfc52ab96b2303d9,Eukaryota,TSAR_Rhizaria_Cercozoa,Filosa-Thecofilosea,Cryomonadida,Rhogostoma-lineage,,
c46a381ee7d6173d80506dbbf530e17a,Eukaryota,Archaeplastida_Picozoa_Picozoa_subdivision_1,Picomonadea,Picomonadea_X,Picomonadea_XX,Picomonadea_XXX,Picomonadea_XXX_sp.
c5d15f4c6a29b14ff7476731fd246461,Eukaryota,TSAR_Alveolata_Dinoflagellata,Dinophyceae,Prorocentrales,Prorocentraceae,Prorocentrum,Prorocentrum_sp.
d4e90fb949df96c9975d1e3eacd533a2,Eukaryota,TSAR_Rhizaria_Foraminifera,Globothalamea,Rotaliida,Globigerinoidea,Globigerinita,Globigerinita_glutinata
d5e780e5316b182ee04775c0c593ff05,Eukaryota,TSAR_Alveolata_Dinoflagellata,Syndiniales,Dino-Group-II,Dino-Group-II-Clade-10-and-11,Dino-Group-II-Clade-10-and-11_X,Dino-Group-II-Clade-10-and-11_X_sp.
d862e69b5a3d33f0d28d86cb388d0e78,Eukaryota,TSAR_Rhizaria_Cercozoa,Filosa-Granofilosea,Limnofilida,Limnofilidae,Limnofilidae_X,Limnofilidae_X_sp.
d987b735351960489a9aa0e19a84bed3,Eukaryota,TSAR_Alveolata_Dinoflagellata,Syndiniales,Dino-Group-II,Dino-Group-II-Clade-33,Dino-Group-II-Clade-33_X,Dino-Group-II-Clade-33_X_sp.
da70c5da2c4a13a19b5b95fd3bcef4ef,Eukaryota,Archaeplastida_Rhodophyta_Eurhodophytina,Florideophyceae,Ceramiales,Rhodomelaceae,Herposiphonia,
df29a27a6a12e8f29686a4554039343c,Eukaryota,Obazoa_Opisthokonta_Choanoflagellata,Choanoflagellatea,Acanthoecida,Stephanoecidae_Group_H,,
dfbb86b1378b4328976e6d993afdb0b6,Eukaryota,TSAR_Alveolata_Dinoflagellata,Dinophyceae,,,,
dfde6f59b5467570e49d1f8ebeb63b27,Eukaryota,Archaeplastida_Streptophyta_Streptophyta_X,Embryophyceae,Embryophyceae_X,Embryophyceae_XX,,
e0bb0514f90b7b4bcb4cb487d0455446,Eukaryota,TSAR_Alveolata_Ciliophora,Spirotrichea,Choreotrichida-Tintinnina,Rhabdonellidae,Rhabdonella,
e1824d70f86aa63d4e114e9e517896bf,Eukaryota,TSAR_Alveolata_Ciliophora,Oligohymenophorea,OLIGO5,OLIGO5_X,OLIGO5_XX,OLIGO5_XX_sp.
e377f8cdc9e6bb4b75c4310735b57327,Eukaryota,TSAR_Alveolata_Dinoflagellata,Dinophyceae,Dinophyceae_X,Dinophyceae_XX,Dinophyceae_XXX,Dinophyceae_XXX_sp.
e94559937baf6da733a462004d6a1a85,Eukaryota,TSAR_Alveolata_Ciliophora,Heterotrichea,Heterotrichea_X,Stentoridae,Stentor,Stentor_sp.
f2d207dc179e2e5c77f5f94ecd543c4c,Eukaryota,TSAR_Alveolata_Dinoflagellata,Dinophyceae,Dinophyceae_X,Dinophyceae_XX,Dinophyceae_XXX,Dinophyceae_XXX_sp.
fa2710cdf75d0915c1ef4393257320cd,Eukaryota,Excavata_Discoba_Euglenozoa,Diplonemea,Diplonemida,Eupelagonemidae,Eupelagonemidae_X,Eupelagonemidae_X_sp.
ff7954f04d5fdd577450431a3b96a4b6,Eukaryota,Haptista_Haptophyta_Haptophyta_X,Prymnesiophyceae,Prymnesiales,Chrysochromulinaceae,Chrysochromulina,
01b37d9daf8e0e069e9fd7aac819597e,Eukaryota,TSAR_Alveolata_Dinoflagellata,Dinophyceae,Gonyaulacales,Ceratiaceae,Tripos,
0b71e5d1accfaa8000aeb7ee3ad27ee2,Eukaryota,TSAR_Stramenopiles_Stramenopiles_X,Stramenopiles_XX,Stramenopiles_XXX,Stramenopiles_XXXX,Stramenopiles_XXXXX,Stramenopiles_XXXXX_sp.
10bebd2e14ec6fb97134a78941248534,Eukaryota,Obazoa_Opisthokonta_Fungi,Ascomycota,Pezizomycotina,Dothideomycetes,Cochliobolus,
2bd0a2a6c09d0eee0667c1a4a253829c,Eukaryota,TSAR_Rhizaria_Cercozoa,Filosa-Thecofilosea,Cryomonadida,,,
320c0b278803da5f3d73b1e4a7e0bb45,Eukaryota,Obazoa_Opisthokonta_Fungi,Basidiomycota,Agaricomycotina,Tremellomycetes,Tremellomycetes_X,Tremellomycetes_X_sp.
390ac41e1bb60b33a02aae7e1eb6d596,Eukaryota,TSAR_Rhizaria_Cercozoa,Filosa-Thecofilosea,Cryomonadida,Protaspa-lineage,Protaspa-lineage_X,Protaspa-lineage_X_sp.
3b47755410c45c1e16fdb0742f94a370,Eukaryota,TSAR_Alveolata_Dinoflagellata,Dinophyceae,Dinophyceae_X,Dinophyceae_XX,Dinophyceae_XXX,Dinophyceae_XXX_sp.
3f58b50f560076b281051955d8ca3555,Eukaryota,TSAR_Stramenopiles_Gyrista,Phaeophyceae,Phaeophyceae_X,Phaeophyceae_XX,Scytosiphon,Scytosiphon_lomentaria
41d40ba3987304416b99e3a364e83943,Eukaryota,TSAR_Alveolata_Dinoflagellata,Dinophyceae,Peridiniales,Amphidomataceae,Azadinium,
56bba4b8573ab6f12f35bdba5ab798c4,Eukaryota,TSAR_Alveolata_Dinoflagellata,Syndiniales,Dino-Group-II,Dino-Group-II-Clade-15,Dino-Group-II-Clade-15_X,Dino-Group-II-Clade-15_X_sp.
578fa52e43f17bea7ee1a97f8b8c7e34,Eukaryota,TSAR_Rhizaria_Radiolaria,Polycystinea,Nassellaria,Lophophaenidae,Peromelissa,Peromelissa_tricuspidata
5e044d553b254e9e3a9e5f88c50533a7,Eukaryota,TSAR_Alveolata_Dinoflagellata,Dinophyceae,,,,
5f40bf53ffa372230b507e19473c7a62,Eukaryota,Excavata_Discoba_Euglenozoa,Diplonemea,Diplonemida,Eupelagonemidae,Eupelagonemidae_X,Eupelagonemidae_X_sp.
6bac48f320ec4a758a17b33bb2878923,Eukaryota,Haptista_Haptophyta_Haptophyta_X,Prymnesiophyceae,Prymnesiales,Chrysochromulinaceae,Chrysochromulina,Chrysochromulina_sp.
6c267127db78aad27d1a0f2abe3bd1e8,Eukaryota,TSAR_Alveolata_Ciliophora,Prostomatea,Prorodontida,Urotrichidae,Urotricha,Urotricha_sp.
71f4410eef302f33f02a434a9e705f62,Eukaryota,TSAR_Alveolata_Dinoflagellata,Dinophyceae,,,,
7237fc0b2a1e7d344b591402988a10ee,Eukaryota,TSAR_Rhizaria_Cercozoa,Filosa-Sarcomonadea,Filosa-Sarcomonadea_X,Filosa-Sarcomonadea_XX,Filosa-Sarcomonadea_XXX,Filosa-Sarcomonadea_XXX_sp.
75613c81438892cdec620649c213ed86,Eukaryota,Amoebozoa_Discosea_Discosea_X,Flabellinia,Dactylopodida,Paramoebidae,Neoparamoeba,Neoparamoeba_branchiphila
7a1c36409be8670875030c0c038936c5,Eukaryota,Obazoa_Opisthokonta_Choanoflagellata,Choanoflagellatea,Acanthoecida,Acanthoecidae_Group_G,,
8199ff30eab946d3549c36e5cb6b62bd,Eukaryota,TSAR_Alveolata_Dinoflagellata,Dinophyceae,Gymnodiniales,,,
81f170fe33c7155e4c592bd8a82565cf,Eukaryota,TSAR_Rhizaria_Foraminifera,Globothalamea,Rotaliida,Globigerinidae,Globigerinoides,Globigerinoides_elongatus
84a097d5cc64ddcbc6782becd83b2137,Eukaryota,TSAR_Alveolata_Ciliophora,Spirotrichea,Euplotia,Aspidiscidae,Aspidisca,Aspidisca_leptaspis
8927c5b22112dd2ef829eb46c55cfe32,Eukaryota,TSAR_Alveolata_Dinoflagellata,Dinophyceae,Peridiniales,Peridiniopsidaceae,Parvodinium,Parvodinium_umbonatum
8a687e9e613daaf3cda5dab206372652,Eukaryota,Amoebozoa_Evosea_Eumycetozoa,Myxogastria_Fuscisporidia,Physarida,Physaridae,Fuligo,Fuligo_septica
90a43e4399dbb55e4ecf539347771f2e,Eukaryota,TSAR_Alveolata_Ciliophora,Colpodea,Colpodea_X,,,
968176de921865cefedf4b902197d352,Eukaryota,Archaeplastida_Rhodophyta_Eurhodophytina,Florideophyceae,Nemaliales,Nemaliales_X,,
9ac3cdc0d7b9640359fb4c27954e0a78,Eukaryota,TSAR_Alveolata_Dinoflagellata,Dinophyceae,,,,
9d2e2af92e883ea3fd44474542454469,Eukaryota,TSAR_Alveolata_Dinoflagellata,Dinophyceae,Dinophyceae_X,Dinophyceae_XX,Dinophyceae_XXX,Dinophyceae_XXX_sp.
9d66eaaf4fa8bb45ffbbb5851cd062b7,Eukaryota,TSAR_Alveolata_Ciliophora,Oligohymenophorea,OLIGO5,OLIGO5_X,OLIGO5_XX,OLIGO5_XX_sp.
a06eedf20cef38ec736f11686a71ccb6,Eukaryota,TSAR_Alveolata_Dinoflagellata,Dinophyceae,Dinophyceae_X,Dinophyceae_XX,Dinophyceae_XXX,Dinophyceae_XXX_sp.
a3c7196557c5ea1f8a8f745dc725ed99,Eukaryota,TSAR_Alveolata_Dinoflagellata,Dinophyceae,Peridiniales,Protoperidiniaceae,Protoperidinium,Protoperidinium_punctulatum
b09fb316fe2ec15e9ff3455d4292242c,Eukaryota,TSAR_Stramenopiles_Gyrista,Bacillariophyceae,,,,
b88b45d02be4c0a253c6ca0172362d50,Eukaryota,TSAR_Stramenopiles_Bigyra,Sagenista,Labyrinthulomycetes,Thraustochytriaceae,Thraustochytrium,Thraustochytrium_sp.
bbf706be97c89e9ef276ac3aedc2da50,Eukaryota,TSAR_Stramenopiles_Bigyra,Sagenista,Sagenista_X,MAST-4,MAST-4B,MAST-4B_sp.
bf0c0ecd302bd42260baa5eb31aede98,Eukaryota,TSAR_Rhizaria_Radiolaria,Polycystinea,Spumellaria,Spongosphaeridae,Spongosphaera,Spongosphaera_streptacantha
c5e042832dbcd7ae508925d333fe49b9,Eukaryota,TSAR_Stramenopiles_Bigyra,Opalozoa,Nanomonadea,MAST-3,MAST-3F,MAST-3F_sp.
c6fec41e22d2ec771a49c083f7d1efd9,Eukaryota,Excavata_Discoba_Euglenozoa,Diplonemea,Diplonemida,Eupelagonemidae,Eupelagonemidae_X,Eupelagonemidae_X_sp.
cc5924aff6b2058da1061e06298f284e,Eukaryota,TSAR_Telonemia_Telonemia_X,Telonemia_XX,Telonemia_XXX,Telonemia-Group-2,Telonemia-Group-2_X,Telonemia-Group-2_X_sp.
cd565d37249c9c687b1c5345084fd3ac,Eukaryota,TSAR_Alveolata_Dinoflagellata,Dinophyceae,Peridiniales,Protoperidiniaceae,Protoperidinium,Protoperidinium_sp.
cdec5c5f022cf280a4fa35da7aee561f,Eukaryota,TSAR_Stramenopiles_Gyrista,Peronosporomycetes,Peronosporomycetes_X,Peronosporales,Phytophthora,Phytophthora_nicotianae
cee47b2719164c8069ef3d774dc5c16d,Eukaryota,Obazoa_Opisthokonta_Fungi,Basidiomycota,Agaricomycotina,Agaricomycetes,Gymnopus,Gymnopus_dryophilus
d5f206fe84b24f4d49931ff80373f8c9,Eukaryota,Excavata_Discoba_Euglenozoa,Diplonemea,Diplonemida,Eupelagonemidae,Eupelagonemidae_X,Eupelagonemidae_X_sp.
d62602258a72eaffd761d81f6653e0e1,Eukaryota,TSAR_Alveolata_Dinoflagellata,Syndiniales,Dino-Group-II,Dino-Group-II-Clade-1,Dino-Group-II-Clade-1_X,Dino-Group-II-Clade-1_X_sp.
d6c39868361a927ab0a822f9fc9d2a01,Eukaryota,TSAR_Alveolata_Dinoflagellata,Dinophyceae,Gymnodiniales,Kareniaceae,Karlodinium,Karlodinium_veneficum
d9793dd9565cf08b1ad1ee4bd6de8927,Eukaryota,TSAR_Alveolata_Dinoflagellata,Dinophyceae,,,,
dd20cda30ba099b54321659479994cf1,Eukaryota,TSAR_Alveolata_Dinoflagellata,Dinophyceae,Peridiniales,Amphidomataceae,Azadinium,
e017c247e46873775473c29030c28805,Eukaryota,TSAR_Alveolata_Ciliophora,Spirotrichea,Choreotrichida,Strombidinopsidae,Strombidinopsis,Strombidinopsis_acuminata
e15b13d1b25de8f8ecdde1f0b78e7e11,Eukaryota,Archaeplastida_Chlorophyta_Chlorophyta_X,Trebouxiophyceae,Chlorellales,Chlorellales_X,Nannochloris,Nannochloris_sp.
e9117d5f48d40b1b57531995f4fafaef,Eukaryota,Obazoa_Opisthokonta_Fungi,Basidiomycota,Agaricomycotina,Agaricomycetes,Crepidotus,Crepidotus_sp.
f0235745fcaa8b2e580229160d3ce35c,Eukaryota,TSAR_Alveolata_Dinoflagellata,Dinophyceae,Prorocentrales,Prorocentraceae,Prorocentrum,Prorocentrum_sp.
f2f4996938f4a991d1710976d10ec13d,Eukaryota,TSAR_Rhizaria_Foraminifera,Monothalamids,Monothalamids_Clade-BM,Bathysiphonidae,Micrometula,Micrometula_sp.
f38272f0d507d0b4a4c1a69a4712f730,Eukaryota,Archaeplastida_Chlorophyta_Chlorophyta_X,Trebouxiophyceae,Chlorellales,Chlorellales_X,Chlorellales_XX,Chlorellales_XX_sp.
f728793fa0a7beb040404ca74c05b127,Eukaryota,TSAR_Alveolata_Dinoflagellata,Dinophyceae,,,,
ff2366d6c35bd1d6ecee1b92d9febf3e,Eukaryota,TSAR_Alveolata_Dinoflagellata,Dinophyceae,Dinophyceae_X,Dinophyceae_XX,Dinophyceae_XXX,Dinophyceae_XXX_sp.
0287595bea67c011b70ba52450150b21,Eukaryota,Excavata_Discoba_Euglenozoa,Diplonemea,Diplonemida,Eupelagonemidae,Eupelagonemidae_X,Eupelagonemidae_X_sp.
06525daafe01fcd8cb4fbb7e2eb2ca01,Eukaryota,Obazoa_Opisthokonta_Fungi,Basidiomycota,Agaricomycotina,Tremellomycetes,,
0742df3907bc1a1ee8a7de7579dc36ee,Eukaryota,Excavata_Discoba_Euglenozoa,Diplonemea,Diplonemida,Eupelagonemidae,Eupelagonemidae_X,Eupelagonemidae_X_sp.
09a652f5bbdd921f962a021897547bb3,Eukaryota,TSAR_Alveolata_Dinoflagellata,Syndiniales,Dino-Group-II,Dino-Group-II-Clade-5,Dino-Group-II-Clade-5_X,Dino-Group-II-Clade-5_X_sp.
0dd62d8a02eb781b5339925412e422fa,Eukaryota,Archaeplastida_Rhodophyta_Eurhodophytina,Florideophyceae,Gigartinales,Gigartinales_X,Ramicrusta,Ramicrusta_sp.
0dfea1f3fb58faf3af6ccadc686e439c,Eukaryota,TSAR_Alveolata_Chrompodellids,Colpodellidea,Colpodellida,Alphamonaceae,Alphamonas,Alphamonas_sp.
13794f5e23e959ab10b4991204f9dd1a,Eukaryota,Obazoa_Opisthokonta_Fungi,Basidiomycota,Pucciniomycotina,Microbotryomycetes,Leucosporidium,
13b9a61bea35ea7943c4f780114e89ce,Eukaryota,TSAR_Alveolata_Dinoflagellata,Dinophyceae,Dinophyceae_X,Dinophyceae_XX,Dinophyceae_XXX,Dinophyceae_XXX_sp.
14119a3dcf36701dc969974881076abb,Eukaryota,Haptista_Haptophyta_Haptophyta_X,Prymnesiophyceae,Prymnesiales,Chrysochromulinaceae,Chrysochromulina,Chrysochromulina_sp.
19b6fb90b048e57b9a27705b7ce23863,Eukaryota,Amoebozoa_Evosea_Evosea_X,Variosea,Fractovitellida,Soliformoviidae,Grellamoeba,Grellamoeba_robusta
1b15fa88fd40d1d56621fa498de86271,Eukaryota,Obazoa_Opisthokonta_Fungi,Ascomycota,Pezizomycotina,Pezizomycetes,Pezizomycetes_X,Pezizomycetes_X_sp.
1b21841d9914182ba33734676d5fc3fd,Eukaryota,TSAR_Rhizaria_Radiolaria,Polycystinea,Nassellaria,Collophidiidae,Collophidium,Collophidium_ellipsoides
1ccb9c35fe9c8815157559e1da2ddf83,Eukaryota,Excavata_Discoba_Euglenozoa,Diplonemea,Diplonemida,Diplonemida_DSPDII,Diplonemida_DSPDII_X,Diplonemida_DSPDII_X_sp.
1f9abab939b0f9e07f01dc9b6c6430cd,Eukaryota,Archaeplastida_Chlorophyta_Chlorophyta_X,Trebouxiophyceae,Chlorellales,Chlorellales_X,,
219f32d99b0a7918457570da38d5eb58,Eukaryota,Obazoa_Opisthokonta_Fungi,Ascomycota,Pezizomycotina,Eurotiomycetes,Uncinocarpus,Uncinocarpus_reesii
2392ec14ad91ac01f5727d0d1083eb9b,Eukaryota,Amoebozoa_Discosea_Discosea_X,Flabellinia,Dactylopodida,Paramoebidae,Paramoeba,Paramoeba_eilhardi
254f24a53243113fe900d7d58ecf3fd9,Eukaryota,TSAR_Alveolata_Dinoflagellata,Dinophyceae,Gymnodiniales,Chytriodiniaceae,Chytriodinium,Chytriodinium_sp.
270673da40636d74a6bfe894ad81bbef,Eukaryota,Amoebozoa_Tubulinea_Tubulinea_X,Elardia,Euamoebida,Vermamoebidae,Hartmannella,Hartmannella_abertawensis
285ba224de6c9eb1ac598943fd20da67,Eukaryota,TSAR_Alveolata_Ciliophora,Phyllopharyngea,Cyrtophoria_8,Dysteriidae,Dysteria_1,Dysteria_1_sp.
290ea9d76b8ff592abcf1770d657ec33,Eukaryota,TSAR_Rhizaria_Radiolaria,Acantharea,Acantharea_1,Acantharea_1_X,Acantharea_1_XX,Acantharea_1_XX_sp.
296fe7c63e95696a1c6b86d5b740a47b,Eukaryota,Haptista_Haptophyta_Haptophyta_X,Prymnesiophyceae,Prymnesiales,Prymnesiaceae,,
2e2d546f3c3f686b80629b4c07ed5f5b,Eukaryota,Obazoa_Opisthokonta_Choanoflagellata,Choanoflagellatea,,,,
32e6814b4cc33014a51ff9d033d1b89a,Eukaryota,Obazoa_Opisthokonta_Fungi,Basidiomycota,Agaricomycotina,Agaricomycetes,,
399acef66fa0dce34a0ebf74468c3863,Eukaryota,TSAR_Rhizaria_Cercozoa,Filosa-Thecofilosea,Cryomonadida,Cryothecomonas-lineage,Cryothecomonas,Cryothecomonas_sp.
44d71cf4d902addc91c366eea9b5f7b9,Eukaryota,TSAR_Rhizaria_Radiolaria,RAD-B,RAD-B_X,RAD-B_X_Group-Ib,RAD-B_X_Group-Ib_X,RAD-B_X_Group-Ib_X_sp.
4d4de833932ae503f7bc64523c9dc989,Eukaryota,Archaeplastida_Chlorophyta_Chlorophyta_X,Chlorophyceae,Sphaeropleales,Sphaeropleales_X,Desmodesmus,
4f641b6d61cf0971666c4b1af4667185,Eukaryota,TSAR_Alveolata_Ciliophora,Spirotrichea,Choreotrichida-Tintinnina,Tintinnidae,Tintinnidae_X,Tintinnidae_X_sp.
50f789403ed3de0593c2f4b5f1a350cb,Eukaryota,Excavata_Discoba_Euglenozoa,Diplonemea,Diplonemida,Eupelagonemidae,Eupelagonemidae_X,Eupelagonemidae_X_sp.
51d5c6fe9f28a9853dc93518ece28cc5,Eukaryota,TSAR_Alveolata_Ciliophora,Phyllopharyngea,Cyrtophoria_1,PHYLL_4,PHYLL_4_X,PHYLL_4_X_sp.
54ad2298f2ff5831522689d4e2567b40,Eukaryota,TSAR_Alveolata_Dinoflagellata,Dinophyceae,Peridiniales,Protoperidiniaceae,Archaeperidinium,
5a52353788df7f6ece99ab55d2269d99,Eukaryota,TSAR_Rhizaria_Foraminifera,Monothalamids,Monothalamids_X,Monothalamids_XX,,
5cedac99d95cf6a4a64213fa9aa9389b,Eukaryota,TSAR_Alveolata_Dinoflagellata,Dinophyceae,Prorocentrales,Prorocentraceae,Prorocentrum,Prorocentrum_sp.
5ee0964078c67f9e108cd63ebb815e50,Eukaryota,TSAR_Rhizaria_Foraminifera,Tubothalamea,Miliolida,,,
6a18038666966e7ebdd0287aec721f03,Eukaryota,TSAR_Alveolata_Ciliophora,Oligohymenophorea,OLIGO5,OLIGO5_X,OLIGO5_XX,OLIGO5_XX_sp.
6aff0e1502d9ba2a93f4b60afb38f163,Eukaryota,Obazoa_Opisthokonta_Fungi,Ascomycota,Pezizomycotina,,,
6ba63ac632dda25c0fe1d70ae7283274,Eukaryota,Excavata_Discoba_Euglenozoa,Diplonemea,Diplonemida,Eupelagonemidae,Eupelagonemidae_X,Eupelagonemidae_X_sp.
71ca0b079717b36e1738c7bdf063769a,Eukaryota,TSAR_Rhizaria_Cercozoa,Filosa-Thecofilosea,Cryomonadida,Rhogostoma-lineage,Rhogostoma,
7afa6739e8868263d0186697e39b5685,Eukaryota,TSAR_Rhizaria_Foraminifera,Globothalamea,Rotaliida,Bolivinitidae,Bolivina,Bolivina_variabilis
7b8039e1522e92ec93b811a503da564f,Eukaryota,TSAR_Alveolata_Ciliophora,Oligohymenophorea,OLIGO5,OLIGO5_X,OLIGO5_XX,OLIGO5_XX_sp.
8291373f4ca9af85d8551159cb23afef,Eukaryota,Excavata_Discoba_Euglenozoa,Diplonemea,Diplonemida,Eupelagonemidae,Eupelagonemidae_X,Eupelagonemidae_X_sp.
850662cf1f7badc9ff62c67e05b9b600,Eukaryota,TSAR_Rhizaria_Radiolaria,RAD-B,RAD-B_X,RAD-B_X_Group-Ib,RAD-B_X_Group-Ib_X,RAD-B_X_Group-Ib_X_sp.
8d044675ac691b83ad55b6fd5b637de9,Eukaryota,Excavata_Discoba_Euglenozoa,Kinetoplastea,Kinetoplastea_X,Kinetoplastea_XX,Kinetoplastea_XX_MET8,Kinetoplastea_XX_MET8_sp.
9058a66c13b057bd8fb43464a67178fd,Eukaryota,Obazoa_Opisthokonta_Fungi,Ascomycota,Pezizomycotina,Pezizomycetes,Peziza,Peziza_echinospora
9c04db6ef1b7199aa40962a55b42643d,Eukaryota,TSAR_Alveolata_Ciliophora,Spirotrichea,Oligotrichida,Tontoniidae,Tontoniidae_X,Tontoniidae_X_sp.
9c0e88bca79f6d76c9ab74c5a427b2b7,Eukaryota,Archaeplastida_Streptophyta_Streptophyta_X,Embryophyceae,Embryophyceae_X,Embryophyceae_XX,,
9d708905abe243bb01be0e6e7f2cef17,Eukaryota,TSAR_Alveolata_Dinoflagellata,Syndiniales,,,,
9dfde69dbc4bebfd83caf7d813aa119a,Eukaryota,TSAR_Alveolata_Dinoflagellata,Dinophyceae,Prorocentrales,Prorocentraceae,Prorocentrum,Prorocentrum_sp.
a103f68238298307beeaf39cd829daa1,Eukaryota,Archaeplastida_Chlorophyta_Chlorophyta_X,Chloropicophyceae,Chloropicales,Chloropicaceae,Chloropicon,Chloropicon_primus
a39bcd558453486b11ed7090caad66fe,Eukaryota,TSAR_Alveolata_Dinoflagellata,Syndiniales,Dino-Group-II,Dino-Group-II-Clade-21,Dino-Group-II-Clade-21_X,Dino-Group-II-Clade-21_X_sp.
ab4eb879f361ed2cd6c23403713be4f7,Eukaryota,TSAR_Stramenopiles_Bigyra,Bicoecea,Bicoecea_X,Bicoecea_XX,Bicoecea_XXX,Bicoecea_XXX_sp.
b25244fd4f4514558313ca3783bc9084,Eukaryota,TSAR_Stramenopiles_Gyrista,Mediophyceae,Chaetocerotales,Chaetocerotaceae,Bacteriastrum,Bacteriastrum_mediterraneum
b41802310349c9a981656f4042e73ba0,Eukaryota,Excavata_Discoba_Euglenozoa,Diplonemea,Diplonemida,Diplonemidae,Diplonema,Diplonema_japonicum
b5228da460dea40aaace7b0c434abf63,Eukaryota,Excavata_Discoba_Euglenozoa,Diplonemea,Diplonemida,Eupelagonemidae,Eupelagonemidae_X,Eupelagonemidae_X_sp.
b8f25d238b9f6730f9cb99ffefbda389,Eukaryota,Amoebozoa_Tubulinea_Tubulinea_X,Elardia,Arcellinida,Difflugina,Spumochlamys,Spumochlamys_bryora
b9ef3dc68298573c357e1e67753e55be,Eukaryota,Obazoa_Opisthokonta_Fungi,Ascomycota,Taphrinomycotina,Taphrinomycetes,Taphrina,
ba3110fba8f216265cd134d664efad72,Eukaryota,Excavata_Discoba_Euglenozoa,Diplonemea,Diplonemida,Diplonemida_DSPDII,Diplonemida_DSPDII_X,Diplonemida_DSPDII_X_sp.
bb3f9a835922cef4cc85179f6f2f749b,Eukaryota,TSAR_Alveolata_Dinoflagellata,Dinophyceae,Dinophyceae_X,Dinophyceae_XX,Dinophyceae_XXX,Dinophyceae_XXX_sp.
bce684286debe70c91b893be598e33d6,Eukaryota,TSAR_Rhizaria_Radiolaria,RAD-B,RAD-B_X,RAD-B_X_Group-IVd,RAD-B_X_Group-IVd_X,RAD-B_X_Group-IVd_X_sp.
c3d387a9ff40ad6b496f96b0487415e3,Eukaryota,TSAR_Alveolata_Dinoflagellata,Dinophyceae,Dinophyceae_X,Dinophyceae_XX,Dinophyceae_XXX,Dinophyceae_XXX_sp.
cbcfc591ff37771ca4d628bcbacc78dd,Eukaryota,Excavata_Discoba_Euglenozoa,Diplonemea,Diplonemida,Eupelagonemidae,Eupelagonemidae_X,Eupelagonemidae_X_sp.
cd9de35f1278630e7e86cb0605a728b7,Eukaryota,Obazoa_Opisthokonta_Fungi,Ascomycota,Pezizomycotina,Leotiomycetes,Collophora,Collophora_rubra
d1d32c792d5f6cbcb524b7f01d93a382,Eukaryota,Excavata_Discoba_Euglenozoa,Diplonemea,Diplonemida,Eupelagonemidae,Eupelagonemidae_X,Eupelagonemidae_X_sp.
d6cbaff53c4e0b2ba3d5157ce1c517fc,Eukaryota,TSAR_Alveolata_Dinoflagellata,Syndiniales,Dino-Group-II,Dino-Group-II_X,Dino-Group-II_XX,Dino-Group-II_XX_sp.
d6e2379ae719fe9984ec1c6552e75613,Eukaryota,TSAR_Stramenopiles_Gyrista,Chrysophyceae,Ochromonadales,Ochromonadaceae,Poterioochromonas,
d81c747db223ad7157dde0fb1eaa5533,Eukaryota,TSAR_Alveolata_Dinoflagellata,Dinophyceae,Gonyaulacales,Pyrocystaceae,Pyrocystis,Pyrocystis_pseudonoctiluca
d8fdf73b7d20595aa53243f78a6d0464,Eukaryota,Excavata_Discoba_Euglenozoa,Diplonemea,Diplonemida,Eupelagonemidae,Eupelagonemidae_X,Eupelagonemidae_X_sp.
dc63f97b7c622f0bcad4c8b4d172f0f6,Eukaryota,Obazoa_Opisthokonta_Fungi,Ascomycota,Pezizomycotina,Sordariomycetes,,
dcfa181957fda1601dfdc43d12c69e04,Eukaryota,Archaeplastida_Chlorophyta_Chlorophyta_X,Ulvophyceae,Ulvales-relatives,Ulvales-relatives_X,Phaeophila,Phaeophila_dendroides
e9029bc99bc1fcaee80f8ec25034c82f,Eukaryota,Excavata_Discoba_Euglenozoa,Diplonemea,Diplonemida,Eupelagonemidae,Eupelagonemidae_X,Eupelagonemidae_X_sp.
e9a6511623bc9a9872da5559ab41d813,Eukaryota,TSAR_Alveolata_Dinoflagellata,Dinophyceae,Gymnodiniales,,,
ea20b8a0fe44850641a5f3fd6329f0d4,Eukaryota,Obazoa_Opisthokonta_Fungi,Basidiomycota,Agaricomycotina,Agaricomycetes,,
f30f1ea15a772983bc476ab19a315d36,Eukaryota,TSAR_Stramenopiles_Gyrista,Peronosporomycetes,Peronosporomycetes_X,Peronosporales,,
f80cc863d4b86569aa0934aa5eaacf09,Eukaryota,TSAR_Alveolata_Dinoflagellata,Syndiniales,Dino-Group-II,Dino-Group-II-Clade-7,Dino-Group-II-Clade-7_X,Dino-Group-II-Clade-7_X_sp.
fb3dcd351d6790be44fcdd5de23ca2e8,Eukaryota,Excavata_Discoba_Euglenozoa,Diplonemea,Diplonemida,Eupelagonemidae,Eupelagonemidae_X,Eupelagonemidae_X_sp.
fba9b64633b8dfc1377f8476f330323a,Eukaryota,TSAR_Alveolata_Dinoflagellata,Dinophyceae,Peridiniales,Thoracosphaeraceae,Paulsenella,Paulsenella_vonstoschii
fbeed85d34068488042513e8483a506d,Eukaryota,TSAR_Alveolata_Dinoflagellata,Dinophyceae,Gymnodiniales,Kareniaceae,Karenia,Karenia_mikimotoi
ff40ac4f91d608f647837bf829c28729,Eukaryota,Excavata_Discoba_Euglenozoa,Diplonemea,Diplonemida,Eupelagonemidae,Eupelagonemidae_X,Eupelagonemidae_X_sp.
0446dd828eab27e01d7b41dc94195be1,Eukaryota,TSAR_Stramenopiles_Gyrista,Phaeophyceae,Phaeophyceae_X,Phaeophyceae_XX,Sargassum,Sargassum_thunbergii
07135bee58c54aacf9a6ef598720fc10,Eukaryota,TSAR_Stramenopiles_Bigyra,Sagenista,Pseudophyllomitidae,MAST-6,Mastreximonas,Mastreximonas_tlaamin
0c33b3e2d18e8ad808c183f39ad71d09,Eukaryota,Amoebozoa_Evosea_Eumycetozoa,Myxogastria_Fuscisporidia,Physarida,Didymiidae,,
1bccfa10b944567fa94eefd5cf102603,Eukaryota,Obazoa_Opisthokonta_Fungi,Ascomycota,Pezizomycotina,Dothideomycetes,Cladosporium,
2da5dd0a152598bbecde5b090666d8b3,Eukaryota,TSAR_Stramenopiles_Bigyra,Sagenista,Sagenista_X,MAST-8,MAST-8D,MAST-8D_sp.
3828c16612d9c165570d7bf26ca8f68a,Eukaryota,Excavata_Discoba_Euglenozoa,Diplonemea,Diplonemida,Eupelagonemidae,Eupelagonemidae_X,Eupelagonemidae_X_sp.
3fc3f91a9970f66841c32923a4fb979b,Eukaryota,TSAR_Stramenopiles_Gyrista,Phaeophyceae,Phaeophyceae_X,Phaeophyceae_XX,,
488a77f33573e55b64c4ae5082da5677,Eukaryota,Excavata_Discoba_Euglenozoa,Diplonemea,Diplonemida,Eupelagonemidae,Eupelagonemidae_X,Eupelagonemidae_X_sp.
52b6db7135a8043fad291586eeb2a3a6,Eukaryota,Excavata_Discoba_Euglenozoa,Diplonemea,Diplonemida,Eupelagonemidae,Eupelagonemidae_X,Eupelagonemidae_X_sp.
54586be75813c71e776bfecca623b762,Eukaryota,Excavata_Discoba_Euglenozoa,Diplonemea,Diplonemida,Eupelagonemidae,Eupelagonemidae_X,Eupelagonemidae_X_sp.
58515d2aabd1a5f44d3de4b69172453b,Eukaryota,TSAR_Alveolata_Dinoflagellata,Dinophyceae,Dinophyceae_X,Dinophyceae_XX,Dinophyceae_XXX,Dinophyceae_XXX_sp.
5d53426de8882b4500da25ce633ba675,Eukaryota,TSAR_Alveolata_Dinoflagellata,Syndiniales,Dino-Group-II,Dino-Group-II-Clade-14,Dino-Group-II-Clade-14_X,Dino-Group-II-Clade-14_X_sp.
61565eb340821963c14cf7a37e7c8419,Eukaryota,Obazoa_Opisthokonta_Choanoflagellata,Choanoflagellatea,Acanthoecida,Acanthoecidae_Group_G,Acanthoecidae_Group_G_X,Acanthoecidae_Group_G_X_sp.
61e0206b26b23495d20e7c5d712b4074,Eukaryota,TSAR_Alveolata_Apicomplexa,Gregarinomorphea,Gregarinomorphea_X,Gregarinomorphea_XX,Selenidium,Selenidium_pendula
6580ccc50fd00df975cfc37fb9271394,Eukaryota,Obazoa_Opisthokonta_Ichthyosporea,Dermocystida,Rhynosporidae,Rhynosporidae_X,Rhynosporidae_XX,Rhynosporidae_XX_sp.
6598b8bc9b51e97f5c46b3f9d3a87546,Eukaryota,TSAR_Alveolata_Ciliophora,Spirotrichea,Choreotrichida-Tintinnina,TIN_05,Tintinnopsis_05,Tintinnopsis_tocantinensis
69ba45b5abce9b335a9bb82518ae1e21,Eukaryota,Amoebozoa_Discosea_Discosea_X,Flabellinia,Dactylopodida,Paramoebidae,,
774490c2d1aa21e546c28e739dcf7438,Eukaryota,Archaeplastida_Picozoa_Picozoa_subdivision_1,Picozoa_subdivision_1B,Picozoa_subdivision_1B_X,Picozoa_subdivision_1B_XX,Picozoa_subdivision_1B_XXX,Picozoa_subdivision_1B_XXX_sp.
77fdd9731d353315a5b4f5817b4e0f16,Eukaryota,Archaeplastida_Chlorophyta_Chlorophyta_X,Mamiellophyceae,Dolichomastigales,Crustomastigaceae,Crustomastix,Crustomastix_didyma
78e9dcb20af766db054c8a8b0599a2b4,Eukaryota,Archaeplastida_Rhodophyta_Eurhodophytina,Florideophyceae,Bonnemaisoniales,Bonnemaisoniaceae,Asparagopsis,Asparagopsis_taxiformis
78f80d29a1168188314d0f32e90d7d0f,Eukaryota,Excavata_Discoba_Euglenozoa,Diplonemea,Diplonemida,Eupelagonemidae,Eupelagonemidae_X,Eupelagonemidae_X_sp.
7a98a0b2b402ff93a976a1e71e481b9f,Eukaryota,Cryptista_Cryptophyta_Cryptophyta_X,Cryptophyceae,Cryptomonadales,Cryptomonadales_X,Proteomonas,Proteomonas_sp.
7c140db6056cd31c6767eff748b88e70,Eukaryota,Excavata_Discoba_Euglenozoa,Euglenophyceae,Eutreptiales,Eutreptiaceae,Eutreptiella,Eutreptiella_eupharyngea
7e35127434aede18854b0ca5bd9b3153,Eukaryota,Excavata_Discoba_Euglenozoa,Diplonemea,Diplonemida,Eupelagonemidae,Eupelagonemidae_X,Eupelagonemidae_X_sp.
8845ff0ab042513bb222f35fb45c388e,Eukaryota,TSAR_Rhizaria_Foraminifera,Globothalamea,Rotaliida,Epistominellidae,Epistominella,Epistominella_sp.
884ffb8863307480b48bb3d4b0581bbe,Eukaryota,TSAR_Rhizaria_Cercozoa,Filosa-Thecofilosea,Cryomonadida,Cryomonadida_X,Cryomonadida_XX,Cryomonadida_XX_sp.
8b529937e8414adfb9decd447a317b0e,Eukaryota,Excavata_Discoba_Euglenozoa,Diplonemea,Diplonemida,Eupelagonemidae,Eupelagonemidae_X,Eupelagonemidae_X_sp.
8e2c54dbe319bd1fe8a71b5950474537,Eukaryota,TSAR_Alveolata_Dinoflagellata,Syndiniales,Dino-Group-I,Dino-Group-I-Clade-5,Dino-Group-I-Clade-5_X,Dino-Group-I-Clade-5_X_sp.
8ecc799493bb2483f495bdbe0e984d0d,Eukaryota,TSAR_Rhizaria_Radiolaria,Polycystinea,Spumellaria,Lithelidae,Lithelius,Lithelius_alveolina
92ac633ed62bd0bc27068ddeb05d73af,Eukaryota,TSAR_Alveolata_Dinoflagellata,Dinophyceae,Peridiniales,Amphidomataceae,Azadinium,
977bbb5ceefcd0b9bd1d3c150fb566a9,Eukaryota,TSAR_Rhizaria_Radiolaria,Polycystinea,Spumellaria,Stylodictyidae,Stylodictya,
977eccda3d9cea55deb7594a659eb80f,Eukaryota,Excavata_Discoba_Euglenozoa,Diplonemea,Diplonemida,Diplonemidae,Rhynchopus,Rhynchopus_sp.
9856f11d484cdc419c554a11a3896f22,Eukaryota,TSAR_Rhizaria_Foraminifera,Monothalamids,Monothalamids_X,Monothalamids_XX,Hippocrepina,Hippocrepina_indivisa
9a719cc4c7096bfe8b0d35e83d5cd382,Eukaryota,Obazoa_Opisthokonta_Fungi,Basidiomycota,Pucciniomycotina,Pucciniomycetes,,
9b35cfad32e8929fedfbc9978526591c,Eukaryota,TSAR_Rhizaria_Foraminifera,Globothalamea,Textulariida,Reophacidae,Reophax,
9ba15071215599d7acdba959fb08e584,Eukaryota,TSAR_Stramenopiles_Bigyra,Sagenista,Labyrinthulomycetes,Labyrinthulomycetes_X,Stellarchytrium,Stellarchytrium_dubum
a261ff50b93f2372177dd9b509ecc426,Eukaryota,TSAR_Stramenopiles_Gyrista,Chrysophyceae,Ochromonadales,Ochromonadaceae,Poteriospumella,Poteriospumella_lacustris
affb85224b7a5ebb65c0b99c2b40dbf7,Eukaryota,Excavata_Discoba_Euglenozoa,Diplonemea,Diplonemida,Eupelagonemidae,Eupelagonemidae_X,Eupelagonemidae_X_sp.
b01392dfe682b2a603fdadc931774e3c,Eukaryota,TSAR_Stramenopiles_Gyrista,Pirsoniales,Pirsoniales_X,Pirsoniales_XX,Pirsonia,Pirsonia_guinardiae
b114407159299d44ccdcec4b55db4e94,Eukaryota,Archaeplastida_Streptophyta_Streptophyta_X,Embryophyceae,Embryophyceae_X,Embryophyceae_XX,Sorghum,Sorghum_bicolor
b53d90497d2501b6be9838d8b765dd67,Eukaryota,Excavata_Discoba_Euglenozoa,Diplonemea,Diplonemida,Eupelagonemidae,Eupelagonemidae_X,Eupelagonemidae_X_sp.
b5d5b7d96c8f14f8e71d72f4b10c4bf0,Eukaryota,TSAR_Rhizaria_Radiolaria,Polycystinea,Nassellaria,Acanthodesmidae,Amphispyris,Amphispyris_costata
b6a65e524423b31a71b1ae4274346143,Eukaryota,TSAR_Alveolata_Dinoflagellata,Syndiniales,Dino-Group-II,Dino-Group-II-Clade-14,Dino-Group-II-Clade-14_X,Dino-Group-II-Clade-14_X_sp.
b8ba692cf87a78929818a876cea55cb9,Eukaryota,TSAR_Rhizaria_Foraminifera,Globothalamea,Rotaliida,Epistominellidae,Epistominella,Epistominella_sp.
c71a19dc30621ab31a04d21a38273717,Eukaryota,Obazoa_Opisthokonta_Fungi,Basidiomycota,Agaricomycotina,Agaricomycetes,Panellus,Panellus_stipticus
cc16016a817d84526dac7d575642bea3,Eukaryota,Excavata_Discoba_Euglenozoa,Diplonemea,Diplonemida,Eupelagonemidae,Eupelagonemidae_X,Eupelagonemidae_X_sp.
d30de6bbddf041c825128bb07f62d63c,Eukaryota,Archaeplastida_Rhodophyta_Eurhodophytina,Florideophyceae,Ceramiales,Rhodomelaceae,,
d5107ce01be8b7acd8945209973abbd5,Eukaryota,TSAR_Stramenopiles_Gyrista,Bacillariophyceae,Naviculales,Naviculaceae,Navicula,
d59ce70d578397129adc09028aa4ab99,Eukaryota,Excavata_Discoba_Euglenozoa,Diplonemea,Diplonemida,Eupelagonemidae,Eupelagonemidae_X,Eupelagonemidae_X_sp.
d769e887ee967fd65bc5df92da06d51b,Eukaryota,Obazoa_Opisthokonta_Fungi,Ascomycota,Saccharomycotina,Saccharomycetales,Candida,Candida_sp.
d7afaf047123ff08f9fcd02039cdd6f2,Eukaryota,TSAR_Alveolata_Dinoflagellata,Syndiniales,Dino-Group-II,Dino-Group-II-Clade-10-and-11,Dino-Group-II-Clade-10-and-11_X,Dino-Group-II-Clade-10-and-11_X_sp.
de5df69a2f999e7caf1098513a90d910,Eukaryota,TSAR_Rhizaria_Radiolaria,Acantharea,Acantharea_C,Acantharea_C1,Gigartacon-C1,Gigartacon-C1_muelleri
e075cd5073052427395f789c6873a31d,Eukaryota,TSAR_Rhizaria_Foraminifera,Globothalamea,Rotaliida,Globigerinoidea,Candeina,Candeina_nitida
e0d748b3f6adef50cf938f2b53b4005e,Eukaryota,TSAR_Alveolata_Ciliophora,Oligohymenophorea,Apostomatia,Apostomatia_X,Apostomatia_XX,Apostomatia_XX_sp.
e3bd2eaec59d6dfe569aa3e7999aaf44,Eukaryota,TSAR_Rhizaria_Radiolaria,Polycystinea,Nassellaria,Cannobotryidae,Cannobotryidae_X,Cannobotryidae_X_sp.
e3db1bcabad7cb5eb2b22f865bf06919,Eukaryota,Obazoa_Opisthokonta_Fungi,Basidiomycota,Agaricomycotina,Agaricomycetes,Hyphodontia,Hyphodontia_paradoxa
f1b3b31dc88146d8676c6702d5c7adc1,Eukaryota,Obazoa_Opisthokonta_Fungi,Ascomycota,Saccharomycotina,Saccharomycetales,Hanseniaspora,Hanseniaspora_uvarum
fc1a9ee51278b9276582bb93d46bfdf7,Eukaryota,Excavata_Discoba_Euglenozoa,Diplonemea,Diplonemida,Eupelagonemidae,Eupelagonemidae_X,Eupelagonemidae_X_sp.
fd42ae06bf4bc5f2a0e99bd8c0a7d7ea,Eukaryota,TSAR_Alveolata_Ciliophora,Phyllopharyngea,Suctoria,Acinetidae_2,Acineta,
031158b9c153630b5ef7343a818375f9,Eukaryota,Excavata_Discoba_Euglenozoa,Diplonemea,Diplonemida,Eupelagonemidae,Eupelagonemidae_X,Eupelagonemidae_X_sp.
03def4fb74a024be9d83be3692db16d4,Eukaryota,TSAR_Alveolata_Dinoflagellata,Syndiniales,Dino-Group-II,Dino-Group-II-Clade-6,Dino-Group-II-Clade-6_X,Dino-Group-II-Clade-6_X_sp.
04a51b050d60f63c33f8c30c91a664f2,Eukaryota,TSAR_Stramenopiles_Gyrista,Peronosporomycetes,Peronosporomycetes_X,Peronosporales,Lagenidium,Lagenidium_giganteum
09826b4fb4f69a2196e18309f63c6057,Eukaryota,Excavata_Discoba_Euglenozoa,Diplonemea,Diplonemida,Eupelagonemidae,Eupelagonemidae_X,Eupelagonemidae_X_sp.
13a1a21e9eba35c09b3b874560e655d0,Eukaryota,TSAR_Alveolata_Dinoflagellata,Syndiniales,Dino-Group-I,Dino-Group-I-Clade-1,Dino-Group-I-Clade-1_X,Dino-Group-I-Clade-1_X_sp.
18ace5b84911315d510fd041567f898e,Eukaryota,TSAR_Rhizaria_Foraminifera,Globothalamea,Rotaliida,Cibicididae,Cibicidoides,Cibicidoides_refulgens
1f14b9a225fb053d1fa24201845bbc61,Eukaryota,TSAR_Stramenopiles_Bigyra,Sagenista,Labyrinthulomycetes,Thraustochytriaceae,Aurantiochytrium,Aurantiochytrium_sp.
22813050bcffff8cb356d3cbda11a400,Eukaryota,Obazoa_Opisthokonta_Fungi,Basidiomycota,Agaricomycotina,Agaricomycetes,,
245f2ead576501c8f11c074e0d406f87,Eukaryota,Eukaryota_X_Ancyromonadida_Ancyromonadida_X,Ancyromonadida_XX,Ancyromonadida_XXX,Ancyromonadida_Group-1,,
28c5c577b6d247773bac7546d6546052,Eukaryota,TSAR_Alveolata_Dinoflagellata,Dinophyceae,Dinophyceae_X,Dinophyceae_XX,Dinophyceae_XXX,Dinophyceae_XXX_sp.
2e08acf98654532d5ae3dd0a6a182929,Eukaryota,Obazoa_Opisthokonta_Fungi,Basidiomycota,Agaricomycotina,Agaricomycetes,Resinicium,
2e95fb8936e3606bc5e7551a18c67a5a,Eukaryota,TSAR_Stramenopiles_Gyrista,Peronosporomycetes,Peronosporomycetes_X,Peronosporales,Phytophthora,Phytophthora_infestans
36a3ac24010486e4f99a016ed1186bbb,Eukaryota,Obazoa_Opisthokonta_Fungi,Basidiomycota,Agaricomycotina,Agaricomycetes,Trechispora,Trechispora_sp.
3a3ddd609376dc142cdcb94e433040f5,Eukaryota,TSAR_Alveolata_Dinoflagellata,Dinophyceae,Dinophyceae_X,Dinophyceae_XX,Dinophyceae_XXX,Dinophyceae_XXX_sp.
3b35c7434fcba985497da86c99a810c9,Eukaryota,TSAR_Alveolata_Dinoflagellata,Dinophyceae,Dinophyceae_X,Dinophyceae_XX,Dinophyceae_XXX,Dinophyceae_XXX_sp.
3baa80588a6d7555606479b5a5d44a03,Eukaryota,TSAR_Stramenopiles_Gyrista,Peronosporomycetes,Peronosporomycetes_X,Peronosporales,Pythium,
455c025203cf41fbe00db932e97993ce,Eukaryota,TSAR_Stramenopiles_Gyrista,Chrysophyceae,Ochromonadales,Ochromonadaceae,Spumella,Spumella_bureschii
47126f5aaf34ca85a01f9779961b2716,Eukaryota,Obazoa_Opisthokonta_Fungi,Basidiomycota,Agaricomycotina,Agaricomycetes,Tulasnella,Tulasnella_asymmetrica
47985290b53cd3f4ca15fa067a36e8c0,Eukaryota,Excavata_Discoba_Euglenozoa,Euglenida,Euglenida_X,Ploeotiidae,Serpenomonas,Serpenomonas_costata
5f960278e59cfdb3c444962d416a60bc,Eukaryota,TSAR_Alveolata_Dinoflagellata,Syndiniales,Dino-Group-II,Dino-Group-II-Clade-3,Dino-Group-II-Clade-3_X,Dino-Group-II-Clade-3_X_sp.
5fbd957c666072609546ed4248eea6b1,Eukaryota:nucl,Cryptista:nucl_Cryptophyta:nucl_Cryptophyta_X:nucl,Cryptophyceae:nucl,Cryptomonadales:nucl,Cryptomonadales_X:nucl,Storeatula:nucl,Storeatula_major:nucl
69d2bd6888b4ff30e79f46e7cba0db9b,Eukaryota,Excavata_Discoba_Euglenozoa,Diplonemea,Diplonemida,Eupelagonemidae,Eupelagonemidae_X,Eupelagonemidae_X_sp.
73c577de2ccdf8a7b77cc455948a02dc,Eukaryota,TSAR_Alveolata_Dinoflagellata,Dinophyceae,Dinophyceae_X,Dinophyceae_XX,Dinophyceae_XXX,Dinophyceae_XXX_sp.
74c2eef54adcb312a4a1b056e5d4cb60,Eukaryota,TSAR_Alveolata_Dinoflagellata,Dinophyceae,Gonyaulacales,Ceratiaceae,Tripos,
7513d534cdb32e43b0fbd95521296c55,Eukaryota,Excavata_Discoba_Euglenozoa,Diplonemea,Diplonemida,Eupelagonemidae,Eupelagonemidae_X,Eupelagonemidae_X_sp.
7abfe0dd9222da028d4c6e78ad0f89dd,Eukaryota,TSAR_Rhizaria_Radiolaria,Polycystinea,Nassellaria,Collosphaeridae,Siphonosphaera,Siphonosphaera_cyatina
7e99a6c9cbd4d50964d9f23bd6e98e40,Eukaryota,TSAR_Rhizaria_Foraminifera,Globothalamea,Rotaliida,Nonionidae,Cribrostomoides,Cribrostomoides_sp.
81a265bad61d9d0bb267eb9a789fbcdc,Eukaryota,Archaeplastida_Streptophyta_Streptophyta_X,Embryophyceae,Embryophyceae_X,Embryophyceae_XX,,
838cb975213eb41e8fbd2215fffabb04,Eukaryota,Amoebozoa_Discosea_Discosea_X,Centramoebia,Acanthopodida,Acanthamoebidae,Acanthamoeba,Acanthamoeba_sp.
84b3ca4a84e690df26a13094a89ed571,Eukaryota,Obazoa_Opisthokonta_Fungi,Basidiomycota,Ustilaginomycotina,Exobasidiomycetes,Tilletiopsis,Tilletiopsis_pallescens
86cdbfd683efba8e8c108c81ce9de544,Eukaryota,Obazoa_Opisthokonta_Fungi,Basidiomycota,Pucciniomycotina,Pucciniomycetes,Helicobasidium,Helicobasidium_purpureum
88defe7aa613bae22a16e859b75dd7a6,Eukaryota,Obazoa_Opisthokonta_Fungi,Ascomycota,Pezizomycotina,Sordariomycetes,Plectosphaerella,Plectosphaerella_sp.
8abc2c0c39a0330ec5b9bae791754ef5,Eukaryota,TSAR_Rhizaria_Foraminifera,Globothalamea,Rotaliida,Globigerinidae,Globigerinoides,Globigerinoides_ruber-albus
8b07d29d889b1f5323edffe52b499c4d,Eukaryota,Obazoa_Opisthokonta_Fungi,Basidiomycota,Agaricomycotina,Tremellomycetes,Trichosporon,
8ed083f0627ba5b1b93e8c6534c0e25d,Eukaryota,TSAR_Rhizaria_Foraminifera,Monothalamids,Monothalamids_X,Monothalamids_XX,Cylindrogullmia,Cylindrogullmia_alba
928a2c862e83c0a73bb253131c3b08da,Eukaryota,Archaeplastida_Streptophyta_Streptophyta_X,Zygnemophyceae,Zygnemophyceae_X,Zygnemophyceae_XX,Spirogyra,Spirogyra_sp.
94f84dcb9c9f68d1c1f3c9508ff9dd31,Eukaryota,Obazoa_Opisthokonta_Fungi,Ascomycota,Pezizomycotina,Dothideomycetes,,
9726c380e2d2d41735a4733e14db5a90,Eukaryota,TSAR_Alveolata_Dinoflagellata,Dinophyceae,Gymnodiniales,Gymnodiniaceae,Amphidinium,Amphidinium_sp.
99735d03bef7e497a1c87d1000c62c58,Eukaryota,TSAR_Stramenopiles_Gyrista,Bacillariophyceae,,,,
a01f8e25880cb3e0e3b2c4533bf67bec,Eukaryota,TSAR_Stramenopiles_Bigyra,Sagenista,Labyrinthulomycetes,Amphifilaceae,Amphifilaceae_X,Amphifilaceae_X_sp.
a32d828e611a04976db1d76c212d5a98,Eukaryota,TSAR_Rhizaria_Cercozoa,Filosa-Sarcomonadea,Cercomonadida,Cercomonadidae,Cavernomonas,
ad79f1edca5899434d285e46edc3c46e,Eukaryota,Archaeplastida_Rhodophyta_Eurhodophytina,Florideophyceae,Ceramiales,Rhodomelaceae,,
b1865917a8da66530800f2ac0e581c60,Eukaryota,TSAR_Stramenopiles_Bigyra,Sagenista,Labyrinthulomycetes,Oblongichytridiaceae,Oblongichytrium,Oblongichytrium_sp.
b926d9e8f1bb9928df640a76a09f63d4,Eukaryota,Excavata_Discoba_Euglenozoa,Diplonemea,Diplonemida,Eupelagonemidae,Eupelagonemidae_X,Eupelagonemidae_X_sp.
b9f3d2b9725c8cf1699f2ddf803bc986,Eukaryota,Amoebozoa_Evosea_Evosea_X,Variosea,Flamellidae,Flamella-lineage,Flamella,Flamella_arnhemensis
ba2d81c3672dabd7fb4478fe4311416f,Eukaryota,TSAR_Rhizaria_Cercozoa,Filosa-Thecofilosea,Cryomonadida,Rhogostoma-lineage,Rhogostoma-lineage_X,Rhogostoma-lineage_X_sp.
ba79ae741423f6c967ce81048ebc54c5,Eukaryota,TSAR_Stramenopiles_Gyrista,Peronosporomycetes,Peronosporomycetes_X,Haliphthorales,Haliphthoros,Haliphthoros_sp.
bb2328d090af1e074776396f7ae28369,Eukaryota,TSAR_Stramenopiles_Bigyra,,,,,
bc0a899e8f97695aac83f434fb3f9360,Eukaryota,TSAR_Alveolata_Apicomplexa,Apicomplexa_X,Apicomplexa_XX,Apicomplexa_XXX,Apicomplexa_XXXX,Apicomplexa_XXXX_sp.
bc1bc12f75c81bf2ab687a69789f40f8,Eukaryota,Archaeplastida_Rhodophyta_Eurhodophytina,Florideophyceae,Corallinales,Corallinales_X,Hydrolithon,
c2953975624de960956ccd6fdb528aa0,Eukaryota,Archaeplastida_Chlorophyta_Chlorophyta_X,Ulvophyceae,Ulvales-relatives,Ulvales-relatives_X,Halochlorococcum,Halochlorococcum_sp.
c7059c96c9136dd887a8fd7581f78143,Eukaryota,TSAR_Stramenopiles_Gyrista,Bacillariophyceae,Naviculales,Pleurosigmataceae,Pleurosigma,
c827c8cbbfffd9c214ba0ddba8fbe2a2,Eukaryota,TSAR_Stramenopiles_Gyrista,Peronosporomycetes,Peronosporomycetes_X,Peronosporales,Phytophthora,
d09a8ecb193e3ebf993418b3e2e4a18b,Eukaryota,TSAR_Stramenopiles_Gyrista,Bacillariophyceae,Rhabdonematales,Grammatophoraceae,Hyalosira,
d2c7a86a1ea21e044367d1e6318ef213,Eukaryota,TSAR_Alveolata_Ciliophora,Oligohymenophorea,Apostomatia,Apostomatia_X,Apostomatia_XX,Apostomatia_XX_sp.
d339fc3385e0e5e976e2fd40a4433039,Eukaryota,TSAR_Alveolata_Dinoflagellata,Dinophyceae,Dinophyceae_X,Dinophyceae_XX,Dinophyceae_XXX,Dinophyceae_XXX_sp.
d6ddc9347c997b48cefdf110e261e482,Eukaryota,TSAR_Alveolata_Dinoflagellata,Syndiniales,Dino-Group-II,Dino-Group-II_X,Dino-Group-II_XX,Dino-Group-II_XX_sp.
d70430e464c3acf8cad490c9b6f995a5,Eukaryota,TSAR_Stramenopiles_Gyrista,Peronosporomycetes,Peronosporomycetes_X,Peronosporales,Pythium,
d779a50c7a033c414b5c46720137e7e6,Eukaryota,TSAR_Telonemia_Telonemia_X,Telonemia_XX,Telonemia_XXX,Telonemia-Group-1,Telonemia-Group-1_X,Telonemia-Group-1_X_sp.
d868c77560695c45b5aa8a87f4bb7317,Eukaryota,TSAR_Alveolata_Dinoflagellata,Syndiniales,Dino-Group-II,Dino-Group-II_X,Dino-Group-II_XX,Dino-Group-II_XX_sp.
de8fc9e4138418b1e99080fc6e9a94f4,Eukaryota,TSAR_Rhizaria_Cercozoa,Filosa-Thecofilosea,Cryomonadida,Protaspa-lineage,Protaspa-lineage_X,Protaspa-lineage_X_sp.
e5771f0faa6ba38fcda6ec913f795d47,Eukaryota,TSAR_Alveolata_Dinoflagellata,Syndiniales,Dino-Group-II,Dino-Group-II-Clade-14,Dino-Group-II-Clade-14_X,Dino-Group-II-Clade-14_X_sp.
e8765a79b9265d820ef676a7104b19ce,Eukaryota,TSAR_Alveolata_Dinoflagellata,Syndiniales,Dino-Group-I,Dino-Group-I-Clade-4,Euduboscquella,Euduboscquella_crenulata
e9fc70c3af1f704e2528ad46e2b7aa6c,Eukaryota,Obazoa_Opisthokonta_Fungi,Mucoromycota,Mortierellaceae,Mortierellaceae_X,Mortierella,
ed6c47266c55f6dd46d3c4e4f3f7db51,Eukaryota,Obazoa_Opisthokonta_Fungi,Basidiomycota,Agaricomycotina,Agaricomycetes,Sistotrema,Sistotrema_raduloides
f2a347342b22b3050385de7b7a8bcf1d,Eukaryota,TSAR_Rhizaria_Foraminifera,Monothalamids,Monothalamids_X,Monothalamids_XX,,
f2efcd9ee7c0070f2efa3451856ea3c8,Eukaryota,TSAR_Alveolata_Dinoflagellata,Syndiniales,Dino-Group-II,Dino-Group-II-Clade-5,Dino-Group-II-Clade-5_X,Dino-Group-II-Clade-5_X_sp.
f826941d142421fb77a53000b81a94b3,Eukaryota,Excavata_Discoba_Discoba_X,Heterolobosea,Tetramitia_III,Vahlkampfiidae_III,Naegleria,
fba016c0ec2d611d2329ed7d6dab7a59,Eukaryota,Archaeplastida_Chlorophyta_Chlorophyta_X,Ulvophyceae,Ulvales-relatives,Ulvales-relatives_X,Acrochaete,Acrochaete_viridis
fc75e72a456db24afde357abe3242c5c,Eukaryota,TSAR_Stramenopiles_Gyrista,Eustigmatophyceae,Eustigmatophyceae_X,Eustigmatophyceae_XX,Pseudocharaciopsis,Pseudocharaciopsis_ovalis
0410ddfdcb6241ab4eeb27f44cbab720,Eukaryota,Obazoa_Opisthokonta_Fungi,Basidiomycota,Pucciniomycotina,Microbotryomycetes,Colacogloea,Colacogloea_foliorum
059c497012159fc8bf8ecdb23be39d1a,Eukaryota,Obazoa_Opisthokonta_Fungi,Ascomycota,Saccharomycotina,Saccharomycetales,Metschnikowia,Metschnikowia_sp.
0adfeb260195ff8a49c01f227c86afa9,Eukaryota,Excavata_Discoba_Euglenozoa,Diplonemea,Diplonemida,Eupelagonemidae,Eupelagonemidae_X,Eupelagonemidae_X_sp.
0aefc43b610602269271cf8d0196dbd2,Eukaryota,Obazoa_Opisthokonta_Fungi,Ascomycota,Pezizomycotina,Sordariomycetes,,
11236299fbcda10bb1323854c1e5ff84,Eukaryota,TSAR_Alveolata_Dinoflagellata,Dinophyceae,Dinophyceae_X,Dinophyceae_XX,Dinophyceae_XXX,Dinophyceae_XXX_sp.
15bc9d55fabafb9c0169495c079c114d,Eukaryota,TSAR_Stramenopiles_Gyrista,Peronosporomycetes,Peronosporomycetes_X,Haliphthorales,Haliphthoros,Haliphthoros_sp.
1786cc493f8c624712ee74cbb9bce651,Eukaryota,Obazoa_Opisthokonta_Fungi,Ascomycota,Pezizomycotina,Leotiomycetes,Leotiomycetes_X,Leotiomycetes_X_sp.
23b72415604dba780ba93aed0f21f176,Eukaryota,Obazoa_Opisthokonta_Fungi,Ascomycota,Saccharomycotina,Saccharomycetales,Metschnikowia,Metschnikowia_sp.
2bea12ba3ebd99c8748c7ff74a47da10,Eukaryota,TSAR_Stramenopiles_Gyrista,Pirsoniales,Pirsoniales_X,Pirsoniales_XX,Pirsonia,Pirsonia_formosa
2cc6c025ab946e74eeb0d819caaa9fad,Eukaryota,TSAR_Alveolata_Dinoflagellata,Syndiniales,Dino-Group-I,Dino-Group-I-Clade-4,Euduboscquella,Euduboscquella_crenulata
300bc65b3b1ff90a25c15e493e061dc1,Eukaryota,Obazoa_Opisthokonta_Fungi,Basidiomycota,Pucciniomycotina,Cystobasidiomycetes,Rhodotorula,
334b5d4485de1994e54a6dee84856eea,Eukaryota,Amoebozoa_Discosea_Discosea_X,Flabellinia,Vannellida,Vannellidae,Vannella,Vannella_sp.
35ba04c811e77f119a7a10a75a4c55e9,Eukaryota,Eukaryota_X_Ancyromonadida_Ancyromonadida_X,Ancyromonadida_XX,Ancyromonadida_XXX,Ancyromonadida_Group-1,Fabomonas,Fabomonas_tropica
3668547081e4772244fa620ef091226d,Eukaryota,Obazoa_Opisthokonta_Choanoflagellata,Choanoflagellatea,Craspedida,Monosigidae_Group_A,Monosigidae_Group_A_X,Monosigidae_Group_A_X_sp.
3a55b1cd136b0e0548e12c3afffbe0bf,Eukaryota,Excavata_Discoba_Euglenozoa,Diplonemea,Diplonemida,Eupelagonemidae,Eupelagonemidae_X,Eupelagonemidae_X_sp.
4657bafdb5e0e056849b25fc54b2a120,Eukaryota,TSAR_Alveolata_Ciliophora,Phyllopharyngea,Cyrtophoria_5,Chlamydodontidae,Chlamydodon_1,Chlamydodon_1_sp.
49a16e1b356d7ff6d800ef045e10454e,Eukaryota,Cryptista_Cryptophyta_Cryptophyta_X,Cryptophyceae,Goniomonadales,Goniomonadales_X,Goniomonas,Goniomonas_sp.
4fea367620ad53e2fd309aca774aeeed,Eukaryota,Obazoa_Opisthokonta_Fungi,Basidiomycota,Agaricomycotina,Agaricomycetes,,
551e53b2efd1d2870d4c7f9206a130dd,Eukaryota,TSAR_Rhizaria_Cercozoa,Filosa-Thecofilosea,Ventricleftida,Ventrifissuridae,Ventrifissuridae_X,Ventrifissuridae_X_sp.
5da05e5285d86bfb60491e486f8c7633,Eukaryota,Excavata_Discoba_Euglenozoa,Euglenida,Euglenida_X,Peranemidae,Peranema,Peranema_trichophorum
5df2d818ba997f22d6e408f74b31ce93,Eukaryota,Excavata_Discoba_Discoba_X,Heterolobosea,Tetramitia_V,Vahlkampfiidae_V,,
74cb334fc95273d9094121b37e4f4ccf,Eukaryota,TSAR_Stramenopiles_Gyrista,Chrysophyceae,Chrysophyceae_Clade-EC2H,Chrysophyceae_Clade-EC2H_X,Chrysophyceae_Clade-EC2H_XX,Chrysophyceae_Clade-EC2H_XX_sp.
754bfab325fbf5d1f38a780e3f4b3ddf,Eukaryota,TSAR_Stramenopiles_Gyrista,Eustigmatophyceae,Eustigmatophyceae_X,Eustigmatophyceae_XX,Eustigmatophyceae_XXX,Eustigmatophyceae_XXX_sp.
75da64509176d4d80d4defcac72e618a,Eukaryota,Excavata_Discoba_Euglenozoa,Kinetoplastea,Eubodonida,Bodonidae,Bodo,Bodo_sp.
7b44e6f8c4647c95176b2c3499b9738d,Eukaryota,TSAR_Alveolata_Dinoflagellata,Dinophyceae,Dinophyceae_X,Dinophyceae_XX,Dinophyceae_XXX,Dinophyceae_XXX_sp.
7fb294b375422aa99053fcaf0918f321,Eukaryota,TSAR_Alveolata_Dinoflagellata,Dinophyceae,Dinophyceae_X,Dinophyceae_XX,Dinophyceae_XXX,Dinophyceae_XXX_sp.
81a1c07ea485678935ea9887ec7ca757,Eukaryota,TSAR_Alveolata_Ciliophora,Ciliophora_X,Ciliophora_XX,Protocruziidae,Protocruzia,Protocruzia_sp.
823e0fcc4c1ff9a3ea671d575df7d76b,Eukaryota,Obazoa_Opisthokonta_Fungi,Basidiomycota,Agaricomycotina,Agaricomycetes,,
86a517d72570504ff03cf5be84bbc230,Eukaryota,TSAR_Rhizaria_Foraminifera,Globothalamea,Rotaliida,Globigerinidae,Globigerinella,Globigerinella_radians
8b7cbb8ba892cd6ca8a348cb449ad46a,Eukaryota,Obazoa_Opisthokonta_Fungi,Basidiomycota,Pucciniomycotina,Cystobasidiomycetes,,
92502d3685578565bba4980cfda0ea8d,Eukaryota,Amoebozoa_Discosea_Discosea_X,Centramoebia,Acanthopodida,Acanthamoebidae,Acanthamoeba,
98de2a750e2cfe656c30a0c715fd294f,Eukaryota,Obazoa_Opisthokonta_Fungi,Chytridiomycota,Rhizophlyctidales,Rhizophlyctidaceae,Rhizophlyctis,Rhizophlyctis_rosea
991f3263e97c56fbbeaa1f082f7e141f,Eukaryota,TSAR_Rhizaria_Cercozoa,Filosa-Sarcomonadea,Cercomonadida,Paracercomonadidae,Paracercomonas,
a0beb823b8563d186cbe438f7c2d2c4f,Eukaryota,TSAR_Alveolata_Chrompodellids,Colpodellidea,Colpodellida,Colpodellaceae,Colpodellidae2,Colpodellidae2_sp.
a1e31820b6c1cd8b7e1bd63815e74ce9,Eukaryota,TSAR_Rhizaria_Foraminifera,Globothalamea,Rotaliida,Chilostomellidae,Chilostomella,Chilostomella_ovoidea
a5d3dd4224eb55346e06e85c3e0aa1a5,Eukaryota,Obazoa_Opisthokonta_Fungi,Basidiomycota,Agaricomycotina,Tremellomycetes,Cryptococcus,
ae5c970b2fc478a4da785b6307f11586,Eukaryota,TSAR_Alveolata_Dinoflagellata,Syndiniales,Dino-Group-II,Dino-Group-II-Clade-5,Dino-Group-II-Clade-5_X,Dino-Group-II-Clade-5_X_sp.
b3d153a8b6f485be04a3a0d7bfe9a713,Eukaryota,TSAR_Stramenopiles_Gyrista,Developea,Developea_X,Developea_XX,,
b6bd5011b0fdf50cfa1248f4c71451cc,Eukaryota,Obazoa_Opisthokonta_Fungi,Basidiomycota,Pucciniomycotina,Cystobasidiomycetes,Sporobolomyces,Sporobolomyces_ogasawarensis
b7701a4ea0d2c018e705573df078e964,Eukaryota,Obazoa_Opisthokonta_Fungi,Basidiomycota,Agaricomycotina,Tremellomycetes,,
be6ce482eb69f4d8112a2a5753c236fc,Eukaryota,Excavata_Discoba_Euglenozoa,Diplonemea,Diplonemida,Eupelagonemidae,Eupelagonemidae_X,Eupelagonemidae_X_sp.
bf587bf8ea29c00f61d67d15a316d66d,Eukaryota,Excavata_Discoba_Euglenozoa,Diplonemea,Diplonemida,Eupelagonemidae,Eupelagonemidae_X,Eupelagonemidae_X_sp.
c18413275b9a0c1ef81b379430cdd743,Eukaryota,TSAR_Stramenopiles_Stramenopiles_X,Stramenopiles_X-Group-7,Stramenopiles_X-Group-7_X,Stramenopiles_X-Group-7_XX,Stramenopiles_X-Group-7_XXX,Stramenopiles_X-Group-7_XXX_sp.
c47753c7427d0b2fdc0cb95beaeeeff1,Eukaryota,Excavata_Discoba_Euglenozoa,Diplonemea,Diplonemida,Eupelagonemidae,Eupelagonemidae_X,Eupelagonemidae_X_sp.
c6d7bff64acf7b871ceb381285ab07cd,Eukaryota,TSAR_Rhizaria_Foraminifera,Globothalamea,Textulariida,Textulariacea,Textularia,Textularia_pseudogramen
cabea2c36422756226dfa13bbc20fa5c,Eukaryota,Excavata_Discoba_Euglenozoa,Diplonemea,Diplonemida,Eupelagonemidae,Eupelagonemidae_X,Eupelagonemidae_X_sp.
cbd8cd63dbc16057ed96db3ba0489309,Eukaryota,Excavata_Discoba_Euglenozoa,Diplonemea,Diplonemida,Eupelagonemidae,Eupelagonemidae_X,Eupelagonemidae_X_sp.
cca1d826b489277a69550525726f3c08,Eukaryota,TSAR_Alveolata_Dinoflagellata,Dinophyceae,Dinophyceae_X,Dinophyceae_XX,Dinophyceae_XXX,Dinophyceae_XXX_sp.
ccd82f664f7876264958a456f2656e84,Eukaryota,Obazoa_Opisthokonta_Fungi,Basidiomycota,Agaricomycotina,Agaricomycetes,Auricularia,
d0b9e91890f80bd885d301d6da41fd5c,Eukaryota,TSAR_Alveolata_Dinoflagellata,Syndiniales,Dino-Group-I,Dino-Group-I-Clade-8,Dino-Group-I-Clade-8_X,Dino-Group-I-Clade-8_X_sp.
d249eba03868b5230ad838078c2ddaf9,Eukaryota,Excavata_Discoba_Euglenozoa,Diplonemea,Diplonemida,Eupelagonemidae,Eupelagonemidae_X,Eupelagonemidae_X_sp.
d3595c665515b8bf3c73c3a49bdc4186,Eukaryota,TSAR_Alveolata_Dinoflagellata,Syndiniales,Dino-Group-II,Dino-Group-II-Clade-12,Dino-Group-II-Clade-12_X,Dino-Group-II-Clade-12_X_sp.
d4af2dbc921b851c6e41e50973ea2bfb,Eukaryota,Archaeplastida_Streptophyta_Streptophyta_X,Embryophyceae,Embryophyceae_X,Embryophyceae_XX,,
d75433262612ee10c8c92eac9f27533e,Eukaryota,Haptista_Haptophyta_Haptophyta_X,Rappephyceae,Pavlomulinales,Pavlomulinaceae,Pavlomulina,Pavlomulina_ranunculiformis
d845b2befe73fdc013bfdd6417467d0d,Eukaryota,TSAR_Alveolata_Ciliophora,Oligohymenophorea,Peritrichia_2,Sessilida,Pseudovorticella,Pseudovorticella_sinensis
de8f60d3a6ea0b767d2f944f2c6e3899,Eukaryota,TSAR_Stramenopiles_Gyrista,Chrysophyceae,Ochromonadales,Ochromonadales_clade-X,Ochromonadales_clade-X_X,Ochromonadales_clade-X_X_sp.
e34c4c0b5624bf9f5d2e63e50ab57a1d,Eukaryota,Archaeplastida_Rhodophyta_Rhodophyta_X,Rhodophyta_XX,Rhodophyta_XXX,Rhodophyta_XXXX,Neorhodella,Neorhodella_cyanea
e517fe0b738b7685b8d476095805e4e7,Eukaryota,Excavata_Discoba_Euglenozoa,Diplonemea,Diplonemida,Eupelagonemidae,Eupelagonemidae_X,Eupelagonemidae_X_sp.
ea6d194e23ff4e1a4919ae5cf48964bd,Eukaryota,Archaeplastida_Chlorophyta_Chlorophyta_X,Trebouxiophyceae,Microthamniales,Microthamniales_X,Trebouxia,
ed1aeff591b1e0333d7026dc2070770a,Eukaryota,Excavata_Discoba_Euglenozoa,Euglenophyceae,Euglenales,Phacaceae,Phacus,Phacus_paraorbicularis
eddb98cef6a3a9dc09c14c15a3017acd,Eukaryota,TSAR_Stramenopiles_Gyrista,Peronosporomycetes,Peronosporomycetes_X,Peronosporales,Pythiaceae,Pythiaceae_sp.
f7c2118743ad09389439e9f5f30d8c48,Eukaryota,TSAR_Alveolata_Dinoflagellata,Dinophyceae,Peridiniales,Thoracosphaeraceae,Thoracosphaeraceae_X,Thoracosphaeraceae_X_sp.
f8f766bf48392adb0ee80a1b9b09dab5,Eukaryota,TSAR_Stramenopiles_Gyrista,Bacillariophyceae,Licmophorales,Licmophoraceae,Licmophora,
fc22c148216de04b5f4550f610c6caa1,Eukaryota,Archaeplastida_Streptophyta_Streptophyta_X,Embryophyceae,Embryophyceae_X,Embryophyceae_XX,Pinus,
fd0530a3d442e0f42087765cd998cff5,Eukaryota,Excavata_Discoba_Discoba_X,Discoba_XX,Jakobida,Jakobidae,Jakoba,Jakoba_libera
fd6bca47df0e28a53aea7a0afdcaaa4b,Eukaryota,TSAR_Alveolata_Ciliophora,CONThreeP,CONThreeP_X,Discotrichidae,NASSO_1,NASSO_1_sp.
fdbba55efaa102a7c72e0c8159a67143,Eukaryota,Obazoa_Opisthokonta_Fungi,Basidiomycota,Ustilaginomycotina,Exobasidiomycetes,Tilletia,Tilletia_indica
05bf1560bcdd2fbc7fd1e919eef7f5f6,Eukaryota,TSAR_Stramenopiles_Bigyra,Sagenista,Labyrinthulomycetes,Labyrinthulomycetes_X,Stellarchytrium,Stellarchytrium_dubum
10518d55881a6cdb6bc2b7f329ea6a02,Eukaryota,Archaeplastida_Chlorophyta_Chlorophyta_X,Ulvophyceae,Ulvales-relatives,Ulvales-relatives_X,,
12b882a3afd287f5f821a9a8877bdcb9,Eukaryota,__,,,,,
130db75ee71edf6e42f38c37759909f1,Eukaryota,__,,,,,
1481922e470471bab4d059086867a33c,Eukaryota,Archaeplastida_Chlorophyta_Chlorophyta_X,Chlorophyceae,Chlamydomonadales,Chlamydomonadales_X,Dysmorphococcus,Dysmorphococcus_globosus
149f2f415f61fb7ad6d1d2bdafe230d0,Eukaryota,TSAR_Rhizaria_Cercozoa,Filosa-Imbricatea,Euglyphida,Euglyphida_X,Euglyphida_XX,Euglyphida_XX_sp.
24ede660102aaa7758e6881bb89569f2,Eukaryota,TSAR_Rhizaria_Foraminifera,Globothalamea,Rotaliida,Globigerinidae,Hastigerina,Hastigerina_pelagica
24fdd14e31deae7321102b817f990ff4,Eukaryota,Obazoa_Opisthokonta_Fungi,Basidiomycota,Agaricomycotina,Agaricomycetes,Crepidotus,
25ff3aee41fd142e5b0a37081db53e78,Eukaryota,Obazoa_Opisthokonta_Fungi,Basidiomycota,Pucciniomycotina,Pucciniomycetes,Puccinia,
26497a1e2d8c8e69a82412bd3138f9ac,Eukaryota,Excavata_Discoba_Euglenozoa,Kinetoplastea,Neobodonida,Rhynchomonadidae,Dimastigella,Dimastigella_trypaniformis
283e084d1b22b9270df37d173f55c1bb,Eukaryota,TSAR_Alveolata_Dinoflagellata,Syndiniales,Dino-Group-I,Dino-Group-I-Clade-3,Dino-Group-I-Clade-3_X,Dino-Group-I-Clade-3_X_sp.
29299e1e815645449b943282638021ad,Eukaryota,TSAR_Rhizaria_Foraminifera,Globothalamea,Rotaliida,Globigerinoidea,Globigerinita,Globigerinita_glutinata
2a1ee60cd5eae14707bc2c2343753e8f,Eukaryota,TSAR_Stramenopiles_Gyrista,Chrysophyceae,Ochromonadales,Ochromonadaceae,Spumella,
2c659b3e5ce7ead8c4aa251a8f86ff27,Eukaryota,TSAR_Rhizaria_Radiolaria,Polycystinea,Nassellaria,Sphaerozoidae,Collozoum,Collozoum_inerme
2cbfae17185596000e2f53fe88086e75,Eukaryota,TSAR_Alveolata_Dinoflagellata,Dinophyceae,Dinophyceae_X,Dinophyceae_XX,Dinophyceae_XXX,Dinophyceae_XXX_sp.
2ea7be8cd29feaca75d11bfad7304430,Eukaryota,TSAR_Stramenopiles_Gyrista,Mediophyceae,Thalassiosirales,Stephanodiscaceae,Cyclotella,
30f201d4658f98cbc81f225bf1937844,Eukaryota,TSAR_Alveolata_Dinoflagellata,Dinophyceae,Dinophyceae_X,Dinophyceae_XX,Dinophyceae_XXX,Dinophyceae_XXX_sp.
38d52ee5308b478c8ec2963e34d59271,Eukaryota,TSAR_Alveolata_Dinoflagellata,Syndiniales,Dino-Group-III,Dino-Group-III_X,Dino-Group-III_XX,Dino-Group-III_XX_sp.
3d12030300c05674f2bd6eed04e747cd,Eukaryota,Excavata_Discoba_Euglenozoa,Kinetoplastea,Parabodonida,Parabodonidae,Parabodo,Parabodo_sp.
3e38b95f052c1cf96934e7f6c862aa3e,Eukaryota,Obazoa_Opisthokonta_Fungi,Basidiomycota,Agaricomycotina,Agaricomycetes,,
45d0e396adcaf55851b2354b11c5aa2f,Eukaryota,Haptista_Haptophyta_Haptophyta_X,Prymnesiophyceae,Prymnesiales,Chrysochromulinaceae,Chrysochromulina,Chrysochromulina_sp.
4dcfb54040aacc0daf7e8bdcbf6899d2,Eukaryota,TSAR_Stramenopiles_Gyrista,Chrysophyceae,Ochromonadales,Ochromonadales_X,Ochromonadales_XX,Ochromonadales_XX_sp.
583db5f6f3a0fd6fdee671946e3b4560,Eukaryota,Haptista_Haptophyta_Haptophyta_X,Haptophyta_Clade_HAP4,Haptophyta_Clade_HAP4_X,Haptophyta_Clade_HAP4_XX,Haptophyta_Clade_HAP4_XXX,Haptophyta_Clade_HAP4_XXX_sp.
5acfff9fab27b149f20099c1b48b7d1b,Eukaryota,Amoebozoa_Evosea_Evosea_X,Variosea,Flamellidae,Flamella-lineage,Flamella-lineage_X,Flamella-lineage_X_sp.
659c0ba34bd6ec0da4aef95f3865b10c,Eukaryota,Excavata_Discoba_Euglenozoa,Diplonemea,Diplonemida,Eupelagonemidae,Eupelagonemidae_X,Eupelagonemidae_X_sp.
6aeaeec712995873979eed70e5d7d7be,Eukaryota,TSAR_Rhizaria_Cercozoa,Cercozoa_X,Cercozoa_XX,Cercozoa_XXX,Cercozoa_XXXX,Cercozoa_XXXX_sp.
6e6ffee93e501a6325591dc5bc6390ca,Eukaryota,TSAR_Alveolata_Dinoflagellata,Dinophyceae,Peridiniales,Protoperidiniaceae,Protoperidinium,Protoperidinium_monovelum
6e77d22b5b5f54b5766a9023d354d584,Eukaryota,Archaeplastida_Chlorophyta_Chlorophyta_X,Chloropicophyceae,Chloropicales,Chloropicaceae,Chloropicon,Chloropicon_sieburthii
6fcfd42e70221b928efaa753297fffae,Eukaryota,Excavata_Discoba_Discoba_X,Heterolobosea,Pharyngomonada,Pharyngomonadidae,Pharyngomonas,Pharyngomonas_sp.
7190ae009a35849e30037a542ed4a285,Eukaryota,TSAR_Alveolata_Dinoflagellata,Syndiniales,Dino-Group-I,Dino-Group-I-Clade-4,Dino-Group-I-Clade-4_X,Dino-Group-I-Clade-4_X_sp.
76606c1bf7c612ae621c1b67ff5aeade,Eukaryota,TSAR_Alveolata_Ciliophora,Spirotrichea,Choreotrichida-Tintinnina,Eutintinnidae,Eutintinnus,
78ee2c9e9127f7ebb7b22a9d3b30319e,Eukaryota,TSAR_Alveolata_Ciliophora,Oligohymenophorea,Peritrichia_2,Sessilida,,
7ba46039ee4db134de56e1c95ffdbd0a,Eukaryota,TSAR_Stramenopiles_Gyrista,Dictyochophyceae,Dictyochophyceae_X,Pedinellales,Pedinellales_X,Pedinellales_X_sp.
7e420e3e509e93e724e2126cadcf2fe6,Eukaryota,TSAR_Rhizaria_Cercozoa,Endomyxa,Vampyrellida,Vampyrellida_X,Vampyrellida_clade_B,Vampyrellida_sp.
80c5a3c19d81ec19b07f769623aee56b,Eukaryota,Excavata_Discoba_Euglenozoa,Diplonemea,Diplonemida,Eupelagonemidae,Eupelagonemidae_X,Eupelagonemidae_X_sp.
821e7ad62de0d399bd3cac0a36d59ae3,Eukaryota,TSAR_Alveolata_Dinoflagellata,Syndiniales,Dino-Group-II,Dino-Group-II-Clade-5,Dino-Group-II-Clade-5_X,Dino-Group-II-Clade-5_X_sp.
8514f1193e08dd53c71b519770ebe751,Eukaryota,Archaeplastida_Chlorophyta_Chlorophyta_X,Chlorophyceae,Chlamydomonadales,Chlamydomonadales_X,Chlamydomonadales_XX,Chlamydomonadales_XX_sp.
873e22e1193982298fb677e4eb4df197,Eukaryota,Excavata_Discoba_Euglenozoa,Diplonemea,Diplonemida,Eupelagonemidae,Eupelagonemidae_X,Eupelagonemidae_X_sp.
892997ad5032f5d89ebc8cddf8fce71b,Eukaryota,TSAR_Stramenopiles_Gyrista,Chrysophyceae,Paraphysomonadales,Paraphysomonadaceae,Paraphysomonas,Paraphysomonas_sp.
8af3f1322c4ec86d4d8fbdd2c009a7ff,Eukaryota,Obazoa_Opisthokonta_Fungi,Ascomycota,Pezizomycotina,Dothideomycetes,Helminthosporium,
97ffb2d8910164f263e12259a21e69ef,Eukaryota,TSAR_Alveolata_Dinoflagellata,Syndiniales,Dino-Group-II,Dino-Group-II-Clade-17,Dino-Group-II-Clade-17_X,Dino-Group-II-Clade-17_X_sp.
9a60de76c3320400ee532a1fc49ddbb8,Eukaryota,Cryptista_Cryptophyta_Cryptophyta_X,Cryptophyceae,Cryptomonadales,Cryptomonadales_X,Storeatula,Storeatula_sp.
9b6488463da6a60a9647e7d808a273c0,Eukaryota,TSAR_Alveolata_Dinoflagellata,Dinophyceae,Prorocentrales,Prorocentraceae,Prorocentrum,Prorocentrum_koreanum
9cea5181f1763304931d95cf8ab125a9,Eukaryota,TSAR_Rhizaria_Cercozoa,Filosa-Imbricatea,Marimonadida,Marimonadida_X,Pseudopirsonia,
a6a81b21d13e8b550b428c17109fb3eb,Eukaryota,TSAR_Stramenopiles_Gyrista,Peronosporomycetes,Peronosporomycetes_X,Haliphthorales,Haliphthoros,Haliphthoros_sp.
a732702da26d3ff2352ef06229b88e8a,Eukaryota,TSAR_Alveolata_Ciliophora,Spirotrichea,Choreotrichida,Strobilidiidae,Strobilidiidae_X,Strobilidiidae_X_sp.
a8a2220ecb9e4b79a9793992cb5b6a6c,Eukaryota,TSAR_Alveolata_Dinoflagellata,Syndiniales,Dino-Group-II,Dino-Group-II-Clade-23,Dino-Group-II-Clade-23_X,Dino-Group-II-Clade-23_X_sp.
aa2b55ac6233f8999b2d215cf209ad20,Eukaryota,Archaeplastida_Rhodophyta_Eurhodophytina,Florideophyceae,Corallinales,Corallinales_X,,
b355e670b9f924b1b5e82a095144ad8c,Eukaryota,TSAR_Rhizaria_Radiolaria,Polycystinea,Nassellaria,Sphaerozoidae,Sphaerozoum,
b35d19e8341067205b1a401a60d07ab7,Eukaryota,Excavata_Discoba_Euglenozoa,Diplonemea,Diplonemida,Eupelagonemidae,Eupelagonemidae_X,Eupelagonemidae_X_sp.
ba82f843b341a79fb9f2eb778030c783,Eukaryota,TSAR_Alveolata_Dinoflagellata,Dinophyceae,Gymnodiniales,Gymnodiniaceae,Gymnodinium,Gymnodinium_microreticulatum
bb83bd46984ee38a7efd222342f660f9,Eukaryota,TSAR_Stramenopiles_Gyrista,Mediophyceae,Mediophyceae_X,Mediophyceae_XX,Mediophyceae_XXX,Mediophyceae_XXX_sp.
bee30883f08355089bd1f5d1e965da95,Eukaryota,TSAR_Alveolata_Dinoflagellata,Dinophyceae,Dinophyceae_X,Dinophyceae_XX,Dinophyceae_XXX,Dinophyceae_XXX_sp.
bef93caf83f80497f505ecbc19e9d885,Eukaryota,TSAR_Alveolata_Ciliophora,CONThreeP,CONThreeP_X,CONThreeP_XX,Askenasia,Askenasia_sp.
c54e0574ab09f02400b223bcb15956f5,Eukaryota,Archaeplastida_Rhodophyta_Eurhodophytina,Florideophyceae,Corallinales,Corallinales_X,Amphiroa,
c95f42c31b30cd66c0cb0c5aab1624aa,Eukaryota,Amoebozoa_Discosea_Discosea_X,Centramoebia,Acanthopodida,Acanthamoebidae,Acanthamoeba,
cd88fba5e5aaa95168021ca41604b011,Eukaryota,TSAR_Stramenopiles_Gyrista,Gyrista_X,Gyrista_XX,MAST-1,MAST-1B,MAST-1B_sp.
cdb0afdd99b6c324918c2a998f33208b,Eukaryota,Archaeplastida_Chlorophyta_Chlorophyta_X,Trebouxiophyceae,Chlorellales,Chlorellales_X,Oocystaceae,Oocystaceae_sp.
cef9fbec9d1cf2586234f79c0846b0f5,Eukaryota,TSAR_Rhizaria_Cercozoa,Filosa-Thecofilosea,Ventricleftida,Ventrifissuridae,Ventrifissura,Ventrifissura_velata
d1c4f6616691f695d3d99b2914ec0069,Eukaryota,Obazoa_Opisthokonta_Fungi,Basidiomycota,Pucciniomycotina,Pucciniomycetes,Pucciniomycetes_X,Pucciniomycetes_X_sp.
d35b5e115e3206179abb6ee792c39851,Eukaryota,TSAR_Telonemia_Telonemia_X,Telonemia_XX,Telonemia_XXX,Telonemia-Group-1,Telonemia-Group-1_X,Telonemia-Group-1_X_sp.
d6cc647b4ca53eca71458380bf1b777b,Eukaryota,TSAR_Stramenopiles_Gyrista,Phaeophyceae,Phaeophyceae_X,Phaeophyceae_XX,Padina,
dd196df45e9ec8f2d8c208030c1e52b3,Eukaryota,TSAR_Stramenopiles_Gyrista,Mediophyceae,Biddulphiales,Biddulphiaceae,Biddulphiopsis,Biddulphiopsis_titiana
defd1723829b6cbd535c26aed98e21b2,Eukaryota,Amoebozoa_Discosea_Discosea_X,Flabellinia,Dactylopodida,Paramoebidae,Neoparamoeba,Neoparamoeba_pemaquidensis
e2b2ac98d68926282227e147fbda1a2f,Eukaryota,TSAR_Stramenopiles_Gyrista,MOCH-2,MOCH-2_X,MOCH-2_XX,MOCH-2_XXX,MOCH-2_XXX_sp.
e334ce4e4aaf9742220e5368df7cccde,Eukaryota,TSAR_Rhizaria_Radiolaria,RAD-C,RAD-C_X,RAD-C_Xb,RAD-C_Xb_X,RAD-C_Xb_X_sp.
e711c6b701747c411da47bc02443f18b,Eukaryota,TSAR_Stramenopiles_Bigyra,Sagenista,Labyrinthulomycetes,Thraustochytriaceae,Botryochytrium,Botryochytrium_sp.
e8a5b8fbe71cb49d260dd3bd74a72794,Eukaryota,TSAR_Rhizaria_Cercozoa,Endomyxa,Vampyrellida,Vampyrellida_X,Vampyrellida_clade_B,Vampyrellida_sp.
ef98daf917c514beee5d52614a6c951b,Eukaryota,Excavata_Discoba_Euglenozoa,Diplonemea,Diplonemida,Eupelagonemidae,Eupelagonemidae_X,Eupelagonemidae_X_sp.
f036829765aea06d42b7f0fdffe6f4b8,Eukaryota,Obazoa_Apusomonada_Apusomonada_X,Apusomonadidae,Apusomonadidae_Group-1,Apusomonadidae_Group-1_X,Apusomonadidae_Group-1_XX,Apusomonadidae_Group-1_XX_sp.
f11e15147b7bbc76ab187f80aa138d0a,Eukaryota,Archaeplastida_Streptophyta_Streptophyta_X,Embryophyceae,Embryophyceae_X,Embryophyceae_XX,,
f2ef033c6426163b91aff7270fa71b65,Eukaryota,Excavata_Discoba_Euglenozoa,Diplonemea,Diplonemida,Eupelagonemidae,Eupelagonemidae_X,Eupelagonemidae_X_sp.
f394f5e84d69159684ec07628ccb73d8,Eukaryota,Obazoa_Opisthokonta_Fungi,Basidiomycota,Ustilaginomycotina,Ustilaginomycetes,,
f5cc0aa78d03401f596a348114973fdc,Eukaryota,Haptista_Centroplasthelida_Centroplasthelida_X,Pterocystida,Pterista,Pterocystidae,Chlamydaster,Chlamydaster_sterni
f81239a614c6d258b9897fcaad721316,Eukaryota,Archaeplastida_Rhodophyta_Eurhodophytina,Florideophyceae,Corallinales,Corallinales_X,,
fb18008749fb3add45671a5256541abc,Eukaryota,TSAR_Alveolata_Dinoflagellata,Syndiniales,Dino-Group-II,Dino-Group-II-Clade-5,Dino-Group-II-Clade-5_X,Dino-Group-II-Clade-5_X_sp.
fe13c5c21b7ec031d82cf95934d85ffa,Eukaryota:nucl,Cryptista:nucl_Cryptophyta:nucl_Cryptophyta_X:nucl,Cryptophyceae:nucl,Cryptomonadales:nucl,Hemiselmidaceae:nucl,Hemiselmis:nucl,
fe2466d409342874e84e1f46239e63e5,Eukaryota,TSAR_Alveolata_Dinoflagellata,Dinophyceae,Peridiniales,Protoperidiniaceae,Protoperidinium,Protoperidinium_thulesense
0660758918cc67ff356b41ac1a80b727,Eukaryota,Obazoa_Opisthokonta_Rotosphaerida,Nucleariidea,Nucleariida,Nucleariida_X,Nuclearia,Nuclearia_thermophila
0724ab26efcbca23e3133c377303717b,Eukaryota,TSAR_Stramenopiles_Gyrista,Chrysophyceae,Chrysophyceae_Clade-EC2H,Chrysophyceae_Clade-EC2H_X,Chrysophyceae_Clade-EC2H_XX,Chrysophyceae_Clade-EC2H_XX_sp.
0e17a5dd4df16a48e453de3c354aefb7,Eukaryota,TSAR_Rhizaria_Cercozoa,Chlorarachniophyceae,Chlorarachniophyceae_X,LC104-lineage,LC104-lineage_X,LC104-lineage_X_sp.
0f16d74fa362dd4b768f64eb3633f769,Eukaryota,TSAR_Alveolata_Dinoflagellata,Syndiniales,Dino-Group-II,Dino-Group-II-Clade-5,Dino-Group-II-Clade-5_X,Dino-Group-II-Clade-5_X_sp.
1a44863f4c5a17f52f12fb774cf74205,Eukaryota,TSAR_Rhizaria_Cercozoa,Filosa-Imbricatea,Thaumatomonadida,Thaumatomonadida_X,Thaumatomonadida_XX,Thaumatomonadida_XX_sp.
1d3ee13a54d31c71f546fa498d66f59d,Eukaryota,TSAR_Stramenopiles_Gyrista,Bolidophyceae,Parmales,Parmales_env_2,Parmales_env_2_X,Parmales_env_2_X_sp.
247ef30929c8b3ab5f2f3667b1d6da03,Eukaryota,Archaeplastida_Chlorophyta_Chlorophyta_X,Chlorophyceae,Chaetopeltidales,Chaetopeltidales_X,Pseudulvella,Pseudulvella_consociata
2ca24863b5be4bfe0a7d303ed7e3e670,Eukaryota,TSAR_Rhizaria_Foraminifera,Monothalamids,Monothalamids_X,Monothalamids_XX,Vellaria,Vellaria_pellucida
2e4271c66debecebb617bf9d553650aa,Eukaryota,TSAR_Alveolata_Dinoflagellata,Dinophyceae,Peridiniales,Amphidomataceae,Amphidoma,Amphidoma_languida
311fb0a7ff73e521f239e889cc38faba,Eukaryota,TSAR_Alveolata_Dinoflagellata,Dinophyceae,Gymnodiniales,Gymnodiniaceae,Gyrodinium,
313827b111072cb76fff9daaecd9652f,Eukaryota,Excavata_Discoba_Euglenozoa,Kinetoplastea,Eubodonida,Bodonidae,Bodo,Bodo_sp.
331ea6df8dca3fb54d0d31e3609b43a4,Eukaryota,TSAR_Stramenopiles_Bigyra,Opalozoa,Opalozoa_X,MAST-12,MAST-12B,MAST-12B_sp.
36b8512e10e60729754b10003fda02fc,Eukaryota,Excavata_Discoba_Euglenozoa,Kinetoplastea,Kinetoplastea_X,Kinetoplastea_XX,Kinetoplastea_XX_MET3,Kinetoplastea_XX_MET3_sp.
3776e6881f5bfc05f012f5bc44b00bcf,Eukaryota,Archaeplastida_Rhodophyta_Eurhodophytina,Florideophyceae,Ceramiales,Ceramiaceae,Ceramium,Ceramium_virgatum
37f8bd24dc2616e672e3609822d425cc,Eukaryota,TSAR_Rhizaria_Foraminifera,Monothalamids,Monothalamids_X,Monothalamids_XX,Monothalamids_XXX,Monothalamids_XXX_sp.
3c0d03bc46a6fb2935b5092d9f149b4f,Eukaryota,TSAR_Alveolata_Dinoflagellata,Syndiniales,Dino-Group-II,Dino-Group-II-Clade-23,Dino-Group-II-Clade-23_X,Dino-Group-II-Clade-23_X_sp.
3d8eb096e546b6fe8e58b55f5769b16b,Eukaryota,TSAR_Stramenopiles_Bigyra,Opalozoa,Nanomonadea,MAST-3,MAST-3B,MAST-3B_sp.
3e2229c6d5dae6e5c512fff66d28a793,Eukaryota,TSAR_Alveolata_Ciliophora,Ciliophora_X,Ciliophora_XX,Protocruziidae,Protocruzia,
3f334baf452102d25bb21632f62c2aae,Eukaryota,Archaeplastida_Streptophyta_Streptophyta_X,Embryophyceae,Embryophyceae_X,Embryophyceae_XX,,
3f627daa0c569f02c0e74a58e4397dad,Eukaryota,Haptista_Haptophyta_Haptophyta_X,Prymnesiophyceae,Prymnesiales,Chrysochromulinaceae,Chrysochromulina,
4fa284295b44334bb5c5a57628da635b,Eukaryota,Obazoa_Opisthokonta_Fungi,Basidiomycota,Agaricomycotina,Agaricomycetes,,
51ece667b1db37fa63f04d15d7ee10dd,Eukaryota,TSAR_Alveolata_Dinoflagellata,Syndiniales,Dino-Group-V,Dino-Group-V_X,Dino-Group-V_XX,Dino-Group-V_XX_sp.
53f9d61ed66b401b287987683992bd8d,Eukaryota,Amoebozoa_Discosea_Discosea_X,Flabellinia,Dactylopodida,Paramoebidae,Neoparamoeba,Neoparamoeba_aestuarina
559673512e89909bf40903b741379b61,Eukaryota,TSAR_Alveolata_Chrompodellids,Colpodellidea,Colpodellida,Alphamonaceae,Alphamonas,Alphamonas_sp.
5a63464110b3e80da0dfb3b47da8e3e9,Eukaryota,TSAR_Rhizaria_Foraminifera,Globothalamea,Rotaliida,,,
5cbaa568c57a532efe97e7a3688c7e97,Eukaryota,Obazoa_Opisthokonta_Fungi,Ascomycota,Saccharomycotina,Saccharomycetales,Candida,
5d84a4a6738c583adff5fcaf6408e954,Eukaryota,TSAR_Rhizaria_Radiolaria,Polycystinea,Nassellaria,Triospyrididae,Ceratospyris,Ceratospyris_hyperborea
616b1756bf75d031fc12fa730dbffa07,Eukaryota,TSAR_Rhizaria_Cercozoa,Filosa-Imbricatea,Thaumatomonadida,Thaumatomonadidae,,
6204869fc6b0f26f700d498d16058478,Eukaryota,Obazoa_Opisthokonta_Fungi,Basidiomycota,Ustilaginomycotina,Exobasidiomycetes,Exobasidiomycetes_X,Exobasidiomycetes_X_sp.
6321db98dc8b74da0df1d9d3470753e6,Eukaryota,TSAR_Alveolata_Ciliophora,Spirotrichea,Choreotrichida,Strobilidiidae,Pelagostrobilidium,
639a4c38c77360fdda3c90efa742e859,Eukaryota,TSAR_Rhizaria_Cercozoa,Filosa-Sarcomonadea,Glissomonadida,Allapsidae,Allapsa,Allapsa_vibrans
68e5153d481004ac7f683825fb03a75f,Eukaryota,TSAR_Rhizaria_Foraminifera,Globothalamea,Rotaliida,Globigerinoidea,Globigerinita,Globigerinita_glutinata
6c6f1dd8117f962ac4e9ce8890dfa6c6,Eukaryota,TSAR_Rhizaria_Cercozoa,Filosa-Thecofilosea,Ebriacea,TAGIRI1-lineage,TAGIRI1-lineage_X,TAGIRI1-lineage_X_sp.
6e9fc74b3dea4949505cf92d084099df,Eukaryota,Excavata_Discoba_Euglenozoa,Diplonemea,Diplonemida,Eupelagonemidae,Eupelagonemidae_X,Eupelagonemidae_X_sp.
6ef0dbdfbaf30163c9adc6d5ade1caff,Eukaryota,TSAR_Alveolata_Dinoflagellata,Dinophyceae,Dinophyceae_X,Dinophyceae_XX,Dinophyceae_XXX,Dinophyceae_XXX_sp.
70dbc70e94fcd45f8e2b0209027a1b97,Eukaryota,Obazoa_Opisthokonta_Fungi,Basidiomycota,Agaricomycotina,Agaricomycetes,Crepidotus,Crepidotus_variabilis
73776a19fced5a0c9062967d1f34d99d,Eukaryota,Archaeplastida_Chlorophyta_Chlorophyta_X,Chlorophyceae,Sphaeropleales,Sphaeropleales_X,Pseudomuriella,Pseudomuriella_sp.
76269ce502148f8db90976189be6d582,Eukaryota,Obazoa_Opisthokonta_Fungi,Basidiomycota,Agaricomycotina,Agaricomycetes,,
867f73a38325b024b2eac5cd394c47fd,Eukaryota,Archaeplastida_Chlorophyta_Chlorophyta_X,Trebouxiophyceae,Watanabea-Clade,Watanabea-Clade_X,Apatococcus,Apatococcus_lobatus
88c483f74b4cd8be79c13b1958269fa7,Eukaryota,Obazoa_Opisthokonta_Fungi,Ascomycota,Pezizomycotina,Dothideomycetes,,
88c574832f968dd2116ffd388227e25e,Eukaryota,TSAR_Rhizaria_Radiolaria,Acantharea,Acantharea_D,Acantharea_D1,Trizoma,Trizoma_brandti
8c061f4e4ba1a60919fd8bca2a26b20f,Eukaryota,Archaeplastida_Chlorophyta_Chlorophyta_X,Trebouxiophyceae,Chlorellales,Chlorellales_X,Prototheca,Prototheca_wickerhamii
8c2270322e5f4f160d16707aba39f774,Eukaryota,TSAR_Alveolata_Dinoflagellata,Syndiniales,Dino-Group-II,Dino-Group-II-Clade-1,Dino-Group-II-Clade-1_X,Dino-Group-II-Clade-1_X_sp.
8c384bc49a2e88209bb76a0c6f1ab6e8,Eukaryota,TSAR_Alveolata_Dinoflagellata,Dinophyceae,Peridiniales,Protoperidiniaceae,Protoperidinium,Protoperidinium_elegans
9153d4964f24ad2b2b2f098195c6595e,Eukaryota,TSAR_Rhizaria_Foraminifera,Tubothalamea,Miliolida,Moliolidae,Cornuspira,Cornuspira_sp.
97ebaf4943b48e1a3a66ca055e7a2519,Eukaryota,TSAR_Alveolata_Dinoflagellata,Dinophyceae,Dinophyceae_X,Dinophyceae_XX,Dinophyceae_XXX,Dinophyceae_XXX_sp.
9b8e5dba996d5693d5dc72aa83dacbb8,Eukaryota,Obazoa_Opisthokonta_Ichthyosporea,Ichthyophonida,Pseudoperkinsidae,Pseudoperkinsidae_X,Pseudoperkinsus,Pseudoperkinsus_tapetis
9d0eeea6b9ae6077573d15022909fbaa,Eukaryota,Archaeplastida_Rhodophyta_Eurhodophytina,Florideophyceae,Ceramiales,Rhodomelaceae,Chondria,
9d79283fe6a1d9d97e82b2904166a08b,Eukaryota,TSAR_Stramenopiles_Bigyra,Sagenista,Labyrinthulomycetes,Oblongichytridiaceae,Oblongichytrium,Oblongichytrium_sp.
a27f85356f09d70ec375dead0d678b47,Eukaryota,TSAR_Alveolata_Perkinsea,Perkinsida,Perkinsida_X,Perkinsida_XX,Perkinsida_XXX,Perkinsida_XXX_sp.
aa7b24a0b61a70ebd44c9e639046f5cd,Eukaryota,Archaeplastida_Chlorophyta_Chlorophyta_X,Trebouxiophyceae,Trebouxiophyceae_X,Trebouxiophyceae_XX,Choricystis,Choricystis_sp.
aeeafb7124252ac3fc714a13ded28128,Eukaryota,Amoebozoa_Discosea_Discosea_X,Flabellinia,Dactylopodida,Paramoebidae,,
b13cc9e1a8ac7095000fe212cc8d17d5,Eukaryota,TSAR_Alveolata_Dinoflagellata,Dinophyceae,Gymnodiniales,Gymnodiniaceae,Gymnodinium,Gymnodinium_microreticulatum
b3e0ce2a408ec3fd2e64bf691020c514,Eukaryota,TSAR_Rhizaria_Cercozoa,Filosa-Sarcomonadea,Filosa-Sarcomonadea_X,Filosa-Sarcomonadea_XX,Filosa-Sarcomonadea_XXX,Filosa-Sarcomonadea_XXX_sp.
bb988dbcb07a377e87e905996246aa6b,Eukaryota,Obazoa_Opisthokonta_Fungi,Zoopagomycota,Entomophthoromycotina,Entomophthoromycotina_X,Pandora,Pandora_neoaphidis
bef1cf9d3a5736fd3a22e3bd707faa6c,Eukaryota,Excavata_Discoba_Discoba_X,Heterolobosea,Acrasida,Acrasidae,Allovahlkampfia,Allovahlkampfia_sp.
c45b3cd1df5e0cb3d2a182d1e8c8a344,Eukaryota,TSAR_Stramenopiles_Gyrista,Dictyochophyceae,Dictyochophyceae_X,Pedinellales,,
c6cc5e2780f68ded61b9f50ac60e091a,Eukaryota,Obazoa_Opisthokonta_Fungi,Basidiomycota,Pucciniomycotina,Pucciniomycetes,Uredo,Uredo_sp.
c71039c2f979f74d3af4f2bff37f3369,Eukaryota,Obazoa_Opisthokonta_Fungi,Ascomycota,Pezizomycotina,Pezizomycetes,,
c81807c194b573ca53e07c8171931538,Eukaryota,TSAR_Rhizaria_Cercozoa,Filosa-Thecofilosea,Filosa-Thecofilosea_X,Mataza-lineage,Mataza-lineage_X,Mataza-lineage_X_sp.
c843571231be2a70ea1c3a9235da77a4,Eukaryota,TSAR_Rhizaria_Foraminifera,Globothalamea,Rotaliida,Globigerinidae,Globigerinella,Globigerinella_calida
d2550eb13fefb3592959c8dade9a2cbb,Eukaryota,TSAR_Alveolata_Dinoflagellata,Syndiniales,Dino-Group-II,Dino-Group-II-Clade-9,Dino-Group-II-Clade-9_X,Dino-Group-II-Clade-9_X_sp.
d7886f41f27475cfd5504c110a1e5950,Eukaryota,TSAR_Alveolata_Dinoflagellata,Dinophyceae,Peridiniales,Protoperidiniaceae,Archaeperidinium,
d8737b81d5430028e8cdad0f8d780100,Eukaryota,Obazoa_Opisthokonta_Fungi,Basidiomycota,Pucciniomycotina,Cystobasidiomycetes,Rhodotorula,Rhodotorula_lamellibrachiae
d91e512aa80f4bdbfccf4fe658fc886f,Eukaryota,TSAR_Rhizaria_Cercozoa,Cercozoa_X,Cercozoa_XX,Cercozoa_XXX,Cercozoa_XXXX,Cercozoa_XXXX_sp.
deaab8dcb857a61b84fb82ba00c69821,Eukaryota,Obazoa_Opisthokonta_Fungi,Chytridiomycota,Chytridiomycota_X,Chytridiomycota_XX,Chytridiomycota_XXX,Chytridiomycota_XXX_sp.
dedb24096a966fbd3a2e5c10c4042dd9,Eukaryota,TSAR_Stramenopiles_Bigyra,Sagenista,Labyrinthulomycetes,Labyrinthulomycetes_LAB1/6/8,Labyrinthulomycetes_LAB1,Labyrinthulomycetes_LAB1_sp.
e3f65ec82d1d51f749cac9c3a6a754cc,Eukaryota,TSAR_Stramenopiles_Gyrista,Pirsoniales,Pirsoniales_X,Pirsoniales_XX,Pirsonia,Pirsonia_formosa
e50975909a2d9ab5a95753cd2c25cf39,Eukaryota,TSAR_Rhizaria_Foraminifera,Globothalamea,Rotaliida,Globigerinidae,Globigerinella,Globigerinella_siphonifera
efa2bc8649d9539234089a153c2d2fbf,Eukaryota,TSAR_Alveolata_Dinoflagellata,Dinophyceae,Peridiniales,Amphidomataceae,Amphidoma,Amphidoma_languida
f01b6393d3680f7388d07a449c1d5a30,Eukaryota,Excavata_Discoba_Euglenozoa,Diplonemea,Diplonemida,Eupelagonemidae,Eupelagonemidae_X,Eupelagonemidae_X_sp.
f69a2a18953fc603fc0d78578e9e4130,Eukaryota,TSAR_Alveolata_Dinoflagellata,Syndiniales,Dino-Group-II,Dino-Group-II_X,Dino-Group-II_XX,Dino-Group-II_XX_sp.
f84fa25258d0edf95a4c53e4368692a5,Eukaryota,TSAR_Stramenopiles_Gyrista,Peronosporomycetes,Peronosporomycetes_X,Peronosporales,Phytophthora,Phytophthora_kernoviae
0401bb06f925d20f46a5161b6b7bce01,Eukaryota,TSAR_Rhizaria_Cercozoa,Endomyxa-Ascetosporea,Paradinida,Paradinidae,Paradinium,Paradinium_sp.
1641d2eb5589c4d125362fb2ce53e1d4,Eukaryota,TSAR_Rhizaria_Cercozoa,Chlorarachniophyceae,Chlorarachnida,Chlorarachnida_X,Chlorarachnida_XX,Chlorarachnida_XX_sp.
16e3696fdb2438be30b7c0fe5d75577d,Eukaryota,TSAR_Rhizaria_Foraminifera,Monothalamids,Monothalamids_X,Monothalamids_XX,Monothalamids_XXX,Monothalamids_XXX_sp.
1ae1bd00bc4a996cc0a51716fe01bbb5,Eukaryota,Obazoa_Opisthokonta_Ichthyosporea,Ichthyophonida,Pseudoperkinsidae,Pseudoperkinsidae_X,Pseudoperkinsus,Pseudoperkinsus_tapetis
1fb2e7ec7a80c391d4fc4324a322d6d8,Eukaryota,TSAR_Stramenopiles_Bigyra,Opalozoa,Nanomonadea,MAST-3,MAST-3L,MAST-3L_sp.
25839da84b0f055281e22ee7576e7433,Eukaryota,TSAR_Alveolata_Ciliophora,Heterotrichea,Heterotrichea_X,Peritromidae,Peritromus,Peritromus_sp.
301fec1ec626e4805b8d0307b2caeda9,Eukaryota,TSAR_Stramenopiles_Gyrista,Phaeophyceae,Phaeophyceae_X,Phaeophyceae_XX,,
31751f2d51f7d1ddd6a8a6b32bf638e1,Eukaryota,Obazoa_Opisthokonta_Fungi,,,,,
38cb0747b9aa84dd8ea57c6832d600f9,Eukaryota,Excavata_Discoba_Euglenozoa,Kinetoplastea,Prokinetoplastida,Ichthyobodonidae,Perkinsela,Perkinsela_sp.
391436df2e473317910f5859c93f3d38,Eukaryota,TSAR_Rhizaria_Foraminifera,Monothalamids,Monothalamids_X,Monothalamids_XX,Monothalamids_XXX,Monothalamids_XXX_sp.
42c101d4c5f5db1575cde92ede0efb48,Eukaryota,Amoebozoa_Discosea_Discosea_X,Stygamoebida,Stygamoebidae,Vermistella-lineage,Vermistella,
460ccb66e12d1dae1fec933183fc8afc,Eukaryota,Archaeplastida_Rhodophyta_Eurhodophytina,Florideophyceae,Corallinales,Corallinales_X,Jania,Jania_adhaerens
47e242a1dfefbbb4c2195ca02fca89b9,Eukaryota,TSAR_Rhizaria_Foraminifera,Monothalamids,Monothalamids_X,Monothalamids_XX,,
47ecb34356a7f4fe4b270a09663b54b9,Eukaryota,Obazoa_Opisthokonta_Fungi,Zoopagomycota,Entomophthoromycotina,Entomophthoromycotina_X,Conidiobolus,Conidiobolus_coronatus
4d1cbd24f57c88cd1775cc26f578d1f5,Eukaryota,Obazoa_Opisthokonta_Fungi,Chytridiomycota,Chytridiales,Chytridiales_X,Chytridiales_XX,Chytridiales_XX_sp.
4f1a79f9bcbfd15b1a411d511cd88d68,Eukaryota,Obazoa_Apusomonada_Apusomonada_X,Apusomonadidae,Apusomonadidae_Group-1,Apusomonadidae_Group-1_X,Apusomonadidae_Group-1_XX,Apusomonadidae_Group-1_XX_sp.
545783d36b4b83d19f758423112e1dcb,Eukaryota,TSAR_Alveolata_Ciliophora,Litostomatea,Haptoria_5,Pleurostomatida,Pleurostomatida_X,Pleurostomatida_X_sp.
54a3a78c9f237d102d6068a73954e9c6,Eukaryota,__,,,,,
55249689d9a8ae7e88d3dc11b2a99876,Eukaryota,TSAR_Stramenopiles_Gyrista,Xanthophyceae,Xanthophyceae_X,Xanthophyceae_XX,,
584dc148f86c5ca6bb5ee8b486510f2d,Eukaryota,TSAR_Alveolata_Apicomplexa,Gregarinomorphea,Gregarinomorphea_X,Gregarinomorphea_XX,Selenidium1,Selenidium1_sp.
5c866564bf48c7ee3adbb4c3ac20badf,Eukaryota,Archaeplastida_Chlorophyta_Chlorophyta_X,Chloropicophyceae,Chloropicales,Chloropicaceae,Chloropicon,Chloropicon_sp.
63b0f5014b03685e36738e5659b65531,Eukaryota,TSAR_Stramenopiles_Gyrista,Bacillariophyceae,Naviculales,Naviculaceae,Navicula,
64b09101827d28e66ae3ec7faa0982b8,Eukaryota,Archaeplastida_Chlorophyta_Chlorophyta_X,Mamiellophyceae,Mamiellales,Mamiellaceae,Micromonas,Micromonas_pusilla
65927f9e675751c5c79f87d297c3689a,Eukaryota,TSAR_Stramenopiles_Gyrista,Gyrista_X,Gyrista_XX,MAST-1,MAST-1A,MAST-1A_sp.
69d999b1c627f9c651abd3faa98beb94,Eukaryota,Archaeplastida_Chlorophyta_Chlorophyta_X,Trebouxiophyceae,Watanabea-Clade,Watanabea-Clade_X,Chloroidium,
6b28018b25ec1e434a72b6b4ba3383ff,Eukaryota,Amoebozoa_Evosea_Evosea_X,Variosea,Variosea_X,Variosea_XX,Variosea_XXX,Variosea_XXX_sp.
6cdeed8459b315c24249ac665d3e598b,Eukaryota,TSAR_Stramenopiles_Gyrista,Mediophyceae,,,,
6f9a50271fab83233fc855f1bd0072d9,Eukaryota,Obazoa_Opisthokonta_Fungi,Ascomycota,Saccharomycotina,Saccharomycetales,Candida,Candida_sp.
70b847d96e1a0db8b7d5b24baf0bbc77,Eukaryota,Cryptista_Kathablepharidacea_Kathablepharida,Kathablepharidea,Kathablepharidida,Kathablepharidida_X,Roombia,Roombia_truncata
757f34093507e331db16cfc5e3a3a594,Eukaryota,Haptista_Haptophyta_Haptophyta_X,,,,,
79e98d8ae52a5c7f037d02d78cd7de6d,Eukaryota,Obazoa_Opisthokonta_Choanoflagellata,Choanoflagellatea,Acanthoecida,Acanthoecida_X,Acanthoecida_XX,Acanthoecida_XX_sp.
7eddcfdb136159d9794e4519d6033b8e,Eukaryota,TSAR_Alveolata_Ciliophora,Colpodea,Colpodea_X,Cyrtolophosidida,Aristerostoma,Aristerostoma_sp.
829ccee31c98503257ae78f90def2f5b,Eukaryota,Obazoa_Opisthokonta_Fungi,,,,,
84c5c3b5f175d3564ec598187b2c959b,Eukaryota,Eukaryota_X_Ancyromonadida_Ancyromonadida_X,Ancyromonadida_XX,Ancyromonadida_XXX,Ancyromonadida_Group-1,Ancyromonas,Ancyromonas_kenti
8563cb9c41034aa9e971abeb7f43b992,Eukaryota,TSAR_Alveolata_Dinoflagellata,Syndiniales,Dino-Group-II,Dino-Group-II-Clade-1,Dino-Group-II-Clade-1_X,Dino-Group-II-Clade-1_X_sp.
8946467850b7dfd6e4badbf65a5438f7,Eukaryota,Obazoa_Opisthokonta_Fungi,Ascomycota,Saccharomycotina,Saccharomycetales,Saccharomyces,
8a220a359a19011e104b2f6eeb3b682b,Eukaryota,Cryptista_Cryptophyta_Cryptophyta_X,Cryptophyceae,Goniomonadales,Goniomonadales_X,Goniomonas,Goniomonas_sp.
8abb78df54a93f99bd83abd4b467a00e,Eukaryota,TSAR_Telonemia_Telonemia_X,Telonemia_XX,Telonemia_XXX,Telonemia-Group-1,Telonemia-Group-1_X,Telonemia-Group-1_X_sp.
8af3700171571002be15ee5d6693394a,Eukaryota,TSAR_Stramenopiles_Bigyra,Bicoecea,Borokales,Borokaceae,Borokaceae_X,Borokaceae_X_sp.
8b3667a4da73d09b86d53a3e9f7eecaf,Eukaryota,TSAR_Alveolata_Ciliophora,Spirotrichea,Euplotia,Euplotidae,Euplotes,Euplotes_aediculatus
8b3fd49c565896899ea3059bf7afc99c,Eukaryota,TSAR_Telonemia_Telonemia_X,Telonemia_XX,Telonemia_XXX,Telonemia-Group-2,Telonemia-Group-2_X,Telonemia-Group-2_X_sp.
8bc23e7f12b17fd98fe4c94bcbfb8584,Eukaryota,TSAR_Stramenopiles_Bigyra,Sagenista,Labyrinthulomycetes,Thraustochytriaceae,Thraustochytrium,Thraustochytrium_sp.
a262d61af4e1a2c331a104725dd5ace3,Eukaryota,Excavata_Discoba_Euglenozoa,Diplonemea,Diplonemida,Diplonemidae,Rhynchopus,Rhynchopus_sp.
a5a30fb78a9980f39d9220be03d4c5f7,Eukaryota,Archaeplastida_Chlorophyta_Chlorophyta_X,Prasino-Clade-9,Prasino-Clade-9_X,Prasino-Clade-9_XX,Prasino-Clade-9_XXX,Prasino-Clade-9_XXX_sp.
a69e0ce76538feb0e4de6a3c63987108,Eukaryota,TSAR_Stramenopiles_Gyrista,Eustigmatophyceae,Eustigmatophyceae_X,Eustigmatophyceae_XX,Eustigmatophyceae_XXX,Eustigmatophyceae_XXX_sp.
a88535674cb2ff5af509f9b382f19d13,Eukaryota,TSAR_Alveolata_Ciliophora,Spirotrichea,Euplotia,Euplotidae,Euplotes,
a9e3614c5db40d6422daf78342160cbb,Eukaryota,TSAR_Alveolata_Dinoflagellata,Syndiniales,Dino-Group-II,Dino-Group-II_X,Dino-Group-II_XX,Dino-Group-II_XX_sp.
b2d97071733df020d2e998f3f017bdf5,Eukaryota,TSAR_Alveolata_Dinoflagellata,Dinophyceae,Dinophyceae_X,Dinophyceae_XX,Dinophyceae_XXX,Dinophyceae_XXX_sp.
b91207b95e810f7e56c9d4451d01fc4d,Eukaryota,Obazoa_Opisthokonta_Fungi,Rozellomycota,Rozellomycota_X,Rozellomycota_XX,Rozellomycota_XXX,Rozellomycota_XXX_sp.
be77519f454755cd6412720783c57fd0,Eukaryota,TSAR_Stramenopiles_Stramenopiles_X,Stramenopiles_XX,Stramenopiles_XXX,Stramenopiles_XXXX,Stramenopiles_XXXXX,Stramenopiles_XXXXX_sp.
c00632abfeef53a369ef91ed2525e5a6,Eukaryota,TSAR_Stramenopiles_Gyrista,Bacillariophyceae,Licmophorales,Licmophoraceae,Licmophora,Licmophora_sp.
c0d90752e36773e6061411b4915d76ab,Eukaryota,Obazoa_Opisthokonta_Choanoflagellata,Choanoflagellatea,Acanthoecida,Stephanoecidae_Group_I,Stephanoeca_Group_I,Stephanoeca_diplocostata
c8d632368d108b8778eedc804e922613,Eukaryota,Obazoa_Opisthokonta_Fungi,Basidiomycota,Pucciniomycotina,Pucciniomycetes,Puccinia,Puccinia_caricis
cbfd5f9f239a56e9e509b41e45a3e48d,Eukaryota,Excavata_Discoba_Euglenozoa,Kinetoplastea,Prokinetoplastida,Ichthyobodonidae,Ichthyobodonidae_PRO1,Ichthyobodonidae_PRO1_sp.
ce4b974f9f5ed00089ce8fe434c323e6,Eukaryota,TSAR_Stramenopiles_Bigyra,Sagenista,Labyrinthulomycetes,Thraustochytriaceae,Thraustochytriaceae_QPX,Thraustochytriaceae_QPX_sp.
cee2574d4c37c8c8f14e6abe044152d1,Eukaryota,TSAR_Alveolata_Dinoflagellata,Syndiniales,Dino-Group-II,Dino-Group-II-Clade-5,Dino-Group-II-Clade-5_X,Dino-Group-II-Clade-5_X_sp.
d02199807b16762651456d1463f96317,Eukaryota,TSAR_Alveolata_Dinoflagellata,Dinophyceae,Dinophyceae_X,Dinophyceae_XX,Dinophyceae_XXX,Dinophyceae_XXX_sp.
d14ffc13a3ae8b6d26d13d1e13ddbbd3,Eukaryota,Archaeplastida_Chlorophyta_Chlorophyta_X,Chlorophyceae,Chlamydomonadales,Chlamydomonadales_X,Carteria,
d25c770341ba68b08d17b882bc0aa6bb,Eukaryota,Excavata_Discoba_Discoba_X,Heterolobosea,Tetramitia_III,Vahlkampfiidae_III,Naegleria,Naegleria_sp.
d5f59551d667bf66d5fe353d4c16cfce,Eukaryota,Obazoa_Opisthokonta_Fungi,Ascomycota,Pezizomycotina,Sordariomycetes,,
e845317e54aff856582d0509734a7ec9,Eukaryota,Archaeplastida_Chlorophyta_Chlorophyta_X,Chlorophyceae,Chlamydomonadales,Chlamydomonadales_X,Eudorina,Eudorina_unicocca
e97b4e5f50592b3a94f49b41bc35a610,Eukaryota,TSAR_Alveolata_Apicomplexa,Gregarinomorphea,Eugregarinorida,Paralecudinids,Paralecudina,Paralecudina_sp.
ea0ec0a6bdd15ec197ae845fbcd962b9,Eukaryota,Obazoa_Opisthokonta_Fungi,Ascomycota,Pezizomycotina,Leotiomycetes,,
eb2dd556a8d5b9a6b040f18b3812582d,Eukaryota,Obazoa_Opisthokonta_Fungi,Basidiomycota,Agaricomycotina,Agaricomycetes,,
f1edf2027e5cc8d112e55e1efc8575df,Eukaryota,TSAR_Stramenopiles_Bigyra,Sagenista,Pseudophyllomitidae,Pseudophyllomitidae_X,Pseudophyllomitus,Pseudophyllomitus_sp.
f315247d0a7bb0d0b727dce18f71c172,Eukaryota,Obazoa_Opisthokonta_Fungi,Basidiomycota,Ustilaginomycotina,Ustilaginomycetes,,
f9597890d2718e5244336a341c498749,Eukaryota,TSAR_Rhizaria_Cercozoa,Filosa-Sarcomonadea,Glissomonadida,,,
fa9f608d95cca6ff9fa49a3c1d0a921c,Eukaryota,TSAR_Stramenopiles_Gyrista,Bacillariophyceae,Surirellales,Surirellaceae,Surirella,Surirella_sp.
01074bc39377c2fa354a526c8131f814,Eukaryota,Obazoa_Opisthokonta_Fungi,Ascomycota,Pezizomycotina,Pezizomycetes,Cephaliophora,
053ee8ceaad20ff0548829649ecfc9aa,Eukaryota,Obazoa_Opisthokonta_Fungi,Basidiomycota,Pucciniomycotina,Cystobasidiomycetes,,
07502c99012f6598ee30f966434d1ffe,Eukaryota,Archaeplastida_Chlorophyta_Chlorophyta_X,Chlorophyceae,Chlamydomonadales,Chlamydomonadales_X,Gungnir,Gungnir_neglectum
0b4b5aed4bd75caac3ca79d4af07ba61,Eukaryota,Archaeplastida_Chlorophyta_Chlorophyta_X,Chloropicophyceae,Chloropicales,Chloropicaceae,Chloropicon,Chloropicon_maureeniae
0b87b2df7a6f4d6c775e95b6fea75997,Eukaryota,Obazoa_Apusomonada_Apusomonada_X,Apusomonadidae,Apusomonadidae_Group-1,Apusomonadidae_Group-1_X,Amastigomonas,Amastigomonas_sp.
0ce214a8864e0d7ae33964805e6c81d0,Eukaryota,Archaeplastida_Chlorophyta_Chlorophyta_X,Chloropicophyceae,Chloropicales,Chloropicaceae,Chloropicon,Chloropicon_sp.
0e1ec95359a26a759d84808c3d3cbc12,Eukaryota,Archaeplastida_Chlorophyta_Chlorophyta_X,Chlorophyceae,Sphaeropleales,Sphaeropleales_X,Pseudomuriella,
17cfc6ada921d4c567cde804ac72329f,Eukaryota,Amoebozoa_Discosea_Discosea_X,Flabellinia,Vannellida,Vannellidae,Vannella,Vannella_sp.
196dcffcf9682860cffcf2538ba74c90,Eukaryota,TSAR_Alveolata_Apicomplexa,Gregarinomorphea,Gregarinomorphea_X,Gregarinomorphea_XX,Selenidium1,Selenidium1_sp.
1c826f8ff8ab5837bb85d12c9b2f932f,Eukaryota,TSAR_Rhizaria_Cercozoa,Filosa-Imbricatea,Thaumatomonadida,Thaumatomonadidae,Reckertia,Reckertia_filosa
1f7388b54da664536058672375fd36b3,Eukaryota,TSAR_Rhizaria_Cercozoa,Endomyxa,Vampyrellida,Vampyrellida_X,Vampyrellida_clade_B,Vampyrellida_sp.
27cc1d595093ba6c69286d29ebf7d9fa,Eukaryota,TSAR_Stramenopiles_Gyrista,Pirsoniales,Pirsoniales_X,Pirsoniales_XX,Pirsonia,Pirsonia_sp.
2937ba986ea2395ee898d6082e52c77f,Eukaryota,Obazoa_Opisthokonta_Fungi,Basidiomycota,Ustilaginomycotina,Exobasidiomycetes,Exobasidiomycetes_X,Exobasidiomycetes_X_sp.
2a51242bfcb07d9661020e049541bf2d,Eukaryota,TSAR_Stramenopiles_Gyrista,Peronosporomycetes,Peronosporomycetes_X,Haliphthorales,Halocrusticida,Halocrusticida_baliensis
305298e4f4e063ea9a5b687bf1799288,Eukaryota,TSAR_Rhizaria_Cercozoa,Filosa-Thecofilosea,Cryomonadida,Protaspa-lineage,Protaspa-lineage_X,Protaspa-lineage_X_sp.
3099cd676228ff384898d54e600a9b56,Eukaryota,Obazoa_Opisthokonta_Fungi,Basidiomycota,Agaricomycotina,Agaricomycetes,Crepidotus,
4939442af4649d1c73d9c6a1df78e483,Eukaryota,Obazoa_Opisthokonta_Rotosphaerida,Nucleariidea,Nucleariida,Nucleariida_X,Nuclearia,Nuclearia_leuckarti
49fe3c200e9df98d25fa0684862a31f2,Eukaryota,TSAR_Rhizaria_Cercozoa,Phaeodarea,Phaeocystida,Aulacanthidae,Aulacantha,Aulacantha_scolymantha
4b5a325381c3a3dbd43aae5b98d95ae8,Eukaryota,TSAR_Rhizaria_Cercozoa,Filosa-Thecofilosea,Ventricleftida,Ventricleftida_X,Ventricleftida_XX,Ventricleftida_XX_sp.
4c47aaad3445171ae97a8b2fc87a79bf,Eukaryota,TSAR_Alveolata_Ciliophora,Oligohymenophorea,Scuticociliatia_2,Pleuronematida,,
4ec682650c0c02d93fe72756cde9a84c,Eukaryota,Archaeplastida_Rhodophyta_Eurhodophytina,Florideophyceae,Rhodymeniales,Rhodymeniales_X,,
5b76692d2e0ac2be4537b753911de325,Eukaryota,Obazoa_Opisthokonta_Fungi,Basidiomycota,Pucciniomycotina,Pucciniomycetes,,
6094cfcc768a310211305bb7871f5a5d,Eukaryota,TSAR_Rhizaria_Cercozoa,Filosa-Imbricatea,Marimonadida,Marimonadida_X,Marimonadida_XX,Marimonadida_XX_sp.
617d33d8eb47bade2cefbd221141dd77,Eukaryota,Obazoa_Opisthokonta_Fungi,Ascomycota,Taphrinomycotina,Taphrinomycetes,Protomyces,
63ccb8cbf83d3dfd6e18fd9daf105f07,Eukaryota,TSAR_Rhizaria_Foraminifera,Monothalamids,Monothalamids_X,Monothalamids_XX,Astrorhiza,Astrorhiza_limicola
65f1fddcca87b7406738d93233a5965c,Eukaryota,Obazoa_Opisthokonta_Fungi,Ascomycota,Saccharomycotina,Saccharomycetales,Candida,
69430f289d1232b306fb7ee6e10902f2,Eukaryota,TSAR_Stramenopiles_Gyrista,Peronosporomycetes,Peronosporomycetes_X,Peronosporales,Phytophthora,Phytophthora_nicotianae
744a39e3173b94071fb4f0b825ec328e,Eukaryota,Cryptista_Cryptophyta_Cryptophyta_X,Cryptophyceae,Goniomonadales,Goniomonadales_X,Goniomonas,Goniomonas_sp.
76438074f0d53426fc950a6a12aeb6d1,Eukaryota,TSAR_Rhizaria_Radiolaria,Polycystinea,Nassellaria,Collophidiidae,Collophidium,
7f0baa6f66c884371cf54dcbe44c693a,Eukaryota,Amoebozoa_Evosea_Eumycetozoa,Myxogastria_Fuscisporidia,Stemonitida,Stemonitidae,Lamproderma,Lamproderma_scintillans
7f89cdeee790475e8ce52acdb0588300,Eukaryota,TSAR_Rhizaria_Cercozoa,Filosa-Granofilosea,Massiterida,Massiteriidae,Massisteria,
8377662680703fcc7bd63b35fd698c57,Eukaryota,Obazoa_Opisthokonta_Fungi,Ascomycota,Saccharomycotina,Saccharomycetales,Candida,
8755cba747da140a7e23bb8510865da2,Eukaryota,Archaeplastida_Rhodophyta_Rhodophyta_X,Bangiophyceae,Cyanidiales,Cyanidiales_X,Cyanidiales_XX,Cyanidiales_XX_sp.
93355ccb947d524b341d520ab4bc20da,Eukaryota,Excavata_Discoba_Euglenozoa,Euglenophyceae,Rapazida,Rapazidae,Rapaza,Rapaza_viridis
97522bcf10763c1d135755f33c0a3ad7,Eukaryota,Archaeplastida_Chlorophyta_Chlorophyta_X,Chlorophyceae,Chlamydomonadales,Coccomyxaceae,Coccomyxa,Coccomyxa_sp.
980b4f34bc783dc6fdc5c5c500189a43,Eukaryota,Obazoa_Opisthokonta_,,,,,
9e729c542136a985b297d63fbec358fc,Eukaryota,Obazoa_Opisthokonta_Fungi,Basidiomycota,Agaricomycotina,Agaricomycetes,Tulasnella,Tulasnella_asymmetrica
a5e6d80d6c991dd74912c775ae7b0f65,Eukaryota,TSAR_Rhizaria_Cercozoa,Filosa-Thecofilosea,Ebriacea,TAGIRI1-lineage,TAGIRI1-lineage_X,TAGIRI1-lineage_X_sp.
a6eabe9ff8af9099aa530e45582686cd,Eukaryota,Archaeplastida_Chlorophyta_Chlorophyta_X,Trebouxiophyceae,Microthamniales,Microthamniales_X,Asterochloris,
ad09087745713be28fec97f96e089a44,Eukaryota,Archaeplastida_Rhodophyta_Eurhodophytina,Florideophyceae,Ceramiales,Rhodomelaceae,Chondria,Chondria_sp.
ba83474b6a18a00075254af0774f270c,Eukaryota,TSAR_Rhizaria_Cercozoa,Filosa-Granofilosea,Limnofilida,Limnofilidae,Limnofilidae_X,Limnofilidae_X_sp.
ba99174300dfbb1885b88e231244451d,Eukaryota,TSAR_Rhizaria_Foraminifera,Monothalamids,Monothalamids_Clade-BM,Bathysiphonidae,Micrometula,Micrometula_hyalostriata
d0b7c1ca466574c2aec3101aa68695ac,Eukaryota,Archaeplastida_Chlorophyta_Chlorophyta_X,Prasino-Clade-9,Prasino-Clade-9_X,Prasino-Clade-9_XX,Prasino-Clade-9_XXX,Prasino-Clade-9_XXX_sp.
d0e21f558afc271fae811d74ff5f1587,Eukaryota,TSAR_Alveolata_Apicomplexa,Gregarinomorphea,Gregarinomorphea_X,Gregarinomorphea_XX,Selenidium,Selenidium_elongatum
d247a4225059afcaac905d11d1e9e1f4,Eukaryota,Amoebozoa_Discosea_Discosea_X,Flabellinia,Dactylopodida,Paramoebidae,Pseudoparamoeba,Pseudoparamoeba_pagei
d85df1a00925388e162f0461e42aae10,Eukaryota,Amoebozoa_Evosea_Evosea_X,Variosea,Variosea_X,Filamoebidae,Filamoeba,Filamoeba_sp.
de1a8b66a10f28564f3cd55e69da2d17,Eukaryota,TSAR_Rhizaria_Cercozoa,Filosa-Thecofilosea,Cryomonadida,Protaspa-lineage,Protaspa-lineage_X,Protaspa-lineage_X_sp.
e56ec213c13cab8bb963633ce0deee3e,Eukaryota,Obazoa_Opisthokonta_Fungi,Basidiomycota,Pucciniomycotina,Pucciniomycetes,,
eeb80d96cf40a8b34b7af679f15eea3b,Eukaryota,TSAR_Rhizaria_Cercozoa,Chlorarachniophyceae,Chlorarachnida,Chlorarachnida_X,Chlorarachnida_XX,Chlorarachnida_XX_sp.
ef5b4f1e22efa65159981b7ce0425977,Eukaryota,TSAR_Rhizaria_Cercozoa,Cercozoa_X,Cercozoa_XX,Cercozoa_XXX,Cercozoa_XXXX,Cercozoa_XXXX_sp.
effc1520ef980444b6a7f46d5589aa3a,Eukaryota,Obazoa_Opisthokonta_Fungi,Basidiomycota,Ustilaginomycotina,Exobasidiomycetes,Tilletiopsis,Tilletiopsis_minor
f0379b866a0f7fda88f4a186e088bed3,Eukaryota,TSAR_Stramenopiles_Gyrista,Peronosporomycetes,Peronosporomycetes_X,Atkinsiellales,Atkinsiella,Atkinsiella_dubia
fb02f4b2808ddea848cf26b64a832d9d,Eukaryota,Archaeplastida_Rhodophyta_Rhodophyta_X,Bangiophyceae,Cyanidiales,Cyanidiales_X,Cyanidiales_XX,Cyanidiales_XX_sp.
fc6b4b1a8ee509fb2ee508d66d71fe48,Eukaryota,TSAR_Alveolata_Dinoflagellata,Dinophyceae,Peridiniales,Thoracosphaeraceae,Pfiesteria,Pfiesteria_piscicida
01a12b013d234d6f4b0d867bef83900c,Eukaryota,TSAR_Stramenopiles_Gyrista,Peronosporomycetes,Peronosporomycetes_X,Peronosporales,Phytophthora,Phytophthora_kernoviae
01fc039e8a93f23c2c55c5953494cf3e,Eukaryota,TSAR_Rhizaria_Cercozoa,Phaeodarea,Phaeodendrida,Coelodendridae,Coelodendrum,Coelodendrum_furcatissimum
038b060d4a6e1da15126d422df0fc366,Eukaryota,Excavata_Discoba_Discoba_X,Heterolobosea,Acrasida,Acrasidae,Allovahlkampfia,Allovahlkampfia_sp.
04a79c8c074836dc631bb9dfce327f3b,Eukaryota,TSAR_Rhizaria_Foraminifera,Globothalamea,Rotaliida,Globigerinidae,Orbulina,Orbulina_universa
0853905e10261050feee3f325148e589,Eukaryota,Obazoa_Opisthokonta_Fungi,Ascomycota,Saccharomycotina,Saccharomycetales,Starmerella,Starmerella_bombicola
0880e5356df5adb9da17b9a6f50d5d45,Eukaryota,Amoebozoa_Evosea_Evosea_X,Variosea,Protosteliida,Protosteliida_X,Protostelium,
0990609f8e0e942f8ae40e201674c3a4,Eukaryota,Obazoa_Opisthokonta_Fungi,Basidiomycota,Pucciniomycotina,Pucciniomycetes,Pileolaria,Pileolaria_toxicodendri
0a908294b1ed1c0ab451bd950a421398,Eukaryota,Archaeplastida_Prasinodermophyta_Prasinodermophyta_X,Prasinodermophyceae,Prasinodermales,Prasinodermaceae,Prasinodermaceae_X,Prasinodermaceae_X_sp.
0e3ea4ddfe66a69df9467136da57fe11,Eukaryota,TSAR_Rhizaria_Cercozoa,Filosa-Sarcomonadea,Glissomonadida,Sandonidae,,
15d66a0f5dc9aa7c46f0232bf5d49942,Eukaryota,Archaeplastida_Chlorophyta_Chlorophyta_X,Ulvophyceae,Ulvales-relatives,Ulvales-relatives_X,Ulva,Ulva_sp.
1b7e226a96b5ba8cbd5929a8f7f1b678,Eukaryota,Archaeplastida_Rhodophyta_Rhodophyta_X,Bangiophyceae,Bangiophyceae_X,Bangiophyceae_XX,Dixoniella,Dixoniella_grisea
27f43f681ab145ca70b32ff4a196c461,Eukaryota,TSAR_Alveolata_Dinoflagellata,Dinophyceae,Dinophyceae_X,Dinophyceae_XX,Dinophyceae_XXX,Dinophyceae_XXX_sp.
3e696e5d50ed4c23960b25d0bd97b7aa,Eukaryota,Amoebozoa_Evosea_Eumycetozoa,Myxogastria_Fuscisporidia,Stemonitida,Stemonitidae,Lamproderma,Lamproderma_scintillans
428fda3fd645de272b85c3d3a71b3fa4,Eukaryota,TSAR_Rhizaria_Radiolaria,Polycystinea,Nassellaria,Collosphaeridae,Collosphaera,Collosphaera_tuberosa
5296f6a217f253f12fab837922070021,Eukaryota,Archaeplastida_Rhodophyta_Eurhodophytina,Florideophyceae,Gigartinales,Gigartinales_X,,
5737818b92ce1fd9af58fb80ab10df64,Eukaryota,Excavata_Discoba_Euglenozoa,Kinetoplastea,Neobodonida,Neobodonidae,Neobodo,Neobodo_sp.
6850a6f90d76499b2e13627ea8b4cb71,Eukaryota,Amoebozoa_Evosea_Evosea_X,Variosea,Protosteliida,Protosteliida_X,Protostelium,Protostelium_mycophagum
703106f81cb41852d25d4aa2f795e855,Eukaryota,Obazoa_Opisthokonta_Fungi,Basidiomycota,Agaricomycotina,Agaricomycetes,Tulasnella,Tulasnella_violea
705bf67bdb54bdaaa94e3c5ee2bdcf00,Eukaryota,Amoebozoa_Discosea_Discosea_X,Flabellinia,Dactylopodida,Vexilliferidae,Vexillifera,Vexillifera_sp.
740b05e865aeb8e1273ed24019f5a48c,Eukaryota,Obazoa_Opisthokonta_Fungi,Ascomycota,Saccharomycotina,Saccharomycetales,Candida,
866c036dcd5023cb5bd11d16ce472e48,Eukaryota,TSAR_Rhizaria_Foraminifera,Monothalamids,Monothalamids_X,Monothalamids_XX,Astrorhiza,Astrorhiza_limicola
8865ec93ebbe646b18fd0b8c6a0aab1c,Eukaryota,TSAR_Stramenopiles_Gyrista,Pirsoniales,Pirsoniales_X,Pirsoniales_XX,Pirsonia,Pirsonia_formosa
891156af39f8b8f9733133b00a503944,Eukaryota,Excavata_Discoba_Euglenozoa,Diplonemea,Diplonemida,Hemistasiidae,Hemistasia,Hemistasia_sp.
8baaadb80c94a418f0d63aa0205c0489,Eukaryota,TSAR_Stramenopiles_Gyrista,Eustigmatophyceae,Eustigmatophyceae_X,Eustigmatophyceae_XX,,
8ff6d9d29205176eab5490a0f783f553,Eukaryota,Archaeplastida_Rhodophyta_Eurhodophytina,Florideophyceae,Ceramiales,Ceramiaceae,Ceramium,Ceramium_virgatum
901010e1caa026383848b31e5347c6ec,Eukaryota,Obazoa_Opisthokonta_Fungi,Mucoromycota,Mucoromycotina,Mucoromycotina_X,,
9be261d2e192356b07a74578346143de,Eukaryota,Obazoa_Opisthokonta_Fungi,Chytridiomycota,Rhizophydiales,Rhizophydiales_X,Rhizophydiales_XX,Rhizophydiales_XX_sp.
9da7994c22a05c508b421724610adc6d,Eukaryota,TSAR_Rhizaria_Foraminifera,Globothalamea,Rotaliida,Globigerinidae,Globigerinoides,Globigerinoides_elongatus
a2a4680279de45b1e8f861a5dcd5af22,Eukaryota,Archaeplastida_Chlorophyta_Chlorophyta_X,Chlorophyceae,Chlamydomonadales,Chlamydomonadales_X,Chlorosarcinopsis,Chlorosarcinopsis_sp.
a93478a1957fe3ae4fb1bb341cbced0e,Eukaryota,TSAR_Stramenopiles_Gyrista,MOCH-2,MOCH-2_X,MOCH-2_XX,MOCH-2_XXX,MOCH-2_XXX_sp.
af2af75c09e60e3ffd02ca2066e8c7f6,Eukaryota,TSAR_Rhizaria_Radiolaria,RAD-B,RAD-B_X,RAD-B_X_Group-IVd,RAD-B_X_Group-IVd_X,RAD-B_X_Group-IVd_X_sp.
b91eae7d5958af5b4c9b90e5c0e4b89c,Eukaryota,TSAR_Alveolata_Ciliophora,Oligohymenophorea,Apostomatia,Apostomatia_X,Apostomatia_XX,Apostomatia_XX_sp.
b98be869e6901fdea8a59970e2cfc9d8,Eukaryota,TSAR_Rhizaria_Cercozoa,Phaeodarea,Phaeosphaerida,Sagosphaeridae,Sagoscena,Sagoscena_sp.
ba6e4b10528c5833a06098f2b0a4deec,Eukaryota,Excavata_Metamonada_Fornicata,Carpediemonadea,Carpediemonadida,Carpediemonadidae,,
bd2a1855f11081b664f7f576931eeb52,Eukaryota,TSAR_Rhizaria_Cercozoa,Filosa-Imbricatea,Filosa-Imbricatea_X,Novel-clade-2,Novel-clade-2_X,Novel-clade-2_X_sp.
bd4c23367998a94d1aad017d8dae85ea,Eukaryota,TSAR_Stramenopiles_Bigyra,Sagenista,Labyrinthulomycetes,Amphifilaceae,Amphifilaceae_X,Amphifilaceae_X_sp.
c0b49dbe34e8da3f097ef16a97462a51,Eukaryota,TSAR_Rhizaria_Cercozoa,Endomyxa,Vampyrellida,Vampyrellida_X,Vampyrellida_clade_B,Vampyrellida_sp.
c1db3b19de74d54305adb6e678644972,Eukaryota,Obazoa_Opisthokonta_Fungi,Basidiomycota,Agaricomycotina,Agaricomycetes,Tulasnella,Tulasnella_violea
c26f06fcc82b9ca0d925056a986bf7ef,Eukaryota,Archaeplastida_Chlorophyta_Chlorophyta_X,Chlorophyceae,Chlamydomonadales,Chlamydomonadales_X,Chlorococcum,
c4f876f6e4493d09e8b1f2c403f5c514,Eukaryota,TSAR_Stramenopiles_Gyrista,Chrysophyceae,Ochromonadales,Ochromonadales_clade-XII,Ochromonadales_clade-XII_X,Ochromonadales_clade-XII_X_sp.
c5c5557601712430690fb29259960ae9,Eukaryota,TSAR_Rhizaria_Cercozoa,Filosa-Imbricatea,Filosa-Imbricatea_X,Novel-clade-2,Novel-clade-2_X,Novel-clade-2_X_sp.
ceb10c5d4dc9361eb06e40af886ebc1b,Eukaryota,Obazoa_Opisthokonta_Fungi,Ascomycota,Saccharomycotina,Saccharomycetales,Saccharomyces,
cf7321a8be51892f443a43662a8bf78f,Eukaryota,TSAR_Rhizaria_Cercozoa,Filosa-Granofilosea,Limnofilida,Limnofilidae,Limnofilidae_X,Limnofilidae_X_sp.
d2479345a2cacf7f40963e6b72d4f8ba,Eukaryota,Obazoa_Opisthokonta_Fungi,Mucoromycota,Mucoromycotina,Mucorales,Lichtheimia,Lichtheimia_corymbifera
e08779572929839f53762a36e807aadf,Eukaryota,TSAR_Alveolata_Dinoflagellata,Syndiniales,Dino-Group-II,Dino-Group-II-Clade-7,Dino-Group-II-Clade-7_X,Dino-Group-II-Clade-7_X_sp.
e2f2a768893023b02e3139c8e7a4d687,Eukaryota,Archaeplastida_Chlorophyta_Chlorophyta_X,Chlorophyceae,Chlamydomonadales,Chlamydomonadales_X,Chlamydomonas,Chlamydomonas_sp.
e3a42ce36fa7a0e96b9be41fbe058b5a,Eukaryota,Archaeplastida_Chlorophyta_Chlorophyta_X,Ulvophyceae,Ulvales-relatives,Ulvales-relatives_X,Halochlorococcum,Halochlorococcum_sp.
ea2d7a62ce16c86bb96ccfff32ea5217,Eukaryota,Obazoa_Breviatea_Breviatea_X,Breviatea_XX,Breviatea_XXX,Subulatomonas-lineage,Subulatomonas,Subulatomonas_tetraspora
ee357a2eadbcc032a0773976ad7ad5a0,Eukaryota:mito,Cryptista:mito_Cryptophyta:mito_Cryptophyta_X:mito,Cryptophyceae:mito,Pyrenomonadales:mito,Pyrenomonadaceae:mito,Rhodomonas:mito,Rhodomonas_salina:mito
f2b79d8db6b7ee279e934f220cab12f5,Eukaryota,TSAR_Rhizaria_Cercozoa,Filosa-Imbricatea,Marimonadida,Marimonadida_X,Marimonadida_XX,Marimonadida_XX_sp.
fcb6d925f3de36ee4bcf99ca907f3dcc,Eukaryota,Amoebozoa_Tubulinea_Tubulinea_X,Echinamoebida,Echinamoebida_X,Echinamoebidae,Echinamoeba,Echinamoeba_sp.
fe78d9a704abb1c04c4460862a0e1865,Eukaryota,Obazoa_Opisthokonta_Fungi,Ascomycota,Saccharomycotina,Stephanoascales,Zygoascus,Zygoascus_hellenicus
